PRT1
1084
3150
4 0 8 (15744 7168 896 ) (15360 7168 896 ) (15360 7168 0 ) (15744 7168 0 ) 
4 0 1 (15360 7168 0 ) (15360 7168 896 ) (15360 7680 896 ) (15360 7680 0 ) 
4 1 10 (15360 7168 0 ) (15360 7168 1024 ) (14336 7168 1024 ) (14336 7168 0 ) 
4 1 5 (14336 7168 0 ) (14336 7168 1024 ) (14336 7680 1024 ) (14336 7680 0 ) 
4 2 5 (14336 8192 0 ) (14336 8192 1024 ) (13824 8192 1024 ) (13824 8192 0 ) 
4 2 3 (13824 8704 1024 ) (13824 8704 0 ) (13824 8192 0 ) (13824 8192 1024 ) 
4 3 6 (13824 8192 -512 ) (13824 8192 1024 ) (13312 8192 1024 ) (13312 8192 -512 ) 
4 3 4 (13312 8192 -512 ) (13312 8192 1024 ) (13312 8704 1024 ) (13312 8704 -512 ) 
4 4 33 (12288 8192 -512 ) (12288 8192 1024 ) (12288 8704 1024 ) (12288 8704 -512 ) 
4 4 7 (13312 8192 -512 ) (13312 8192 1024 ) (12288 8192 1024 ) (12288 8192 -512 ) 
4 5 12 (14336 7168 0 ) (14336 7168 1024 ) (13824 7168 1024 ) (13824 7168 0 ) 
4 5 6 (13824 7168 0 ) (13824 7168 1024 ) (13824 8192 1024 ) (13824 8192 0 ) 
4 6 13 (13824 7168 -512 ) (13824 7168 1024 ) (13312 7168 1024 ) (13312 7168 -512 ) 
4 6 7 (13312 8192 1024 ) (13312 8192 -512 ) (13312 7168 -512 ) (13312 7168 1024 ) 
4 7 35 (12288 7168 -512 ) (12288 7168 1024 ) (12288 8192 1024 ) (12288 8192 -512 ) 
4 7 14 (13312 7168 -512 ) (13312 7168 1024 ) (12288 7168 1024 ) (12288 7168 -512 ) 
4 8 10 (15360 6144 0 ) (15360 6144 896 ) (15360 7168 896 ) (15360 7168 0 ) 
4 8 9 (15744 6144 896 ) (15360 6144 896 ) (15360 6144 0 ) (15744 6144 0 ) 
4 9 18 (15744 5120 896 ) (15360 5120 896 ) (15360 5120 0 ) (15744 5120 0 ) 
4 9 11 (15360 5120 0 ) (15360 5120 896 ) (15360 6144 896 ) (15360 6144 0 ) 
4 10 12 (14336 7168 1024 ) (14336 7168 0 ) (14336 6144 0 ) (14336 6144 1024 ) 
4 10 11 (15360 6144 0 ) (15360 6144 1024 ) (14336 6144 1024 ) (14336 6144 0 ) 
4 11 21 (15360 5120 0 ) (15360 5120 1024 ) (14336 5120 1024 ) (14336 5120 0 ) 
4 11 15 (14336 5120 0 ) (14336 5120 1024 ) (14336 6144 1024 ) (14336 6144 0 ) 
4 12 15 (14336 6144 0 ) (14336 6144 1024 ) (13824 6144 1024 ) (13824 6144 0 ) 
4 12 13 (13824 6144 0 ) (13824 6144 1024 ) (13824 7168 1024 ) (13824 7168 0 ) 
4 13 16 (13824 6144 -512 ) (13824 6144 1024 ) (13312 6144 1024 ) (13312 6144 -512 ) 
4 13 14 (13312 7168 1024 ) (13312 7168 -512 ) (13312 6144 -512 ) (13312 6144 1024 ) 
4 14 37 (12288 6144 -512 ) (12288 6144 1024 ) (12288 7168 1024 ) (12288 7168 -512 ) 
4 14 17 (13312 6144 -512 ) (13312 6144 1024 ) (12288 6144 1024 ) (12288 6144 -512 ) 
4 15 22 (14336 5120 0 ) (14336 5120 1024 ) (13824 5120 1024 ) (13824 5120 0 ) 
4 15 16 (13824 5120 0 ) (13824 5120 1024 ) (13824 6144 1024 ) (13824 6144 0 ) 
4 16 23 (13824 5120 -512 ) (13824 5120 1024 ) (13312 5120 1024 ) (13312 5120 -512 ) 
4 16 17 (13312 6144 1024 ) (13312 6144 -512 ) (13312 5120 -512 ) (13312 5120 1024 ) 
4 17 39 (12288 5120 -512 ) (12288 5120 1024 ) (12288 6144 1024 ) (12288 6144 -512 ) 
4 17 24 (12288 5120 1024 ) (12288 5120 -512 ) (13312 5120 -512 ) (13312 5120 1024 ) 
4 18 21 (15360 5120 896 ) (15360 5120 0 ) (15360 4096 0 ) (15360 4096 896 ) 
4 18 19 (15744 4096 896 ) (15360 4096 896 ) (15360 4096 0 ) (15744 4096 0 ) 
4 19 25 (15360 3072 0 ) (15360 3072 896 ) (15360 4096 896 ) (15360 4096 0 ) 
4 19 20 (15360 3072 896 ) (15360 3072 0 ) (15744 3072 0 ) (15744 3072 896 ) 
4 20 497 (15744 2048 896 ) (15360 2048 896 ) (15360 2048 0 ) (15744 2048 0 ) 
4 20 26 (15360 2048 0 ) (15360 2048 896 ) (15360 3072 896 ) (15360 3072 0 ) 
4 21 25 (15360 4096 0 ) (15360 4096 1024 ) (14336 4096 1024 ) (14336 4096 0 ) 
4 21 22 (14336 5120 1024 ) (14336 5120 0 ) (14336 4096 0 ) (14336 4096 1024 ) 
4 22 27 (14336 4096 0 ) (14336 4096 1024 ) (13824 4096 1024 ) (13824 4096 0 ) 
4 22 23 (13824 4096 0 ) (13824 4096 1024 ) (13824 5120 1024 ) (13824 5120 0 ) 
4 23 28 (13824 4096 -512 ) (13824 4096 1024 ) (13312 4096 1024 ) (13312 4096 -512 ) 
4 23 24 (13312 4096 -512 ) (13312 4096 1024 ) (13312 5120 1024 ) (13312 5120 -512 ) 
4 24 45 (12288 4096 -512 ) (12288 4096 -352 ) (12288 5120 -352 ) (12288 5120 -512 ) 
4 24 44 (12288 4096 -352 ) (12288 4096 1024 ) (12288 5120 1024 ) (12288 5120 -352 ) 
4 24 29 (12288 4096 1024 ) (12288 4096 -512 ) (13312 4096 -512 ) (13312 4096 1024 ) 
4 25 27 (14336 4096 1024 ) (14336 4096 0 ) (14336 3072 0 ) (14336 3072 1024 ) 
4 25 26 (15360 3072 0 ) (15360 3072 1024 ) (14336 3072 1024 ) (14336 3072 0 ) 
4 26 499 (15360 2048 0 ) (15360 2048 1024 ) (14336 2048 1024 ) (14336 2048 0 ) 
4 26 30 (14336 2048 0 ) (14336 2048 1024 ) (14336 3072 1024 ) (14336 3072 0 ) 
4 27 30 (14336 3072 0 ) (14336 3072 1024 ) (13824 3072 1024 ) (13824 3072 0 ) 
4 27 28 (13824 3072 0 ) (13824 3072 1024 ) (13824 4096 1024 ) (13824 4096 0 ) 
4 28 31 (13824 3072 -512 ) (13824 3072 1024 ) (13312 3072 1024 ) (13312 3072 -512 ) 
4 28 29 (13312 4096 1024 ) (13312 4096 -512 ) (13312 3072 -512 ) (13312 3072 1024 ) 
4 29 52 (12288 3072 -352 ) (12288 3072 1024 ) (12288 4096 1024 ) (12288 4096 -352 ) 
4 29 53 (12288 3072 -512 ) (12288 3072 -352 ) (12288 4096 -352 ) (12288 4096 -512 ) 
4 29 32 (12288 3072 1024 ) (12288 3072 -512 ) (13312 3072 -512 ) (13312 3072 1024 ) 
4 30 501 (14336 2048 0 ) (14336 2048 1024 ) (13824 2048 1024 ) (13824 2048 0 ) 
4 30 31 (13824 2048 0 ) (13824 2048 1024 ) (13824 3072 1024 ) (13824 3072 0 ) 
4 31 502 (13824 2048 -512 ) (13824 2048 1024 ) (13312 2048 1024 ) (13312 2048 -512 ) 
4 31 32 (13312 3072 1024 ) (13312 3072 -512 ) (13312 2048 -512 ) (13312 2048 1024 ) 
4 32 503 (13312 2048 -512 ) (13312 2048 1024 ) (12288 2048 1024 ) (12288 2048 -512 ) 
4 32 71 (12288 2048 -512 ) (12288 2048 -352 ) (12288 3072 -352 ) (12288 3072 -512 ) 
4 32 70 (12288 2048 -352 ) (12288 2048 -256 ) (12288 3072 -256 ) (12288 3072 -352 ) 
4 32 68 (12288 2048 -128 ) (12288 2048 1024 ) (12288 3072 1024 ) (12288 3072 -128 ) 
4 32 69 (12288 2048 -256 ) (12288 2048 -128 ) (12288 3072 -128 ) (12288 3072 -256 ) 
4 33 35 (12288 8192 -512 ) (12288 8192 1024 ) (11264 8192 1024 ) (11264 8192 -512 ) 
4 33 34 (11264 8192 -512 ) (11264 8192 1024 ) (11264 8704 1024 ) (11264 8704 -512 ) 
4 34 36 (10240 8192 1024 ) (10240 8192 -512 ) (11264 8192 -512 ) (11264 8192 1024 ) 
4 35 37 (12288 7168 -512 ) (12288 7168 1024 ) (11264 7168 1024 ) (11264 7168 -512 ) 
4 35 36 (11264 8192 1024 ) (11264 8192 -512 ) (11264 7168 -512 ) (11264 7168 1024 ) 
4 36 38 (11264 7168 -512 ) (11264 7168 1024 ) (10240 7168 1024 ) (10240 7168 -512 ) 
4 37 39 (12288 6144 -512 ) (12288 6144 1024 ) (11264 6144 1024 ) (11264 6144 -512 ) 
4 37 38 (11264 6144 -512 ) (11264 6144 1024 ) (11264 7168 1024 ) (11264 7168 -512 ) 
4 38 40 (11264 6144 -512 ) (11264 6144 1024 ) (10240 6144 1024 ) (10240 6144 -512 ) 
4 39 45 (12288 5120 -512 ) (12288 5120 -352 ) (11264 5120 -352 ) (11264 5120 -512 ) 
4 39 44 (12288 5120 -352 ) (12288 5120 1024 ) (11264 5120 1024 ) (11264 5120 -352 ) 
4 39 40 (11264 6144 1024 ) (11264 6144 -512 ) (11264 5120 -512 ) (11264 5120 1024 ) 
4 40 50 (10412 5120 1024 ) (10240 5120 1024 ) (10240 5120 -512 ) (10412 5120 -512 ) 
4 40 47 (10752 5120 1024 ) (10412 5120 1024 ) (10412 5120 -512 ) (10752 5120 -512 ) 
4 40 46 (11264 5120 -512 ) (11264 5120 1024 ) (10752 5120 1024 ) (10752 5120 -512 ) 
4 40 41 (10240 5120 -116 ) (10240 5120 1024 ) (10240 5648 1024 ) (10240 5648 -116 ) 
4 41 148 (10240 5120 -116 ) (10240 5120 1024 ) (9216 5120 1024 ) (9216 5120 -116 ) 
4 41 42 (9216 5120 -116 ) (9216 5120 896 ) (9216 5644 896 ) (9216 5644 -116 ) 
4 42 157 (9216 5120 -116 ) (9216 5120 896 ) (8192 5120 896 ) (8192 5120 -116 ) 
4 42 43 (8192 5120 -116 ) (8192 5120 896 ) (8192 5644 896 ) (8192 5644 -116 ) 
4 43 940 (7168 5120 -116 ) (7168 5120 896 ) (7168 5644 896 ) (7168 5644 -116 ) 
4 43 164 (7168 5120 896 ) (7168 5120 -116 ) (8192 5120 -116 ) (8192 5120 896 ) 
4 44 52 (12288 4096 -352 ) (12288 4096 1024 ) (11264 4096 1024 ) (11264 4096 -352 ) 
4 44 46 (11264 5120 1024 ) (11264 5120 -352 ) (11264 4096 -352 ) (11264 4096 1024 ) 
4 44 45 (12288 4096 -352 ) (11264 4096 -352 ) (11264 5120 -352 ) (12288 5120 -352 ) 
4 45 53 (12288 4096 -512 ) (12288 4096 -352 ) (11264 4096 -352 ) (11264 4096 -512 ) 
4 45 46 (11264 5120 -352 ) (11264 5120 -512 ) (11264 4096 -512 ) (11264 4096 -352 ) 
4 46 60 (11264 4096 -512 ) (11264 4096 -352 ) (10752 4096 -352 ) (10752 4096 -512 ) 
4 46 55 (11008 4096 1024 ) (11004 4096 1024 ) (11004 4096 -256 ) (11008 4096 -256 ) 
4 46 54 (11264 4096 -256 ) (11264 4096 1024 ) (11008 4096 1024 ) (11008 4096 -256 ) 
4 46 58 (11004 4096 1024 ) (10752 4096 1024 ) (10752 4096 -256 ) (11004 4096 -256 ) 
4 46 59 (11264 4096 -352 ) (11264 4096 -256 ) (10752 4096 -256 ) (10752 4096 -352 ) 
3 46 49 (10752 4096 -319.989197 ) (10752 4096 -128 ) (10752 4159.996582 -128 ) 
4 46 48 (10752 4096 -128 ) (10752 4096 1024 ) (10752 4208 1024 ) (10752 4208 -128 ) 
4 46 47 (10752 5120 -512 ) (10752 4208 -512 ) (10752 4208 1024 ) (10752 5120 1024 ) 
4 47 50 (10412 5120 -512 ) (10412 4208 -512 ) (10412 4208 1024 ) (10412 5120 1024 ) 
4 47 48 (10412 4208 1024 ) (10412 4208 -128 ) (10752 4208 -128 ) (10752 4208 1024 ) 
4 48 58 (10752 4096 1024 ) (10412 4096 1024 ) (10412 4096 -128 ) (10752 4096 -128 ) 
4 48 51 (10412 4096 -128 ) (10412 4096 1024 ) (10412 4192 1024 ) (10412 4192 -128 ) 
4 48 50 (10412 4192 1024 ) (10412 4208 1024 ) (10412 4208 -128 ) (10412 4192 -128 ) 
4 48 49 (10412 4096 -128 ) (10412 4159.998535 -128 ) (10752 4159.996582 -128 ) (10752 4096 -128 ) 
4 49 58 (10412 4096 -128 ) (10412 4096 -256 ) (10752 4096 -256 ) (10752 4096 -128 ) 
4 49 59 (10412 4096 -256 ) (10412 4096 -319.995361 ) (10752 4096 -319.989197 ) (10752 4096 -256 ) 
4 50 149 (10240 4608 -512 ) (10240 4192 -512 ) (10240 4192 1024 ) (10240 4608 1024 ) 
4 50 148 (10240 5120 1024 ) (10240 5120 -116 ) (10240 4608 -116 ) (10240 4608 1024 ) 
4 50 51 (10412 4192 -128 ) (10412 4192 1024 ) (10240 4192 1024 ) (10240 4192 -128 ) 
4 51 150 (10240 4096 -128 ) (10240 4096 1024 ) (10240 4192 1024 ) (10240 4192 -128 ) 
4 51 65 (10412 4096 1024 ) (10240 4096 1024 ) (10240 4096 -128 ) (10412 4096 -128 ) 
4 52 73 (11268 3072 -256 ) (11264 3072 -256 ) (11264 3072 -352 ) (11268 3072 -352 ) 
4 52 72 (11328 3072 -256 ) (11268 3072 -256 ) (11268 3072 -352 ) (11328 3072 -352 ) 
4 52 70 (12288 3072 -352 ) (12288 3072 -256 ) (11328 3072 -256 ) (11328 3072 -352 ) 
4 52 68 (12288 3072 -128 ) (12288 3072 1024 ) (11264 3072 1024 ) (11264 3072 -128 ) 
4 52 69 (12288 3072 -256 ) (12288 3072 -128 ) (11264 3072 -128 ) (11264 3072 -256 ) 
4 52 54 (11264 3072 -256 ) (11264 3072 1024 ) (11264 4096 1024 ) (11264 4096 -256 ) 
4 52 59 (11264 3072 -352 ) (11264 3072 -256 ) (11264 4096 -256 ) (11264 4096 -352 ) 
4 52 53 (11264 3072 -352 ) (11264 4096 -352 ) (12288 4096 -352 ) (12288 3072 -352 ) 
4 53 73 (11268 3072 -352 ) (11264 3072 -352 ) (11264 3072 -512 ) (11268 3072 -512 ) 
4 53 72 (11328 3072 -352 ) (11268 3072 -352 ) (11268 3072 -512 ) (11328 3072 -512 ) 
4 53 71 (12288 3072 -512 ) (12288 3072 -352 ) (11328 3072 -352 ) (11328 3072 -512 ) 
4 53 60 (11264 3072 -512 ) (11264 3072 -352 ) (11264 4096 -352 ) (11264 4096 -512 ) 
4 54 110 (11264 3072 -256 ) (11264 3072 -128 ) (11008 3072 -128 ) (11008 3072 -256 ) 
4 54 90 (11264 3072 -128 ) (11264 3072 -64 ) (11008 3072 -64 ) (11008 3072 -128 ) 
4 54 82 (11264 3072 -64 ) (11264 3072 0 ) (11008 3072 0 ) (11008 3072 -64 ) 
4 54 75 (11264 3072 0 ) (11264 3072 512 ) (11008 3072 512 ) (11008 3072 0 ) 
4 54 74 (11264 3072 512 ) (11264 3072 1024 ) (11008 3072 1024 ) (11008 3072 512 ) 
4 54 56 (11008 4036 -144 ) (11008 4036 1024 ) (11008 4092 1024 ) (11008 4092 -144 ) 
4 54 55 (11008 4096 -256 ) (11008 4092 -256 ) (11008 4092 1024 ) (11008 4096 1024 ) 
4 54 57 (11008 4036 -256 ) (11008 3072 -256 ) (11008 3072 1024 ) (11008 4036 1024 ) 
4 54 59 (11008 4096 -256 ) (11264 4096 -256 ) (11264 3072 -256 ) (11008 3072 -256 ) 
4 55 56 (11004 4092 1024 ) (11004 4092 -144 ) (11008 4092 -144 ) (11008 4092 1024 ) 
4 55 58 (11004 4096 -256 ) (11004 4092 -256 ) (11004 4092 1024 ) (11004 4096 1024 ) 
4 55 59 (11004 4096 -256 ) (11008 4096 -256 ) (11008 4092 -256 ) (11004 4092 -256 ) 
4 56 58 (11004 4036 -144 ) (11004 4036 1024 ) (11004 4092 1024 ) (11004 4092 -144 ) 
4 56 57 (11004 4036 1024 ) (11004 4036 -144 ) (11008 4036 -144 ) (11008 4036 1024 ) 
4 57 110 (11004 3072 -128 ) (11004 3072 -256 ) (11008 3072 -256 ) (11008 3072 -128 ) 
4 57 90 (11004 3072 -64 ) (11004 3072 -128 ) (11008 3072 -128 ) (11008 3072 -64 ) 
4 57 82 (11004 3072 0 ) (11004 3072 -64 ) (11008 3072 -64 ) (11008 3072 0 ) 
4 57 75 (11004 3072 512 ) (11004 3072 0 ) (11008 3072 0 ) (11008 3072 512 ) 
4 57 74 (11008 3072 1024 ) (11004 3072 1024 ) (11004 3072 512 ) (11008 3072 512 ) 
4 57 59 (11008 4036 -256 ) (11008 3072 -256 ) (11004 3072 -256 ) (11004 4036 -256 ) 
4 57 58 (11004 4036 -256 ) (11004 3072 -256 ) (11004 3072 1024 ) (11004 4036 1024 ) 
4 58 119 (10736 3072 -256 ) (10752 3072 -256 ) (10752 3072 -128 ) (10736 3072 -128 ) 
4 58 120 (10412 3072 -128 ) (10412 3072 -256 ) (10736 3072 -256 ) (10736 3072 -128 ) 
4 58 110 (10752 3072 -256 ) (11004 3072 -256 ) (11004 3072 -128 ) (10752 3072 -128 ) 
4 58 101 (10736 3072 -128 ) (10752 3072 -128 ) (10752 3072 -32 ) (10736 3072 -32 ) 
4 58 102 (10412 3072 -32 ) (10412 3072 -128 ) (10736 3072 -128 ) (10736 3072 -32 ) 
4 58 99 (10736 3072 -32 ) (10752 3072 -32 ) (10752 3072 0 ) (10736 3072 0 ) 
4 58 100 (10412 3072 0 ) (10412 3072 -32 ) (10736 3072 -32 ) (10736 3072 0 ) 
4 58 90 (10752 3072 -128 ) (11004 3072 -128 ) (11004 3072 -64 ) (10752 3072 -64 ) 
4 58 82 (11004 3072 -64 ) (11004 3072 0 ) (10752 3072 0 ) (10752 3072 -64 ) 
4 58 79 (10412 3072 512 ) (10412 3072 0 ) (10672 3072 0 ) (10672 3072 512 ) 
4 58 76 (10672 3072 0 ) (10688 3072 0 ) (10688 3072 512 ) (10672 3072 512 ) 
4 58 75 (10688 3072 0 ) (11004 3072 0 ) (11004 3072 512 ) (10688 3072 512 ) 
4 58 74 (11004 3072 1024 ) (10412 3072 1024 ) (10412 3072 512 ) (11004 3072 512 ) 
4 58 66 (10412 3072 -256 ) (10412 3072 -128 ) (10412 4024 -128 ) (10412 4024 -256 ) 
4 58 65 (10412 3072 -128 ) (10412 3072 1024 ) (10412 4096 1024 ) (10412 4096 -128 ) 
4 58 59 (10412 3072 -256 ) (10412 4096 -256 ) (11004 4096 -256 ) (11004 3072 -256 ) 
4 59 140 (10412 3072 -288 ) (10412 3072 -352 ) (11008 3072 -352 ) (11008 3072 -288 ) 
4 59 139 (11008 3072 -256 ) (10412 3072 -256 ) (10412 3072 -288 ) (11008 3072 -288 ) 
4 59 138 (11016 3072 -256 ) (11008 3072 -256 ) (11008 3072 -352 ) (11016 3072 -352 ) 
4 59 137 (11136 3072 -256 ) (11016 3072 -256 ) (11016 3072 -352 ) (11136 3072 -352 ) 
4 59 136 (11264 3072 -352 ) (11264 3072 -256 ) (11136 3072 -256 ) (11136 3072 -352 ) 
4 59 66 (10412 3072 -352 ) (10412 3072 -256 ) (10412 4024 -256 ) (10412 4024 -352 ) 
3 59 62 (10631.832031 3072 -352 ) (10412 3072 -352 ) (10412 3442.579346 -352 ) 
5 59 60 (11264 3072 -352 ) (10631.832031 3072 -352 ) (10412 3442.579346 -352 ) (10412 4096 -352 ) (11264 4096 -352 ) 
3 60 145 (10874.418945 3072 -416 ) (10632.689453 3072 -416 ) (10633.309570 3072 -462.275116 ) 
5 60 141 (10633.976562 3072 -512 ) (11008 3072 -512 ) (11008 3072 -416 ) (10874.418945 3072 -416 ) (10633.309570 3072 -462.275116 ) 
4 60 140 (11008 3072 -416 ) (11008 3072 -352 ) (10631.832031 3072 -352 ) (10632.689453 3072 -416 ) 
4 60 138 (11008 3072 -512 ) (11016 3072 -512 ) (11016 3072 -352 ) (11008 3072 -352 ) 
4 60 137 (11016 3072 -512 ) (11136 3072 -512 ) (11136 3072 -352 ) (11016 3072 -352 ) 
4 60 136 (11136 3072 -512 ) (11264 3072 -512 ) (11264 3072 -352 ) (11136 3072 -352 ) 
4 60 67 (10412 4024 -512 ) (10412 3446.195312 -512 ) (10412 3442.579346 -352 ) (10412 4024 -352 ) 
4 60 64 (10609.097656 3113.205078 -479.341522 ) (10633.312500 3072 -462.274689 ) (10632.421875 3072 -395.832581 ) (10597.601562 3131.221436 -419.029663 ) 
4 60 63 (10458.048828 3368.572266 -512 ) (10562.761719 3192.053467 -512 ) (10608.602539 3114.047607 -479.690491 ) (10597.125000 3132.032227 -419.347198 ) 
5 60 62 (10631.833984 3072 -352 ) (10412 3442.582031 -352 ) (10412 3446.197998 -512 ) (10458.048828 3368.572266 -512 ) (10632.421875 3072 -395.832581 ) 
3 60 61 (10562.761719 3192.053467 -512 ) (10633.978516 3072 -512 ) (10633.312500 3072 -462.274689 ) 
4 61 141 (10412 3072 -512 ) (10633.976562 3072 -512 ) (10633.310547 3072 -462.275085 ) (10412 3072 -504.750244 ) 
3 61 67 (10412 3096.053223 -512 ) (10412 3072 -512 ) (10412 3072 -504.750214 ) 
3 61 64 (10633.316406 3072 -462.273865 ) (10609.100586 3113.207031 -479.341553 ) (10538.162109 3072 -480.536469 ) 
5 61 63 (10608.605469 3114.049316 -479.690430 ) (10562.764648 3192.055664 -512 ) (10412 3096.053223 -512 ) (10412 3072 -504.750214 ) (10536.217773 3072 -480.909607 ) 
3 62 142 (10412 3072 -416 ) (10412 3072 -435.986084 ) (10521.712891 3072 -416 ) 
5 62 140 (10632.419922 3072 -395.832916 ) (10631.832031 3072 -352 ) (10412 3072 -352 ) (10412 3072 -416 ) (10521.712891 3072 -416 ) 
5 62 67 (10412 3446.195312 -512 ) (10412 3339.096680 -512 ) (10412 3072 -435.986084 ) (10412 3072 -352 ) (10412 3442.579346 -352 ) 
3 62 64 (10597.596680 3131.218750 -419.029205 ) (10632.415039 3072 -395.833344 ) (10495.650391 3072 -420.747101 ) 
5 62 63 (10458.042969 3368.572754 -512 ) (10597.120117 3132.029297 -419.346680 ) (10493.780273 3072 -421.087830 ) (10412 3072 -435.985260 ) (10412 3339.101074 -512 ) 
4 63 144 (10493.780273 3072 -421.088470 ) (10488.607422 3072 -422.030853 ) (10489.419922 3072 -489.891418 ) (10536.217773 3072 -480.909607 ) 
4 63 143 (10488.607422 3072 -422.030853 ) (10412 3072 -435.986084 ) (10412 3072 -504.750244 ) (10489.419922 3072 -489.891418 ) 
4 63 67 (10412 3339.096680 -512 ) (10412 3096.053223 -512 ) (10412 3072 -504.750214 ) (10412 3072 -435.986084 ) 
5 64 145 (10633.310547 3072 -462.275085 ) (10632.690430 3072 -416 ) (10521.713867 3072 -416 ) (10495.651367 3072 -420.747650 ) (10538.162109 3072 -480.536469 ) 
3 64 140 (10632.690430 3072 -416 ) (10632.419922 3072 -395.832916 ) (10521.713867 3072 -416 ) 
4 65 170 (10240 3072 -128 ) (10240 3072 1024 ) (10240 4096 1024 ) (10240 4096 -128 ) 
4 65 102 (10240 3072 -32 ) (10240 3072 -128 ) (10412 3072 -128 ) (10412 3072 -32 ) 
4 65 100 (10240 3072 0 ) (10240 3072 -32 ) (10412 3072 -32 ) (10412 3072 0 ) 
4 65 79 (10240 3072 512 ) (10240 3072 0 ) (10412 3072 0 ) (10412 3072 512 ) 
4 65 74 (10240 3072 1024 ) (10240 3072 512 ) (10412 3072 512 ) (10412 3072 1024 ) 
4 65 66 (10240 3072 -128 ) (10240 4024 -128 ) (10412 4024 -128 ) (10412 3072 -128 ) 
4 66 171 (10240 3072 -352 ) (10240 3072 -128 ) (10240 4024 -128 ) (10240 4024 -352 ) 
4 66 140 (10240 3072 -288 ) (10240 3072 -352 ) (10412 3072 -352 ) (10412 3072 -288 ) 
4 66 139 (10240 3072 -256 ) (10240 3072 -288 ) (10412 3072 -288 ) (10412 3072 -256 ) 
4 66 120 (10240 3072 -128 ) (10240 3072 -256 ) (10412 3072 -256 ) (10412 3072 -128 ) 
4 66 67 (10240 3072 -352 ) (10240 4024 -352 ) (10412 4024 -352 ) (10412 3072 -352 ) 
4 67 172 (10240 3072 -512 ) (10240 3072 -352 ) (10240 4024 -352 ) (10240 4024 -512 ) 
5 67 143 (10240 3072 -467.318604 ) (10240 3072 -512 ) (10374.226562 3072 -512 ) (10412 3072 -504.750214 ) (10412 3072 -435.986084 ) 
4 67 142 (10240 3072 -416 ) (10240 3072 -467.318604 ) (10412 3072 -435.986084 ) (10412 3072 -416 ) 
3 67 141 (10374.226562 3072 -512 ) (10412 3072 -512 ) (10412 3072 -504.750214 ) 
4 67 140 (10240 3072 -352 ) (10240 3072 -416 ) (10412 3072 -416 ) (10412 3072 -352 ) 
4 68 512 (12288 2048 -128 ) (12288 2048 1024 ) (11264 2048 1024 ) (11264 2048 -128 ) 
4 68 92 (11264 2383.185547 -128 ) (11264 2204 -128 ) (11264 2204 -64 ) (11264 2383.187012 -64 ) 
4 68 90 (11264 3072 -64 ) (11264 3072 -128 ) (11264 2383.185547 -128 ) (11264 2383.187012 -64 ) 
4 68 88 (11264 2270.895752 -64 ) (11264 2204 -64 ) (11264 2204 0 ) (11264 2270.895752 0 ) 
4 68 86 (11264 2442.921875 -64 ) (11264 2270.895752 -64 ) (11264 2270.895752 0 ) (11264 2442.921875 0 ) 
4 68 84 (11264 2508.238037 -64 ) (11264 2442.921875 -64 ) (11264 2442.921875 0 ) (11264 2508.238037 0 ) 
4 68 82 (11264 3072 0 ) (11264 3072 -64 ) (11264 2508.238037 -64 ) (11264 2508.238037 0 ) 
4 68 75 (11264 3072 512 ) (11264 3072 0 ) (11264 2048 0 ) (11264 2048 512 ) 
4 68 74 (11264 3072 1024 ) (11264 3072 512 ) (11264 2048 512 ) (11264 2048 1024 ) 
4 68 69 (12288 2048 -128 ) (11264 2048 -128 ) (11264 3072 -128 ) (12288 3072 -128 ) 
4 69 513 (12288 2048 -256 ) (12288 2048 -128 ) (11264 2048 -128 ) (11264 2048 -256 ) 
4 69 113 (11264 2326.975098 -256 ) (11264 2204 -256 ) (11264 2204 -128 ) (11264 2326.979492 -128 ) 
4 69 112 (11264 2383.187988 -256 ) (11264 2326.975098 -256 ) (11264 2326.979492 -128 ) (11264 2383.186523 -128 ) 
4 69 110 (11264 3072 -128 ) (11264 3072 -256 ) (11264 2383.187988 -256 ) (11264 2383.186523 -128 ) 
4 69 73 (11264 3072 -256 ) (11268 3072 -256 ) (11268 2544 -256 ) (11264 2544 -256 ) 
4 69 72 (11268 3072 -256 ) (11328 3072 -256 ) (11328 2240 -256 ) (11268 2240 -256 ) 
4 69 70 (11328 3072 -256 ) (12288 3072 -256 ) (12288 2048 -256 ) (11328 2048 -256 ) 
4 70 514 (12288 2048 -352 ) (12288 2048 -256 ) (11328 2048 -256 ) (11328 2048 -352 ) 
4 70 72 (11328 2240 -256 ) (11328 3072 -256 ) (11328 3072 -352 ) (11328 2240 -352 ) 
4 70 71 (12288 2048 -352 ) (11328 2048 -352 ) (11328 3072 -352 ) (12288 3072 -352 ) 
4 71 515 (12288 2048 -512 ) (12288 2048 -352 ) (11328 2048 -352 ) (11328 2048 -512 ) 
4 71 72 (11328 3072 -512 ) (11328 2240 -512 ) (11328 2240 -352 ) (11328 3072 -352 ) 
4 72 73 (11268 3072 -512 ) (11268 2544 -512 ) (11268 2544 -256 ) (11268 3072 -256 ) 
4 73 147 (11264 2968 -512 ) (11264 2544 -512 ) (11264 2544 -256 ) (11264 2968 -256 ) 
4 73 136 (11264 3072 -256 ) (11264 3072 -512 ) (11264 2968 -512 ) (11264 2968 -256 ) 
4 74 527 (10432 2048 1024 ) (10240 2048 1024 ) (10240 2048 512 ) (10432 2048 512 ) 
4 74 525 (11264 2048 512 ) (11264 2048 1024 ) (10432 2048 1024 ) (10432 2048 512 ) 
4 74 185 (10240 2048 512 ) (10240 2048 1024 ) (10240 2484 1024 ) (10240 2484 512 ) 
4 74 182 (10240 2484 1024 ) (10240 2500 1024 ) (10240 2500 512 ) (10240 2484 512 ) 
4 74 179 (10240 2500 1024 ) (10240 3072 1024 ) (10240 3072 512 ) (10240 2500 512 ) 
4 74 80 (10336 2500 512 ) (10432 2500 512 ) (10432 2484 512 ) (10336 2484 512 ) 
4 74 81 (10240 2484 512 ) (10240 2500 512 ) (10272 2500 512 ) (10272 2484 512 ) 
4 74 79 (10240 2500 512 ) (10240 3072 512 ) (10672 3072 512 ) (10672 2500 512 ) 
4 74 78 (10688 2212 512 ) (10688 2052 512 ) (10672 2052 512 ) (10672 2212 512 ) 
4 74 77 (10688 2436 512 ) (10688 2276 512 ) (10672 2276 512 ) (10672 2436 512 ) 
4 74 76 (10672 3072 512 ) (10688 3072 512 ) (10688 2500 512 ) (10672 2500 512 ) 
4 74 75 (10688 3072 512 ) (11264 3072 512 ) (11264 2048 512 ) (10688 2048 512 ) 
4 75 526 (11264 2048 0 ) (11264 2048 512 ) (10688 2048 512 ) (10688 2048 0 ) 
4 75 99 (10736 3072 0 ) (10752 3072 0 ) (10752 2716 0 ) (10736 2716 0 ) 
4 75 100 (10688 2560 0 ) (10688 3072 0 ) (10736 3072 0 ) (10736 2560 0 ) 
3 75 89 (11177.993164 2488.007080 0 ) (11210.312500 2448.618408 0 ) (11225.001953 2399.993164 0 ) 
3 75 88 (11254.001953 2303.992676 0 ) (11264 2270.895752 0 ) (11264 2204 0 ) 
3 75 87 (11114.002930 2565.995605 0 ) (11194.908203 2499.612061 0 ) (11210.312500 2448.618408 0 ) 
3 75 86 (11194.908203 2499.612061 0 ) (11264 2442.921875 0 ) (11264 2270.895752 0 ) 
3 75 85 (10852.004883 2706 0 ) (10903.332031 2700.866455 0 ) (10948.039062 2676.988770 0 ) 
3 75 84 (11035.958984 2630.031738 0 ) (11264 2508.238037 0 ) (11264 2442.921875 0 ) 
3 75 83 (10752 2716 0 ) (10752 2781.691406 0 ) (10903.332031 2700.866455 0 ) 
4 75 82 (10752 2781.691406 0 ) (10752 3072 0 ) (11264 3072 0 ) (11264 2508.238037 0 ) 
4 75 78 (10688 2212 0 ) (10688 2052 0 ) (10688 2052 512 ) (10688 2212 512 ) 
4 75 77 (10688 2436 0 ) (10688 2276 0 ) (10688 2276 512 ) (10688 2436 512 ) 
4 75 76 (10688 3072 0 ) (10688 2500 0 ) (10688 2500 512 ) (10688 3072 512 ) 
4 76 100 (10672 2560 0 ) (10672 3072 0 ) (10688 3072 0 ) (10688 2560 0 ) 
4 76 79 (10672 3072 0 ) (10672 2500 0 ) (10672 2500 512 ) (10672 3072 512 ) 
4 79 179 (10240 2500 512 ) (10240 3072 512 ) (10240 3072 0 ) (10240 2500 0 ) 
4 79 100 (10240 2560 0 ) (10240 3072 0 ) (10672 3072 0 ) (10672 2560 0 ) 
4 79 80 (10336 2500 0 ) (10432 2500 0 ) (10432 2500 512 ) (10336 2500 512 ) 
4 79 81 (10240 2500 0 ) (10272 2500 0 ) (10272 2500 512 ) (10240 2500 512 ) 
4 81 183 (10240 2484 512 ) (10240 2500 512 ) (10240 2500 0 ) (10240 2484 0 ) 
4 82 101 (10752 3072 -32 ) (10752 3072 -64 ) (10752 2781.691406 -64 ) (10752 2781.691406 -32 ) 
4 82 99 (10752 2781.691406 0 ) (10752 3072 0 ) (10752 3072 -32 ) (10752 2781.691406 -32 ) 
3 82 95 (10752 2781.691406 -64 ) (10752 3007.178955 -64 ) (11081.347656 2605.790527 -64 ) 
5 82 90 (10752 3007.178955 -64 ) (10752 3072 -64 ) (11264 3072 -64 ) (11264 2508.238037 -64 ) (11081.347656 2605.790527 -64 ) 
4 82 85 (10903.332031 2700.866455 -64 ) (10948.039062 2676.988770 -64 ) (10948.040039 2676.988281 0 ) (10903.332031 2700.866455 0 ) 
4 82 84 (11035.958984 2630.031738 -64 ) (11264 2508.238281 -64 ) (11264 2508.238281 0 ) (11035.959961 2630.031738 0 ) 
4 82 83 (10752 2781.691406 0 ) (10752 2781.691406 -64 ) (10903.332031 2700.866455 -64 ) (10903.332031 2700.866455 0 ) 
4 83 101 (10752 2781.691406 -32 ) (10752 2781.691406 -64 ) (10752 2716 -64 ) (10752 2716 -32 ) 
4 83 99 (10752 2716 0 ) (10752 2781.691406 0 ) (10752 2781.691406 -32 ) (10752 2716 -32 ) 
3 83 98 (10752 2716 -64 ) (10752 2736.210693 -64 ) (10852.008789 2705.998779 -64 ) 
4 83 96 (10752 2736.210693 -64 ) (10752 2781.691406 -64 ) (10903.332031 2700.866455 -64 ) (10852.008789 2705.998779 -64 ) 
4 83 85 (10852.001953 2706 -64 ) (10903.333984 2700.866699 -64 ) (10903.333984 2700.866699 0 ) (10852.001953 2706 0 ) 
3 84 97 (11035.958984 2630.031738 -64 ) (11081.349609 2605.789062 -64 ) (11113.997070 2566 -64 ) 
4 84 90 (11081.349609 2605.789062 -64 ) (11264 2508.238037 -64 ) (11264 2442.921875 -64 ) (11113.997070 2566 -64 ) 
4 84 87 (11114.001953 2565.997559 -64 ) (11194.908203 2499.612549 -64 ) (11194.908203 2499.612549 0 ) (11114.001953 2565.997559 0 ) 
4 84 86 (11194.908203 2499.612549 -64 ) (11264 2442.921875 -64 ) (11264 2442.921875 0 ) (11194.908203 2499.612549 0 ) 
3 85 96 (10852.004883 2706 -64 ) (10903.332031 2700.866455 -64 ) (10948.039062 2676.988770 -64 ) 
3 86 93 (11254.001953 2303.993164 -64 ) (11210.313477 2448.616455 -64 ) (11243.595703 2408.053467 -64 ) 
4 86 92 (11264 2383.186279 -64 ) (11264 2270.895752 -64 ) (11254.001953 2303.993164 -64 ) (11243.595703 2408.053467 -64 ) 
4 86 90 (11194.908203 2499.612061 -64 ) (11264 2442.921875 -64 ) (11264 2383.186279 -64 ) (11210.313477 2448.616455 -64 ) 
4 86 89 (11210.309570 2448.621826 -64 ) (11224.998047 2400 -64 ) (11224.998047 2400 0 ) (11210.309570 2448.621826 0 ) 
4 86 88 (11254.001953 2303.988037 -64 ) (11264 2270.891602 -64 ) (11264 2270.891602 0 ) (11254.001953 2303.988037 0 ) 
4 86 87 (11194.905273 2499.616455 0 ) (11194.905273 2499.616455 -64 ) (11210.309570 2448.621826 -64 ) (11210.309570 2448.621826 0 ) 
3 87 90 (11114.002930 2565.995605 -64 ) (11194.908203 2499.612061 -64 ) (11210.312500 2448.618408 -64 ) 
4 87 89 (11177.992188 2488.011475 -64 ) (11210.310547 2448.623047 -64 ) (11210.310547 2448.623047 0 ) (11177.992188 2488.011475 0 ) 
3 88 92 (11254.001953 2303.992676 -64 ) (11264 2270.895752 -64 ) (11264 2204 -64 ) 
3 89 94 (11177.993164 2488.007080 -64 ) (11210.312500 2448.618408 -64 ) (11225.001953 2399.993164 -64 ) 
4 90 110 (10752 3072 -128 ) (11264 3072 -128 ) (11264 2383.185547 -128 ) (10752 3007.177734 -128 ) 
4 90 101 (10752 3072 -128 ) (10752 3007.177734 -128 ) (10752 3007.179199 -64 ) (10752 3072 -64 ) 
4 90 97 (11113.987305 2566.009766 -64 ) (11081.356445 2605.777832 -64 ) (11081.351562 2605.781738 -128 ) (11113.983398 2566.013184 -128 ) 
4 90 95 (11081.356445 2605.777832 -64 ) (10752 3007.176025 -64 ) (10752 3007.174561 -128 ) (11081.351562 2605.781738 -128 ) 
4 90 94 (11210.312500 2448.614990 -64 ) (11178 2487.996094 -64 ) (11178 2487.994873 -128 ) (11210.316406 2448.609619 -128 ) 
4 90 93 (11243.596680 2408.050537 -64 ) (11210.312500 2448.614990 -64 ) (11210.316406 2448.609619 -128 ) (11243.596680 2408.049316 -128 ) 
4 90 92 (11264 2383.183838 -64 ) (11243.596680 2408.050537 -64 ) (11243.596680 2408.049316 -128 ) (11264 2383.182617 -128 ) 
10 91 111 (11200 2204 -128 ) (10752 2204 -128 ) (10752 2652 -128 ) (10838.998047 2643 -128 ) (10922.993164 2618.001953 -128 ) (11001.005859 2575.995361 -128 ) (11069 2521 -128 ) (11124.006836 2452.991699 -128 ) (11166 2375.005615 -128 ) (11191 2291.007080 -128 ) 
3 92 113 (11264 2326.979004 -128 ) (11264 2204 -128 ) (11248.871094 2355.305664 -128 ) 
4 92 112 (11264 2383.185547 -128 ) (11264 2326.979004 -128 ) (11248.871094 2355.305664 -128 ) (11243.596680 2408.052246 -128 ) 
4 92 93 (11243.596680 2408.052979 -64 ) (11243.596680 2408.051270 -128 ) (11254.002930 2303.993652 -128 ) (11254.003906 2303.981934 -64 ) 
3 93 114 (11248.871094 2355.305420 -128 ) (11254.001953 2303.994385 -128 ) (11225 2400 -128 ) 
4 93 112 (11210.314453 2448.614746 -128 ) (11243.596680 2408.052246 -128 ) (11248.871094 2355.305420 -128 ) (11225 2400 -128 ) 
4 93 94 (11210.314453 2448.615967 -64 ) (11210.317383 2448.610840 -128 ) (11225.007812 2399.980713 -128 ) (11225.004883 2399.985107 -64 ) 
3 94 112 (11177.997070 2488 -128 ) (11210.314453 2448.614746 -128 ) (11225.003906 2399.986328 -128 ) 
3 95 115 (10752 2781.685059 -128 ) (10752 3007.177734 -128 ) (11081.356445 2605.779297 -128 ) 
4 95 101 (10752 3007.177734 -128 ) (10752 2781.685059 -128 ) (10752 2781.683350 -64 ) (10752 3007.179199 -64 ) 
4 95 97 (11081.354492 2605.780273 -128 ) (11081.359375 2605.775635 -64 ) (11035.990234 2630.006836 -64 ) (11035.982422 2630.012939 -128 ) 
4 95 96 (10948.002930 2677 -64 ) (10752 2781.682861 -64 ) (10752 2781.684814 -128 ) (10948.012695 2676.996582 -128 ) 
3 96 116 (10752 2736.209717 -128 ) (10752 2781.685059 -128 ) (10948.014648 2676.995605 -128 ) 
4 96 101 (10752 2781.685059 -128 ) (10752 2736.209717 -128 ) (10752 2736.210449 -64 ) (10752 2781.683350 -64 ) 
4 96 98 (10852.004883 2706 -64 ) (10752 2736.209717 -64 ) (10752 2736.208984 -128 ) (10852 2706 -128 ) 
3 97 117 (11035.983398 2630.012695 -128 ) (11081.356445 2605.779297 -128 ) (11113.993164 2566.004395 -128 ) 
3 98 118 (10752 2716 -128 ) (10752 2736.209717 -128 ) (10852.004883 2706 -128 ) 
4 98 101 (10752 2736.209717 -128 ) (10752 2716 -128 ) (10752 2716 -64 ) (10752 2736.210449 -64 ) 
4 99 101 (10736 3072 -32 ) (10752 3072 -32 ) (10752 2716 -32 ) (10736 2716 -32 ) 
4 99 100 (10736 3072 -32 ) (10736 2716 -32 ) (10736 2716 0 ) (10736 3072 0 ) 
4 100 195 (10240 2560 0 ) (10240 3072 0 ) (10240 3072 -32 ) (10240 2560 -32 ) 
4 100 102 (10240 3072 -32 ) (10736 3072 -32 ) (10736 2560 -32 ) (10240 2560 -32 ) 
4 101 119 (10736 3072 -128 ) (10752 3072 -128 ) (10752 2716 -128 ) (10736 2716 -128 ) 
4 101 102 (10736 3072 -128 ) (10736 2716 -128 ) (10736 2716 -32 ) (10736 3072 -32 ) 
4 102 203 (10240 2576 -128 ) (10240 2560 -128 ) (10240 2560 -96 ) (10240 2576 -96 ) 
4 102 202 (10240 2700 -128 ) (10240 2576 -128 ) (10240 2576 -96 ) (10240 2700 -96 ) 
4 102 201 (10240 2956 -128 ) (10240 2700 -128 ) (10240 2700 -96 ) (10240 2956 -96 ) 
4 102 200 (10240 3072 -96 ) (10240 3072 -128 ) (10240 2956 -128 ) (10240 2956 -96 ) 
4 102 197 (10240 2560 -32 ) (10240 3072 -32 ) (10240 3072 -96 ) (10240 2560 -96 ) 
4 102 120 (10240 2560 -128 ) (10240 3072 -128 ) (10736 3072 -128 ) (10736 2560 -128 ) 
4 103 121 (10308 2544 -128 ) (10736 2544 -128 ) (10736 2352 -128 ) (10308 2352 -128 ) 
4 103 105 (10308 2352 -32 ) (10308 2352 -128 ) (10536 2352 -128 ) (10536 2352 -32 ) 
4 103 104 (10556 2352 -128 ) (10700 2352 -128 ) (10700 2352 -32 ) (10556 2352 -32 ) 
4 104 122 (10692 2344 -128 ) (10564 2344 -128 ) (10556 2352 -128 ) (10700 2352 -128 ) 
4 105 123 (10528 2344 -128 ) (10308 2344 -128 ) (10308 2352 -128 ) (10536 2352 -128 ) 
3 106 129 (10564 2328 -128 ) (10556 2328 -128 ) (10564 2336 -128 ) 
4 106 126 (10692 2328 -128 ) (10564 2328 -128 ) (10564 2336 -128 ) (10692 2336 -128 ) 
3 106 125 (10700 2328 -128 ) (10692 2328 -128 ) (10692 2336 -128 ) 
4 106 109 (10556 2328 -128 ) (10700 2328 -128 ) (10700 2328 -32 ) (10556 2328 -32 ) 
3 107 133 (10292 2328 -128 ) (10284 2328 -128 ) (10284 2336 -128 ) 
4 107 108 (10284 2336 -128 ) (10284 2328 -128 ) (10284 2328 -32 ) (10284 2336 -32 ) 
4 107 109 (10284 2328 -128 ) (10292 2328 -128 ) (10292 2328 -32 ) (10284 2328 -32 ) 
4 108 204 (10240 2544 -96 ) (10240 2544 -128 ) (10240 2328 -128 ) (10240 2328 -96 ) 
4 108 199 (10240 2328 -32 ) (10240 2544 -32 ) (10240 2544 -96 ) (10240 2328 -96 ) 
4 108 134 (10240 2328 -128 ) (10240 2344 -128 ) (10284 2344 -128 ) (10284 2328 -128 ) 
4 108 124 (10240 2344 -128 ) (10240 2544 -128 ) (10284 2544 -128 ) (10284 2344 -128 ) 
4 108 109 (10240 2328 -128 ) (10284 2328 -128 ) (10284 2328 -32 ) (10240 2328 -32 ) 
4 109 532 (10240 2048 -32 ) (10240 2048 -128 ) (10736 2048 -128 ) (10736 2048 -32 ) 
4 109 204 (10240 2048 -128 ) (10240 2048 -96 ) (10240 2328 -96 ) (10240 2328 -128 ) 
4 109 199 (10240 2048 -96 ) (10240 2048 -32 ) (10240 2328 -32 ) (10240 2328 -96 ) 
4 109 135 (10240 2048 -128 ) (10240 2328 -128 ) (10736 2328 -128 ) (10736 2048 -128 ) 
4 110 147 (11264 2968 -256 ) (11264 2544 -256 ) (11132.051758 2544 -256 ) (10784.153320 2968 -256 ) 
4 110 139 (10752 3040 -256 ) (10752 3072 -256 ) (11008 3072 -256 ) (11008 3040 -256 ) 
4 110 138 (11008 3072 -256 ) (11016 3072 -256 ) (11016 3040 -256 ) (11008 3040 -256 ) 
4 110 137 (11016 3072 -256 ) (11136 3072 -256 ) (11136 3040 -256 ) (11016 3040 -256 ) 
5 110 136 (11136 3072 -256 ) (11264 3072 -256 ) (11264 2968 -256 ) (11144 2968 -256 ) (11136 2976 -256 ) 
4 110 119 (10752 3072 -256 ) (10752 3007.186523 -256 ) (10752 3007.185059 -128 ) (10752 3072 -128 ) 
4 110 117 (11081.360352 2605.777832 -256 ) (11114.006836 2565.989990 -256 ) (11113.997070 2566 -128 ) (11081.361328 2605.774902 -128 ) 
4 110 115 (10752 3007.183838 -128 ) (10752 3007.185547 -256 ) (11081.360352 2605.777832 -256 ) (11081.361328 2605.774902 -128 ) 
4 110 112 (11177.997070 2488.002197 -256 ) (11264 2383.186035 -256 ) (11264 2383.184570 -128 ) (11178.004883 2487.991211 -128 ) 
6 111 147 (10752 2544 -256 ) (10752 2652 -256 ) (10838.993164 2643 -256 ) (10922.998047 2618 -256 ) (11001.001953 2575.997314 -256 ) (11040.562500 2544 -256 ) 
4 112 114 (11225.004883 2399.982910 -256 ) (11248.871094 2355.297852 -256 ) (11248.871094 2355.300781 -128 ) (11225.003906 2399.988281 -128 ) 
4 112 113 (11248.871094 2355.297852 -256 ) (11264 2326.971191 -256 ) (11264 2326.974365 -128 ) (11248.871094 2355.300781 -128 ) 
4 113 114 (11248.872070 2355.302002 -128 ) (11248.872070 2355.297607 -256 ) (11254.002930 2303.993408 -256 ) (11254.002930 2303.989746 -128 ) 
4 115 147 (10752 2781.685547 -256 ) (10752 2968 -256 ) (10784.153320 2968 -256 ) (11081.363281 2605.776123 -256 ) 
4 115 119 (10752 3007.186523 -256 ) (10752 2781.685547 -256 ) (10752 2781.683350 -128 ) (10752 3007.185059 -128 ) 
4 115 117 (11035.971680 2630.019287 -256 ) (11081.363281 2605.775879 -256 ) (11081.364258 2605.773438 -128 ) (11035.986328 2630.009277 -128 ) 
4 115 116 (10752 2781.683350 -128 ) (10752 2781.685547 -256 ) (10948.014648 2676.996338 -256 ) (10948.004883 2677 -128 ) 
3 116 147 (10752 2736.209229 -256 ) (10752 2781.685547 -256 ) (10948.015625 2676.995605 -256 ) 
4 116 119 (10752 2781.685547 -256 ) (10752 2736.209229 -256 ) (10752 2736.209229 -128 ) (10752 2781.683350 -128 ) 
4 116 118 (10752 2736.207764 -128 ) (10752 2736.207764 -256 ) (10852 2706 -256 ) (10852 2706 -128 ) 
3 117 147 (11035.971680 2630.019287 -256 ) (11081.363281 2605.776123 -256 ) (11114.011719 2565.985840 -256 ) 
3 118 147 (10752 2716 -256 ) (10752 2736.209229 -256 ) (10852.004883 2706 -256 ) 
4 118 119 (10752 2736.209229 -256 ) (10752 2716 -256 ) (10752 2716 -128 ) (10752 2736.209229 -128 ) 
4 119 147 (10752 2968 -256 ) (10752 2716 -256 ) (10736 2716 -256 ) (10736 2968 -256 ) 
4 119 139 (10736 3072 -256 ) (10752 3072 -256 ) (10752 3040 -256 ) (10736 3040 -256 ) 
4 119 120 (10736 3072 -256 ) (10736 2716 -256 ) (10736 2716 -128 ) (10736 3072 -128 ) 
4 120 219 (10240 2576 -128 ) (10240 2700 -128 ) (10240 2700 -256 ) (10240 2576 -256 ) 
4 120 220 (10240 2560 -128 ) (10240 2576 -128 ) (10240 2576 -256 ) (10240 2560 -256 ) 
4 120 217 (10240 2700 -128 ) (10240 2956 -128 ) (10240 2956 -256 ) (10240 2700 -256 ) 
4 120 216 (10240 2956 -128 ) (10240 3072 -128 ) (10240 3072 -256 ) (10240 2956 -256 ) 
4 120 147 (10304 2968 -256 ) (10736 2968 -256 ) (10736 2560 -256 ) (10304 2560 -256 ) 
4 120 139 (10240 3040 -256 ) (10240 3072 -256 ) (10736 3072 -256 ) (10736 3040 -256 ) 
4 121 123 (10308 2352 -128 ) (10308 2352 -256 ) (10536 2352 -256 ) (10536 2352 -128 ) 
4 121 122 (10556 2352 -256 ) (10700 2352 -256 ) (10700 2352 -128 ) (10556 2352 -128 ) 
4 122 127 (10564 2344 -256 ) (10692 2344 -256 ) (10692 2344 -144 ) (10564 2344 -144 ) 
4 123 131 (10516 2344 -144 ) (10324 2344 -144 ) (10324 2344 -224 ) (10516 2344 -224 ) 
4 124 221 (10240 2344 -128 ) (10240 2544 -128 ) (10240 2544 -256 ) (10240 2344 -256 ) 
4 124 134 (10240 2344 -256 ) (10284 2344 -256 ) (10284 2344 -128 ) (10240 2344 -128 ) 
4 125 135 (10692 2328 -256 ) (10700 2328 -256 ) (10700 2328 -128 ) (10692 2328 -128 ) 
4 125 128 (10692 2336 -256 ) (10692 2328 -256 ) (10692 2328 -144 ) (10692 2336 -144 ) 
4 125 126 (10692 2328 -144 ) (10692 2328 -128 ) (10692 2336 -128 ) (10692 2336 -144 ) 
4 126 135 (10692 2328 -144 ) (10692 2328 -128 ) (10564 2328 -128 ) (10564 2328 -144 ) 
4 126 129 (10564 2336 -144 ) (10564 2328 -144 ) (10564 2328 -128 ) (10564 2336 -128 ) 
4 126 128 (10564 2328 -144 ) (10564 2336 -144 ) (10692 2336 -144 ) (10692 2328 -144 ) 
4 127 128 (10692 2336 -256 ) (10692 2336 -144 ) (10564 2336 -144 ) (10564 2336 -256 ) 
4 128 135 (10564 2328 -256 ) (10692 2328 -256 ) (10692 2328 -144 ) (10564 2328 -144 ) 
4 128 132 (10564 2336 -256 ) (10564 2328 -256 ) (10564 2328 -224 ) (10564 2336 -224 ) 
4 128 130 (10564 2328 -224 ) (10564 2328 -144 ) (10564 2336 -144 ) (10564 2336 -224 ) 
4 129 135 (10564 2328 -144 ) (10564 2328 -128 ) (10556 2328 -128 ) (10556 2328 -144 ) 
3 129 130 (10564 2336 -144 ) (10564 2328 -144 ) (10556 2328 -144 ) 
4 130 135 (10564 2328 -224 ) (10564 2328 -144 ) (10556 2328 -144 ) (10556 2328 -224 ) 
3 130 132 (10564 2336 -224 ) (10564 2328 -224 ) (10556 2328 -224 ) 
4 131 135 (10516 2328 -144 ) (10324 2328 -144 ) (10324 2328 -224 ) (10516 2328 -224 ) 
4 132 135 (10556 2328 -256 ) (10564 2328 -256 ) (10564 2328 -224 ) (10556 2328 -224 ) 
4 133 135 (10284 2328 -256 ) (10292 2328 -256 ) (10292 2328 -128 ) (10284 2328 -128 ) 
4 133 134 (10284 2336 -256 ) (10284 2328 -256 ) (10284 2328 -128 ) (10284 2336 -128 ) 
4 134 221 (10240 2328 -128 ) (10240 2344 -128 ) (10240 2344 -256 ) (10240 2328 -256 ) 
4 134 135 (10240 2328 -256 ) (10284 2328 -256 ) (10284 2328 -128 ) (10240 2328 -128 ) 
4 135 619 (10240 2048 -144 ) (10240 2048 -256 ) (10284 2048 -256 ) (10284 2048 -144 ) 
4 135 617 (10284 2048 -128 ) (10240 2048 -128 ) (10240 2048 -144 ) (10284 2048 -144 ) 
4 135 613 (10304 2048 -128 ) (10284 2048 -128 ) (10284 2048 -256 ) (10304 2048 -256 ) 
4 135 611 (10328 2048 -128 ) (10304 2048 -128 ) (10304 2048 -256 ) (10328 2048 -256 ) 
4 135 610 (10448 2048 -128 ) (10328 2048 -128 ) (10328 2048 -256 ) (10448 2048 -256 ) 
4 135 592 (10472 2048 -128 ) (10448 2048 -128 ) (10448 2048 -256 ) (10472 2048 -256 ) 
4 135 591 (10736 2048 -128 ) (10472 2048 -128 ) (10472 2048 -256 ) (10736 2048 -256 ) 
4 135 221 (10240 2048 -256 ) (10240 2048 -128 ) (10240 2328 -128 ) (10240 2328 -256 ) 
4 136 147 (11144 2968 -512 ) (11264 2968 -512 ) (11264 2968 -256 ) (11144 2968 -256 ) 
4 136 137 (11136 3072 -512 ) (11136 3040 -512 ) (11136 3040 -256 ) (11136 3072 -256 ) 
4 137 138 (11016 3072 -512 ) (11016 3040 -480 ) (11016 3040 -256 ) (11016 3072 -256 ) 
4 138 141 (11008 3072 -512 ) (11008 3040 -480 ) (11008 3040 -416 ) (11008 3072 -416 ) 
4 138 140 (11008 3040 -416 ) (11008 3040 -288 ) (11008 3072 -288 ) (11008 3072 -416 ) 
4 138 139 (11008 3040 -288 ) (11008 3040 -256 ) (11008 3072 -256 ) (11008 3072 -288 ) 
4 139 267 (10240 3072 -264 ) (10240 3072 -288 ) (10240 3040 -288 ) (10240 3040 -264 ) 
4 139 251 (10240 3040 -256 ) (10240 3072 -256 ) (10240 3072 -264 ) (10240 3040 -264 ) 
4 139 140 (11008 3072 -288 ) (11008 3040 -288 ) (10240 3040 -288 ) (10240 3072 -288 ) 
4 140 268 (10240 3072 -288 ) (10240 3072 -416 ) (10240 2992 -416 ) (10240 2992 -288 ) 
5 140 145 (10521.712891 3072 -416 ) (10874.418945 3072 -416 ) (10748.784180 2992 -416 ) (10535.941406 2992 -416 ) (10497.659180 3056.603516 -416 ) 
3 140 143 (10535.941406 2992 -416 ) (10396.730469 2992 -416 ) (10497.659180 3056.603516 -416 ) 
4 140 142 (10240 3072 -416 ) (10521.712891 3072 -416 ) (10396.730469 2992 -416 ) (10240 2992 -416 ) 
4 140 141 (10874.418945 3072 -416 ) (11008 3072 -416 ) (11008 2992 -416 ) (10748.784180 2992 -416 ) 
4 141 146 (11008 3040 -480 ) (11008 2976 -416 ) (10723.657227 2976 -416 ) (10490.703125 3040 -480 ) 
5 141 145 (10511.596680 3034.260010 -474.259918 ) (10723.656250 2976 -416 ) (10874.416992 3072 -416 ) (10538.162109 3072 -480.536346 ) (10501.823242 3050.891602 -481.148529 ) 
3 141 144 (10536.217773 3072 -480.909485 ) (10489.418945 3072 -489.891418 ) (10501.328125 3051.733398 -481.497162 ) 
3 141 143 (10374.226562 3072 -512 ) (10511.596680 3034.260010 -474.259918 ) (10489.418945 3072 -489.891418 ) 
3 142 269 (10240 2992 -432 ) (10240 2976 -416 ) (10240 2992 -416 ) 
5 142 268 (10240 3072 -416 ) (10240 3072 -467.318604 ) (10240 3009.543945 -449.544006 ) (10240 2992 -432 ) (10240 2992 -416 ) 
3 142 146 (10371.735352 2976 -416 ) (10240 2976 -416 ) (10240 3009.544189 -449.544128 ) 
4 142 145 (10521.710938 3072 -416 ) (10497.658203 3056.603760 -416 ) (10490.399414 3068.949707 -420.835815 ) (10495.650391 3072 -420.747253 ) 
3 142 144 (10489.923828 3069.759521 -421.152985 ) (10488.606445 3072 -422.030518 ) (10493.780273 3072 -421.087982 ) 
5 142 143 (10497.658203 3056.603760 -416 ) (10371.732422 2975.998535 -416 ) (10240 3009.541992 -449.543457 ) (10240 3072 -467.318512 ) (10488.606445 3072 -422.030518 ) 
3 143 270 (10240 3072 -480 ) (10240 3072 -512 ) (10240 3040 -480 ) 
4 143 268 (10240 3072 -467.318604 ) (10240 3072 -480 ) (10240 3040 -480 ) (10240 3009.543945 -449.544006 ) 
6 143 146 (10490.703125 3040 -480 ) (10511.596680 3034.260010 -474.259918 ) (10545.423828 2976 -416 ) (10371.735352 2976 -416 ) (10240 3009.544189 -449.544128 ) (10240 3040 -480 ) 
5 143 145 (10490.401367 3068.950439 -420.837036 ) (10497.662109 3056.601562 -416 ) (10545.424805 2976 -416 ) (10511.599609 3034.257812 -474.258057 ) (10501.825195 3050.892578 -481.147888 ) 
4 143 144 (10488.609375 3072 -422.031464 ) (10489.925781 3069.760254 -421.154205 ) (10501.330078 3051.734375 -481.496582 ) (10489.421875 3072 -489.890350 ) 
3 145 146 (10511.596680 3034.260010 -474.259918 ) (10723.657227 2976 -416 ) (10545.423828 2976 -416 ) 
5 146 269 (10240 2968 -480 ) (10240 2968 -416 ) (10240 2976 -416 ) (10240 2992 -432 ) (10240 2992 -480 ) 
3 146 268 (10240 2992 -432 ) (10240 3040 -480 ) (10240 2992 -480 ) 
4 146 147 (11008 2968 -480 ) (11008 2968 -416 ) (10304 2968 -416 ) (10304 2968 -480 ) 
4 148 157 (9216 5120 896 ) (9216 5120 -116 ) (9216 4608 -116 ) (9216 4608 896 ) 
4 148 154 (9840 4608 1024 ) (9216 4608 1024 ) (9216 4608 -116 ) (9840 4608 -116 ) 
4 148 151 (10156 4608 1024 ) (9840 4608 1024 ) (9840 4608 -116 ) (10156 4608 -116 ) 
4 148 149 (10240 4608 -116 ) (10240 4608 1024 ) (10156 4608 1024 ) (10156 4608 -116 ) 
4 149 152 (10156 4192 -128 ) (10156 4192 1024 ) (10156 4208 1024 ) (10156 4208 -128 ) 
4 149 151 (10156 4608 1024 ) (10156 4608 -512 ) (10156 4208 -512 ) (10156 4208 1024 ) 
4 149 150 (10156 4192 1024 ) (10156 4192 -128 ) (10240 4192 -128 ) (10240 4192 1024 ) 
4 150 170 (10240 4096 -128 ) (10240 4096 1024 ) (10156 4096 1024 ) (10156 4096 -128 ) 
4 150 152 (10156 4096 -128 ) (10156 4096 1024 ) (10156 4192 1024 ) (10156 4192 -128 ) 
3 151 156 (9840 4208 -176.004517 ) (9840 4208 -128 ) (9840 4224.001465 -128 ) 
5 151 155 (9840 4608 -128 ) (9840 4608 -512 ) (9840 4208 -512 ) (9840 4208 -176.004517 ) (9840 4224.001465 -128 ) 
4 151 154 (9840 4608 1024 ) (9840 4608 -128 ) (9840 4208 -128 ) (9840 4208 1024 ) 
4 151 152 (10156 4208 -128 ) (10156 4208 1024 ) (9840 4208 1024 ) (9840 4208 -128 ) 
4 152 170 (9840 4096 1024 ) (9840 4096 -128 ) (10156 4096 -128 ) (10156 4096 1024 ) 
4 152 154 (9840 4096 -128 ) (9840 4096 1024 ) (9840 4208 1024 ) (9840 4208 -128 ) 
4 152 153 (9840 4096 -128 ) (9840 4160.002441 -128 ) (10156 4160 -128 ) (10156 4096 -128 ) 
4 153 173 (9840 4096 -128 ) (9840 4096 -320.006165 ) (10156 4096 -320 ) (10156 4096 -128 ) 
4 154 175 (9216 4096 1024 ) (9216 4096 -128 ) (9840 4096 -128 ) (9840 4096 1024 ) 
4 154 158 (9216 4096 -128 ) (9216 4096 896 ) (9216 4608 896 ) (9216 4608 -128 ) 
4 154 156 (9840 4224.001465 -128 ) (9840 4160 -128 ) (9216 4160 -128 ) (9216 4224 -128 ) 
4 154 155 (9216 4608 -128 ) (9840 4608 -128 ) (9840 4224.001465 -128 ) (9216 4224 -128 ) 
4 155 159 (9216 4096 -512 ) (9216 4224 -128 ) (9216 4608 -128 ) (9216 4608 -512 ) 
4 155 156 (9840 4160 -320 ) (9840 4224 -128 ) (9216 4224 -128 ) (9216 4160 -320 ) 
4 156 160 (9216 4096 -320 ) (9216 4160 -128 ) (9216 4224 -128 ) (9216 4160 -320 ) 
4 157 164 (8192 4608 -116 ) (8192 4608 896 ) (8192 5120 896 ) (8192 5120 -116 ) 
4 157 163 (8192 4608 128 ) (8192 4608 -116 ) (8320 4608 -116 ) (8320 4608 128 ) 
4 157 162 (8320 4608 -116 ) (9116 4608 -116 ) (9116 4608 128 ) (8320 4608 128 ) 
4 157 161 (9116 4608 896 ) (8192 4608 896 ) (8192 4608 128 ) (9116 4608 128 ) 
4 157 158 (9216 4608 -116 ) (9216 4608 896 ) (9116 4608 896 ) (9116 4608 -116 ) 
4 158 274 (9216 4096 -128 ) (9216 4096 0 ) (9136 4096 0 ) (9136 4096 -128 ) 
4 158 272 (9216 4096 0 ) (9216 4096 32 ) (9116 4096 32 ) (9116 4096 0 ) 
4 158 271 (9216 4096 32 ) (9216 4096 896 ) (9116 4096 896 ) (9116 4096 32 ) 
4 158 162 (9116 4608 128 ) (9116 4608 -128 ) (9116 4096 -128 ) (9116 4096 128 ) 
4 158 161 (9116 4608 896 ) (9116 4608 128 ) (9116 4096 128 ) (9116 4096 896 ) 
4 158 160 (9116 4160 -128 ) (9116 4224 -128 ) (9216 4224 -128 ) (9216 4160 -128 ) 
4 158 159 (9116 4224 -128 ) (9116 4608 -128 ) (9216 4608 -128 ) (9216 4224 -128 ) 
4 159 162 (9116 4608 -128 ) (9116 4608 -512 ) (9116 4096 -512 ) (9116 4224 -128 ) 
4 159 160 (9216 4224 -128 ) (9116 4224 -128 ) (9116 4160 -320 ) (9216 4160 -320 ) 
4 160 162 (9116 4096 -320 ) (9116 4160 -128 ) (9116 4224 -128 ) (9116 4160 -320 ) 
4 161 277 (8192 4096 896 ) (8192 4096 128 ) (8496 4096 128 ) (8496 4096 896 ) 
4 161 271 (8496 4096 128 ) (9116 4096 128 ) (9116 4096 896 ) (8496 4096 896 ) 
4 161 167 (8192 4096 128 ) (8192 4096 136 ) (8192 4320 136 ) (8192 4320 128 ) 
4 161 166 (8192 4096 136 ) (8192 4096 896 ) (8192 4320 896 ) (8192 4320 136 ) 
4 161 165 (8192 4320 896 ) (8192 4608 896 ) (8192 4608 128 ) (8192 4320 128 ) 
4 161 163 (8192 4448 128 ) (8192 4608 128 ) (8320 4608 128 ) (8320 4448 128 ) 
4 161 162 (8320 4608 128 ) (9116 4608 128 ) (9116 4096 128 ) (8320 4096 128 ) 
4 162 286 (8320 4096 -512 ) (8496 4096 -512 ) (8496 4096 -256 ) (8320 4096 -256 ) 
4 162 279 (8320 4096 0 ) (8320 4096 -256 ) (8496 4096 -256 ) (8496 4096 0 ) 
4 162 278 (8496 4096 128 ) (8320 4096 128 ) (8320 4096 32 ) (8496 4096 32 ) 
4 162 273 (9008 4096 32 ) (8496 4096 32 ) (8496 4096 0 ) (9008 4096 0 ) 
4 162 272 (9116 4096 0 ) (9116 4096 32 ) (9008 4096 32 ) (9008 4096 0 ) 
4 162 271 (9116 4096 32 ) (9116 4096 128 ) (8496 4096 128 ) (8496 4096 32 ) 
4 162 163 (8320 4608 -512 ) (8320 4448 -512 ) (8320 4448 128 ) (8320 4608 128 ) 
4 163 168 (8192 4448 128 ) (8192 4608 128 ) (8192 4608 -512 ) (8192 4448 -512 ) 
4 164 941 (7168 4608 -116 ) (7168 4608 896 ) (7168 5120 896 ) (7168 5120 -116 ) 
4 164 168 (8192 4608 -116 ) (8192 4608 128 ) (7168 4608 128 ) (7168 4608 -116 ) 
4 164 165 (8192 4608 128 ) (8192 4608 896 ) (7168 4608 896 ) (7168 4608 128 ) 
4 165 942 (7168 4320 896 ) (7168 4608 896 ) (7168 4608 128 ) (7168 4320 128 ) 
4 165 168 (7168 4448 128 ) (7168 4608 128 ) (8192 4608 128 ) (8192 4448 128 ) 
4 165 167 (7168 4320 128 ) (8192 4320 128 ) (8192 4320 136 ) (7168 4320 136 ) 
4 165 166 (8192 4320 136 ) (8192 4320 896 ) (7168 4320 896 ) (7168 4320 136 ) 
4 166 943 (7168 4096 136 ) (7168 4096 896 ) (7168 4320 896 ) (7168 4320 136 ) 
4 166 301 (7168 4096 144 ) (7168 4096 136 ) (8192 4096 136 ) (8192 4096 144 ) 
4 166 298 (7184 4096 144 ) (8152 4096 144 ) (8152 4096 896 ) (7184 4096 896 ) 
4 166 297 (8152 4096 144 ) (8192 4096 144 ) (8192 4096 896 ) (8152 4096 896 ) 
4 166 300 (7168 4096 896 ) (7168 4096 144 ) (7184 4096 144 ) (7184 4096 896 ) 
4 166 167 (7168 4096 136 ) (7168 4320 136 ) (8192 4320 136 ) (8192 4096 136 ) 
4 167 944 (7168 4096 128 ) (7168 4096 136 ) (7168 4320 136 ) (7168 4320 128 ) 
4 167 302 (7168 4096 136 ) (7168 4096 128 ) (8192 4096 128 ) (8192 4096 136 ) 
4 167 169 (8192 4096 128 ) (7168 4096 128 ) (7168 4320 128 ) (8192 4320 128 ) 
4 168 946 (7168 4448 128 ) (7168 4608 128 ) (7168 4608 -512 ) (7168 4448 -512 ) 
4 169 316 (7168 4096 -256 ) (7168 4096 -512 ) (8192 4096 -512 ) (8192 4096 -256 ) 
4 169 315 (7168 4096 128 ) (7168 4096 -256 ) (7332 4096 -256 ) (7332 4096 128 ) 
4 169 311 (7336 4096 -256 ) (7520 4096 -256 ) (7520 4096 40 ) (7336 4096 40 ) 
4 169 310 (7520 4096 -256 ) (7524 4096 -256 ) (7524 4096 40 ) (7520 4096 40 ) 
4 169 314 (7332 4096 -256 ) (7336 4096 -256 ) (7336 4096 40 ) (7332 4096 40 ) 
4 169 309 (7524 4096 40 ) (7524 4096 128 ) (7332 4096 128 ) (7332 4096 40 ) 
4 169 308 (7524 4096 -256 ) (7844 4096 -256 ) (7844 4096 128 ) (7524 4096 128 ) 
4 169 307 (7844 4096 -256 ) (8036 4096 -256 ) (8036 4096 128 ) (7844 4096 128 ) 
4 169 306 (8036 4096 -256 ) (8192 4096 -256 ) (8192 4096 128 ) (8036 4096 128 ) 
4 170 200 (10240 3072 -128 ) (10240 3072 -96 ) (10015.492188 3072 -96 ) (10029.993164 3072 -128 ) 
4 170 197 (10240 3072 -96 ) (10240 3072 -32 ) (10034 3072 -32 ) (10034 3072 -96 ) 
4 170 195 (10240 3072 -32 ) (10240 3072 0 ) (10034 3072 0 ) (10034 3072 -32 ) 
4 170 179 (10240 3072 0 ) (10240 3072 1024 ) (9840 3072 1024 ) (9840 3072 0 ) 
4 170 175 (9840 3072 -128 ) (9840 3072 1024 ) (9840 4096 1024 ) (9840 4096 -128 ) 
4 170 173 (10156 3072 -128 ) (9840 3072 -128 ) (9840 4096 -128 ) (10156 4096 -128 ) 
4 170 171 (10240 3072 -128 ) (10156 3072 -128 ) (10156 4024 -128 ) (10240 4024 -128 ) 
4 171 268 (10240 3072 -352 ) (10240 3072 -288 ) (10156 3072 -288 ) (10156 3072 -352 ) 
4 171 267 (10240 3072 -288 ) (10240 3072 -264 ) (10156 3072 -264 ) (10156 3072 -288 ) 
4 171 251 (10240 3072 -264 ) (10240 3072 -256 ) (10156 3072 -256 ) (10156 3072 -264 ) 
4 171 216 (10240 3072 -256 ) (10240 3072 -128 ) (10156 3072 -128 ) (10156 3072 -256 ) 
4 171 173 (10156 3072 -352 ) (10156 3072 -128 ) (10156 4024 -128 ) (10156 4024 -352 ) 
4 171 172 (10240 3072 -352 ) (10156 3072 -352 ) (10156 4024 -352 ) (10240 4024 -352 ) 
4 172 270 (10240 3072 -512 ) (10240 3072 -480 ) (10156 3072 -480 ) (10156 3072 -512 ) 
4 172 268 (10240 3072 -480 ) (10240 3072 -352 ) (10156 3072 -352 ) (10156 3072 -480 ) 
4 172 174 (10156 4024 -512 ) (10156 3072 -512 ) (10156 3072 -352 ) (10156 4024 -352 ) 
4 173 268 (10088 3072 -352 ) (10156 3072 -352 ) (10156 3072 -288 ) (10088 3072 -288 ) 
4 173 267 (10156 3072 -288 ) (10156 3072 -264 ) (10088 3072 -264 ) (10088 3072 -288 ) 
4 173 251 (10088 3072 -264 ) (10156 3072 -264 ) (10156 3072 -256 ) (10088 3072 -256 ) 
4 173 216 (10156 3072 -128 ) (10029.993164 3072 -128 ) (10087.994141 3072 -256 ) (10156 3072 -256 ) 
4 173 177 (9840 3524 -288 ) (9840 3524 -352 ) (9840 3132 -352 ) (9840 3132 -288 ) 
4 173 176 (9840 4020 -288 ) (9840 4020 -352 ) (9840 3652 -352 ) (9840 3652 -288 ) 
4 173 174 (9840 3072 -352 ) (9840 4096 -352 ) (10156 4096 -352 ) (10156 3072 -352 ) 
4 174 270 (10088 3072 -512 ) (10156 3072 -512 ) (10156 3072 -480 ) (10088 3072 -480 ) 
4 174 268 (10156 3072 -480 ) (10156 3072 -352 ) (10088 3072 -352 ) (10088 3072 -480 ) 
4 174 177 (9840 3524 -512 ) (9840 3132 -512 ) (9840 3132 -352 ) (9840 3524 -352 ) 
4 174 176 (9840 4020 -512 ) (9840 3652 -512 ) (9840 3652 -352 ) (9840 4020 -352 ) 
4 175 274 (9216 4096 0 ) (9216 4096 -128 ) (9216 3072 -128 ) (9216 3072 0 ) 
4 175 272 (9216 4096 32 ) (9216 4096 0 ) (9216 3072 0 ) (9216 3072 32 ) 
4 175 271 (9216 4096 896 ) (9216 4096 32 ) (9216 3072 32 ) (9216 3072 896 ) 
4 175 187 (9216 3072 512 ) (9216 3072 0 ) (9440 3072 0 ) (9440 3072 512 ) 
4 175 186 (9216 3072 1024 ) (9216 3072 512 ) (9584 3072 512 ) (9584 3072 1024 ) 
4 175 180 (9584 3072 0 ) (9696 3072 0 ) (9696 3072 1024 ) (9584 3072 1024 ) 
4 175 179 (9696 3072 0 ) (9840 3072 0 ) (9840 3072 1024 ) (9696 3072 1024 ) 
4 176 178 (9832 4020 -512 ) (9832 3652 -512 ) (9832 3652 -288 ) (9832 4020 -288 ) 
4 177 178 (9832 3524 -512 ) (9832 3132 -512 ) (9832 3132 -288 ) (9832 3524 -288 ) 
4 178 288 (9216 3104 -512 ) (9216 3072 -512 ) (9216 3072 -256 ) (9216 3104 -256 ) 
4 178 285 (9216 4096 -256 ) (9216 4096 -512 ) (9216 3104 -512 ) (9216 3104 -256 ) 
4 178 275 (9216 4096 -244 ) (9216 4096 -256 ) (9216 3072 -256 ) (9216 3072 -244 ) 
4 179 196 (10034 2560 0 ) (10004 2560 0 ) (10004 2576 0 ) (10034 2576 0 ) 
4 179 195 (10240 3072 0 ) (10240 2560 0 ) (10034 2560 0 ) (10034 3072 0 ) 
4 179 183 (10144 2500 0 ) (10240 2500 0 ) (10240 2500 512 ) (10144 2500 512 ) 
4 179 184 (9952 2500 0 ) (10080 2500 0 ) (10080 2500 512 ) (9952 2500 512 ) 
4 179 182 (10240 2500 512 ) (10240 2500 1024 ) (9696 2500 1024 ) (9696 2500 512 ) 
4 179 181 (9696 2500 512 ) (9696 2500 1024 ) (9696 2560 1024 ) (9696 2560 512 ) 
4 179 180 (9696 3072 0 ) (9696 2560 0 ) (9696 2560 1024 ) (9696 3072 1024 ) 
4 180 190 (9584 2944 0 ) (9584 2560 0 ) (9584 2560 1024 ) (9584 2944 1024 ) 
4 180 188 (9584 2944 512 ) (9584 2944 1024 ) (9584 3056 1024 ) (9584 3056 512 ) 
4 180 186 (9584 3072 1024 ) (9584 3072 512 ) (9584 3056 512 ) (9584 3056 1024 ) 
4 180 181 (9696 2560 512 ) (9696 2560 1024 ) (9584 2560 1024 ) (9584 2560 512 ) 
4 181 190 (9584 2500 512 ) (9584 2500 1024 ) (9584 2560 1024 ) (9584 2560 512 ) 
4 181 182 (9584 2500 1024 ) (9584 2500 512 ) (9696 2500 512 ) (9696 2500 1024 ) 
4 182 190 (9584 2484 512 ) (9584 2484 1024 ) (9584 2500 1024 ) (9584 2500 512 ) 
4 182 185 (9584 2484 1024 ) (9584 2484 512 ) (10240 2484 512 ) (10240 2484 1024 ) 
4 182 183 (10240 2484 512 ) (10144 2484 512 ) (10144 2500 512 ) (10240 2500 512 ) 
4 182 184 (10080 2484 512 ) (9952 2484 512 ) (9952 2500 512 ) (10080 2500 512 ) 
4 185 644 (10240 2048 512 ) (10240 2048 1024 ) (9584 2048 1024 ) (9584 2048 512 ) 
4 185 192 (9584 2048 512 ) (9584 2048 1024 ) (9584 2052 1024 ) (9584 2052 512 ) 
4 185 191 (9584 2052 1024 ) (9584 2176 1024 ) (9584 2176 512 ) (9584 2052 512 ) 
4 185 190 (9584 2176 1024 ) (9584 2484 1024 ) (9584 2484 512 ) (9584 2176 512 ) 
4 186 331 (9216 3072 896 ) (9216 3072 512 ) (9216 3056 512 ) (9216 3056 896 ) 
4 186 189 (9440 3056 1024 ) (9216 3056 1024 ) (9216 3056 512 ) (9440 3056 512 ) 
4 186 188 (9584 3056 512 ) (9584 3056 1024 ) (9440 3056 1024 ) (9440 3056 512 ) 
4 186 187 (9440 3056 512 ) (9216 3056 512 ) (9216 3072 512 ) (9440 3072 512 ) 
4 187 332 (9216 3072 512 ) (9216 3072 0 ) (9216 3056 0 ) (9216 3056 512 ) 
4 188 190 (9584 2944 512 ) (9584 2944 1024 ) (9440 2944 1024 ) (9440 2944 512 ) 
4 188 189 (9440 3056 1024 ) (9440 3056 512 ) (9440 2944 512 ) (9440 2944 1024 ) 
4 189 333 (9216 3056 896 ) (9216 3056 512 ) (9216 2944 512 ) (9216 2944 896 ) 
4 189 190 (9216 2944 1024 ) (9216 2944 512 ) (9440 2944 512 ) (9440 2944 1024 ) 
4 190 335 (9216 2304 0 ) (9216 2176 0 ) (9216 2176 896 ) (9216 2304 896 ) 
4 190 334 (9216 2944 896 ) (9216 2944 0 ) (9216 2304 0 ) (9216 2304 896 ) 
4 190 191 (9584 2176 512 ) (9584 2176 1024 ) (9216 2176 1024 ) (9216 2176 512 ) 
4 191 336 (9216 2176 896 ) (9216 2176 512 ) (9216 2052 512 ) (9216 2052 896 ) 
4 191 192 (9216 2052 1024 ) (9216 2052 512 ) (9584 2052 512 ) (9584 2052 1024 ) 
4 192 644 (9216 2048 1024 ) (9216 2048 512 ) (9584 2048 512 ) (9584 2048 1024 ) 
4 192 340 (9216 2048 512 ) (9216 2048 896 ) (9216 2052 896 ) (9216 2052 512 ) 
4 192 194 (9216 2052 512 ) (9248 2052 512 ) (9248 2048 512 ) (9216 2048 512 ) 
4 192 193 (9312 2052 512 ) (9440 2052 512 ) (9440 2048 512 ) (9312 2048 512 ) 
4 193 645 (9312 2048 0 ) (9440 2048 0 ) (9440 2048 512 ) (9312 2048 512 ) 
4 194 645 (9216 2048 512 ) (9216 2048 0 ) (9248 2048 0 ) (9248 2048 512 ) 
4 194 341 (9216 2048 0 ) (9216 2048 512 ) (9216 2052 512 ) (9216 2052 0 ) 
4 195 197 (10034 3072 -32 ) (10240 3072 -32 ) (10240 2560 -32 ) (10034 2560 -32 ) 
4 195 196 (10034 2576 -32 ) (10034 2560 -32 ) (10034 2560 0 ) (10034 2576 0 ) 
4 196 198 (10034 2576 -32 ) (10034 2560 -32 ) (10004 2560 -32 ) (10004 2576 -32 ) 
4 197 203 (10240 2576 -96 ) (10240 2560 -96 ) (10034 2560 -96 ) (10034 2576 -96 ) 
4 197 202 (10240 2700 -96 ) (10240 2576 -96 ) (10034 2576 -96 ) (10034 2700 -96 ) 
4 197 201 (10240 2956 -96 ) (10240 2700 -96 ) (10034 2700 -96 ) (10034 2956 -96 ) 
4 197 200 (10034 3072 -96 ) (10240 3072 -96 ) (10240 2956 -96 ) (10034 2956 -96 ) 
4 197 198 (10034 2576 -96 ) (10034 2560 -96 ) (10034 2560 -32 ) (10034 2576 -32 ) 
4 198 203 (10004 2560 -96 ) (10004 2576 -96 ) (10034 2576 -96 ) (10034 2560 -96 ) 
4 199 655 (10240 2048 -96 ) (10240 2048 -32 ) (10004 2048 -32 ) (10004 2048 -96 ) 
4 199 208 (10004 2048 -96 ) (10004 2048 -32 ) (10004 2544 -32 ) (10004 2544 -96 ) 
4 199 204 (10240 2048 -96 ) (10004 2048 -96 ) (10004 2544 -96 ) (10240 2544 -96 ) 
4 200 216 (10029.993164 3072 -128 ) (10240 3072 -128 ) (10240 2956 -128 ) (10029.993164 2956 -128 ) 
4 200 201 (10240 2956 -96 ) (10015.492188 2956 -96 ) (10029.993164 2956 -128 ) (10240 2956 -128 ) 
4 201 217 (10030 2956 -128 ) (10240 2956 -128 ) (10240 2700 -128 ) (10030 2700 -128 ) 
4 201 202 (10240 2700 -96 ) (10015.500000 2700 -96 ) (10030 2700 -128 ) (10240 2700 -128 ) 
4 202 219 (10029.993164 2700 -128 ) (10240 2700 -128 ) (10240 2576 -128 ) (10029.993164 2576 -128 ) 
4 202 203 (10240 2576 -96 ) (10015.492188 2576 -96 ) (10029.993164 2576 -128 ) (10240 2576 -128 ) 
4 203 220 (10004 2560 -128 ) (10004 2576 -128 ) (10240 2576 -128 ) (10240 2560 -128 ) 
4 204 655 (10240 2048 -128 ) (10240 2048 -96 ) (10004 2048 -96 ) (10004 2048 -128 ) 
4 204 221 (10240 2048 -128 ) (10004 2048 -128 ) (10004 2544 -128 ) (10240 2544 -128 ) 
4 204 208 (10004 2544 -128 ) (10004 2048 -128 ) (10004 2048 -96 ) (10004 2544 -96 ) 
4 205 233 (9928 2992 -128 ) (9952 2992 -128 ) (9952 2676 -128 ) (9928 2676 -128 ) 
4 205 230 (9952 2992 -128 ) (9988 2992 -128 ) (9988 2676 -128 ) (9952 2676 -128 ) 
4 205 207 (9928 2992 -32 ) (9928 2992 -128 ) (9928 2676 -128 ) (9928 2676 -32 ) 
4 205 206 (9928 2676 -32 ) (9928 2676 -128 ) (9960 2676 -128 ) (9960 2676 -32 ) 
4 206 233 (9928 2644 -128 ) (9928 2676 -128 ) (9952 2676 -128 ) (9952 2668 -128 ) 
3 206 231 (9952 2676 -128 ) (9960 2676 -128 ) (9952 2668 -128 ) 
4 206 207 (9928 2676 -128 ) (9928 2644 -128 ) (9928 2644 -32 ) (9928 2676 -32 ) 
5 207 236 (9680 2544 -128 ) (9680 2863.998047 -128 ) (9808.001953 2992 -128 ) (9928 2992 -128 ) (9928 2544 -128 ) 
4 207 211 (9680 2544 -32 ) (9680 2544 -128 ) (9928 2544 -128 ) (9928 2544 -32 ) 
4 208 655 (10004 2048 -32 ) (9952 2048 -32 ) (9952 2048 -128 ) (10004 2048 -128 ) 
4 208 232 (9988 2048 -128 ) (9952 2048 -128 ) (9952 2544 -128 ) (9988 2544 -128 ) 
4 208 229 (10004 2048 -128 ) (9988 2048 -128 ) (9988 2544 -128 ) (10004 2544 -128 ) 
4 208 212 (9952 2056 -128 ) (9952 2048 -128 ) (9952 2048 -32 ) (9952 2056 -32 ) 
4 208 209 (9952 2508 -128 ) (9952 2364 -128 ) (9952 2364 -32 ) (9952 2508 -32 ) 
3 209 242 (9952 2372 -128 ) (9952 2364 -128 ) (9944 2372 -128 ) 
4 209 237 (9952 2500 -128 ) (9952 2372 -128 ) (9944 2372 -128 ) (9944 2500 -128 ) 
3 209 234 (9952 2508 -128 ) (9952 2500 -128 ) (9944 2500 -128 ) 
3 210 241 (9935.997070 2372 -128 ) (9928 2364.002197 -128 ) (9928 2372 -128 ) 
5 210 240 (9936 2500 -128 ) (9936 2372.002686 -128 ) (9935.997070 2372 -128 ) (9928 2372 -128 ) (9928 2500 -128 ) 
3 210 235 (9936 2500 -128 ) (9928 2500 -128 ) (9928 2508 -128 ) 
4 210 211 (9928 2508 -128 ) (9928 2364.002197 -128 ) (9928 2364.002197 -32 ) (9928 2508 -32 ) 
4 211 243 (9928 2372 -128 ) (9928 2352 -128 ) (9775.998047 2352 -128 ) (9755.998047 2372 -128 ) 
5 211 240 (9680 2447.998047 -128 ) (9680 2500 -128 ) (9928 2500 -128 ) (9928 2372 -128 ) (9755.998047 2372 -128 ) 
4 211 236 (9680 2500 -128 ) (9680 2544 -128 ) (9928 2544 -128 ) (9928 2500 -128 ) 
4 212 658 (9952 2048 -32 ) (9944 2048 -32 ) (9944 2048 -128 ) (9952 2048 -128 ) 
3 212 244 (9952 2048 -128 ) (9944 2048 -128 ) (9952 2056 -128 ) 
4 213 249 (9928 2083.998291 -128 ) (9928 2328 -128 ) (9936 2328 -128 ) (9936 2091.998047 -128 ) 
4 213 215 (9928 2328 -32 ) (9928 2328 -128 ) (9928 2083.998291 -128 ) (9928 2083.998291 -32 ) 
4 214 659 (9936 2048 -32 ) (9928 2048 -32 ) (9928 2048 -128 ) (9936 2048 -128 ) 
3 214 248 (9936 2048 -128 ) (9928 2048 -128 ) (9928 2056 -128 ) 
4 214 215 (9928 2056 -128 ) (9928 2048 -128 ) (9928 2048 -32 ) (9928 2056 -32 ) 
4 215 660 (9928 2048 -32 ) (9680 2048 -32 ) (9680 2048 -128 ) (9928 2048 -128 ) 
4 215 250 (9928 2048 -128 ) (9680 2048 -128 ) (9680 2328 -128 ) (9928 2328 -128 ) 
4 216 251 (10240 3072 -256 ) (10240 3040 -256 ) (10087.994141 3040 -256 ) (10087.994141 3072 -256 ) 
4 216 217 (10087.994141 2956 -256 ) (10240 2956 -256 ) (10240 2956 -128 ) (10029.993164 2956 -128 ) 
4 217 219 (10087.994141 2700 -256 ) (10240 2700 -256 ) (10240 2700 -128 ) (10029.993164 2700 -128 ) 
4 217 218 (10008 2955 -256 ) (10008 2701 -256 ) (10008 2701 -128 ) (10008 2955 -128 ) 
4 218 262 (10004 2732 -256 ) (10004 2756 -256 ) (10008 2756 -256 ) (10008 2732 -256 ) 
4 218 257 (10004 2816 -256 ) (10004 2840 -256 ) (10008 2840 -256 ) (10008 2816 -256 ) 
4 218 252 (10004 2900 -256 ) (10004 2924 -256 ) (10008 2924 -256 ) (10008 2900 -256 ) 
4 218 223 (10004 2955 -256 ) (10004 2701 -256 ) (10004 2701 -128 ) (10004 2955 -128 ) 
4 219 220 (10087.994141 2576 -256 ) (10240 2576 -256 ) (10240 2576 -128 ) (10029.993164 2576 -128 ) 
4 221 676 (10240 2048 -256 ) (10240 2048 -144 ) (10004 2048 -144 ) (10004 2048 -256 ) 
4 221 674 (10240 2048 -144 ) (10240 2048 -128 ) (10004 2048 -128 ) (10004 2048 -144 ) 
4 221 229 (10004 2544 -256 ) (10004 2048 -256 ) (10004 2048 -128 ) (10004 2544 -128 ) 
4 222 230 (9988 2956 -256 ) (9988 2955 -256 ) (9988 2955 -128 ) (9988 2956 -128 ) 
4 222 227 (9988 2955 -128 ) (9988 2955 -256 ) (9996 2955 -256 ) (9996 2955 -128 ) 
4 223 262 (10004 2756 -256 ) (10004 2732 -256 ) (10003 2732 -256 ) (10003 2756 -256 ) 
4 223 257 (10004 2840 -256 ) (10004 2816 -256 ) (10003 2816 -256 ) (10003 2840 -256 ) 
4 223 252 (10004 2924 -256 ) (10004 2900 -256 ) (10003 2900 -256 ) (10003 2924 -256 ) 
4 223 224 (10003 2955 -128 ) (10003 2955 -256 ) (10003 2701 -256 ) (10003 2701 -128 ) 
4 224 263 (10003 2756 -256 ) (10003 2732 -256 ) (10002 2732 -256 ) (10002 2756 -256 ) 
4 224 258 (10003 2840 -256 ) (10003 2816 -256 ) (10002 2816 -256 ) (10002 2840 -256 ) 
4 224 253 (10003 2924 -256 ) (10003 2900 -256 ) (10002 2900 -256 ) (10002 2924 -256 ) 
4 224 225 (10002 2955 -128 ) (10002 2955 -256 ) (10002 2701 -256 ) (10002 2701 -128 ) 
4 225 264 (10002 2756 -256 ) (10002 2732 -256 ) (10001 2732 -256 ) (10001 2756 -256 ) 
4 225 259 (10002 2840 -256 ) (10002 2816 -256 ) (10001 2816 -256 ) (10001 2840 -256 ) 
4 225 254 (10002 2924 -256 ) (10002 2900 -256 ) (10001 2900 -256 ) (10001 2924 -256 ) 
4 225 226 (10001 2955 -128 ) (10001 2955 -256 ) (10001 2701 -256 ) (10001 2701 -128 ) 
4 226 265 (10001 2756 -256 ) (10001 2732 -256 ) (10000 2732 -256 ) (10000 2756 -256 ) 
4 226 260 (10001 2840 -256 ) (10001 2816 -256 ) (10000 2816 -256 ) (10000 2840 -256 ) 
4 226 255 (10001 2924 -256 ) (10001 2900 -256 ) (10000 2900 -256 ) (10000 2924 -256 ) 
4 226 227 (10000 2955 -128 ) (10000 2955 -256 ) (10000 2701 -256 ) (10000 2701 -128 ) 
4 227 266 (9996.003906 2756 -256 ) (10000 2756 -256 ) (10000 2732 -256 ) (9996.004883 2732 -256 ) 
4 227 261 (9996 2840 -256 ) (10000 2840 -256 ) (10000 2816 -256 ) (9996 2816 -256 ) 
4 227 256 (9995.997070 2924 -256 ) (10000 2924 -256 ) (10000 2900 -256 ) (9995.998047 2900 -256 ) 
4 227 230 (9988 2955 -256 ) (9988 2701 -256 ) (9988 2701 -128 ) (9988 2955 -128 ) 
4 227 228 (9988 2701 -128 ) (9988 2701 -256 ) (9996 2701 -256 ) (9996 2701 -128 ) 
4 228 230 (9988 2701 -256 ) (9988 2700 -256 ) (9988 2700 -128 ) (9988 2701 -128 ) 
4 229 676 (9988 2048 -144 ) (9988 2048 -256 ) (10004 2048 -256 ) (10004 2048 -144 ) 
4 229 674 (10004 2048 -128 ) (9988 2048 -128 ) (9988 2048 -144 ) (10004 2048 -144 ) 
4 229 232 (9988 2544 -256 ) (9988 2048 -256 ) (9988 2048 -128 ) (9988 2544 -128 ) 
4 230 233 (9952 2992 -256 ) (9952 2676 -256 ) (9952 2676 -128 ) (9952 2992 -128 ) 
4 230 231 (9952 2676 -128 ) (9952 2676 -256 ) (9960 2676 -256 ) (9960 2676 -128 ) 
4 231 233 (9952 2676 -256 ) (9952 2668 -256 ) (9952 2668 -128 ) (9952 2676 -128 ) 
4 232 676 (9952 2048 -144 ) (9952 2048 -256 ) (9988 2048 -256 ) (9988 2048 -144 ) 
4 232 674 (9988 2048 -128 ) (9952 2048 -128 ) (9952 2048 -144 ) (9988 2048 -144 ) 
4 232 247 (9952 2056 -256 ) (9952 2048 -256 ) (9952 2048 -224 ) (9952 2056 -224 ) 
4 232 246 (9952 2048 -224 ) (9952 2048 -144 ) (9952 2056 -144 ) (9952 2056 -224 ) 
4 232 245 (9952 2124 -144 ) (9952 2316 -144 ) (9952 2316 -224 ) (9952 2124 -224 ) 
4 232 244 (9952 2048 -144 ) (9952 2048 -128 ) (9952 2056 -128 ) (9952 2056 -144 ) 
4 232 242 (9952 2372 -256 ) (9952 2364 -256 ) (9952 2364 -128 ) (9952 2372 -128 ) 
4 232 238 (9952 2500 -256 ) (9952 2372 -256 ) (9952 2372 -144 ) (9952 2500 -144 ) 
4 232 237 (9952 2372 -144 ) (9952 2372 -128 ) (9952 2500 -128 ) (9952 2500 -144 ) 
4 232 234 (9952 2508 -256 ) (9952 2500 -256 ) (9952 2500 -128 ) (9952 2508 -128 ) 
4 233 236 (9928 2992 -128 ) (9928 2992 -256 ) (9928 2644 -256 ) (9928 2644 -128 ) 
4 234 238 (9944 2500 -256 ) (9952 2500 -256 ) (9952 2500 -144 ) (9944 2500 -144 ) 
4 234 237 (9952 2500 -144 ) (9952 2500 -128 ) (9944 2500 -128 ) (9944 2500 -144 ) 
4 235 240 (9928 2500 -256 ) (9936 2500 -256 ) (9936 2500 -128 ) (9928 2500 -128 ) 
4 235 236 (9928 2508 -256 ) (9928 2500 -256 ) (9928 2500 -128 ) (9928 2508 -128 ) 
4 236 240 (9680 2500 -128 ) (9680 2500 -256 ) (9928 2500 -256 ) (9928 2500 -128 ) 
4 237 242 (9952 2372 -144 ) (9952 2372 -128 ) (9944 2372 -128 ) (9944 2372 -144 ) 
4 237 238 (9952 2372 -144 ) (9944 2372 -144 ) (9944 2500 -144 ) (9952 2500 -144 ) 
4 238 242 (9944 2372 -256 ) (9952 2372 -256 ) (9952 2372 -144 ) (9944 2372 -144 ) 
4 238 239 (9944 2372 -256 ) (9944 2372 -144 ) (9944 2500 -144 ) (9944 2500 -256 ) 
4 239 240 (9936 2500 -144 ) (9936 2500 -256 ) (9936 2372 -256 ) (9936 2372 -144 ) 
4 240 243 (9755.997070 2372 -256 ) (9928 2372 -256 ) (9928 2372 -128 ) (9755.997070 2372 -128 ) 
4 240 241 (9928 2372 -256 ) (9936 2372 -256 ) (9936 2372 -128 ) (9928 2372 -128 ) 
4 241 243 (9928 2372 -128 ) (9928 2372 -256 ) (9928 2364.002197 -256 ) (9928 2364.002197 -128 ) 
4 244 674 (9952 2048 -128 ) (9944 2048 -128 ) (9944 2048 -144 ) (9952 2048 -144 ) 
3 244 246 (9952 2056 -144 ) (9952 2048 -144 ) (9944 2048 -144 ) 
4 245 249 (9936 2316 -224 ) (9936 2124 -224 ) (9936 2124 -144 ) (9936 2316 -144 ) 
4 246 676 (9944 2048 -224 ) (9952 2048 -224 ) (9952 2048 -144 ) (9944 2048 -144 ) 
3 246 247 (9952 2056 -224 ) (9952 2048 -224 ) (9944 2048 -224 ) 
4 247 676 (9944 2048 -256 ) (9952 2048 -256 ) (9952 2048 -224 ) (9944 2048 -224 ) 
4 248 678 (9928 2048 -144 ) (9928 2048 -256 ) (9936 2048 -256 ) (9936 2048 -144 ) 
4 248 675 (9936 2048 -128 ) (9928 2048 -128 ) (9928 2048 -144 ) (9936 2048 -144 ) 
4 248 250 (9928 2056 -256 ) (9928 2048 -256 ) (9928 2048 -128 ) (9928 2056 -128 ) 
4 249 250 (9928 2328 -128 ) (9928 2328 -256 ) (9928 2083.998291 -256 ) (9928 2083.998291 -128 ) 
4 250 678 (9680 2048 -144 ) (9680 2048 -256 ) (9928 2048 -256 ) (9928 2048 -144 ) 
4 250 675 (9928 2048 -128 ) (9680 2048 -128 ) (9680 2048 -144 ) (9928 2048 -144 ) 
4 251 267 (10088 3072 -264 ) (10240 3072 -264 ) (10240 3040 -264 ) (10088 3040 -264 ) 
4 252 253 (10003 2924 -256 ) (10003 2924 -264 ) (10003 2900 -264 ) (10003 2900 -256 ) 
4 253 254 (10002 2924 -256 ) (10002 2924 -264 ) (10002 2900 -264 ) (10002 2900 -256 ) 
4 254 255 (10001 2924 -256 ) (10001 2924 -264 ) (10001 2900 -264 ) (10001 2900 -256 ) 
4 255 256 (10000 2924 -256 ) (10000 2924 -264 ) (10000 2900 -264 ) (10000 2900 -256 ) 
4 257 258 (10003 2840 -256 ) (10003 2840 -264 ) (10003 2816 -264 ) (10003 2816 -256 ) 
4 258 259 (10002 2840 -256 ) (10002 2840 -264 ) (10002 2816 -264 ) (10002 2816 -256 ) 
4 259 260 (10001 2840 -256 ) (10001 2840 -264 ) (10001 2816 -264 ) (10001 2816 -256 ) 
4 260 261 (10000 2840 -256 ) (10000 2840 -263.996582 ) (10000 2816 -263.994629 ) (10000 2816 -256 ) 
4 262 263 (10003 2756 -256 ) (10003 2756 -264 ) (10003 2732 -264 ) (10003 2732 -256 ) 
4 263 264 (10002 2756 -256 ) (10002 2756 -264 ) (10002 2732 -264 ) (10002 2732 -256 ) 
4 264 265 (10001 2756 -256 ) (10001 2756 -264 ) (10001 2732 -264 ) (10001 2732 -256 ) 
4 265 266 (10000 2756 -256 ) (10000 2756 -263.989746 ) (10000 2732 -263.987793 ) (10000 2732 -256 ) 
4 267 268 (10088 3040 -288 ) (10088 3072 -288 ) (10240 3072 -288 ) (10240 3040 -288 ) 
4 268 270 (10088 3040 -480 ) (10088 3072 -480 ) (10240 3072 -480 ) (10240 3040 -480 ) 
4 268 269 (10088 2992 -480 ) (10240 2992 -480 ) (10240 2992 -416 ) (10088 2992 -416 ) 
4 271 347 (8704 3072 896 ) (8496 3072 896 ) (8496 3072 32 ) (8704 3072 32 ) 
4 271 344 (8720 3072 896 ) (8704 3072 896 ) (8704 3072 512 ) (8720 3072 512 ) 
4 271 343 (8816 3072 896 ) (8720 3072 896 ) (8720 3072 512 ) (8816 3072 512 ) 
4 271 332 (9216 3072 32 ) (9216 3072 512 ) (8960 3072 512 ) (8960 3072 32 ) 
4 271 331 (9216 3072 512 ) (9216 3072 896 ) (8816 3072 896 ) (8816 3072 512 ) 
4 271 280 (8496 3936 32 ) (8496 3072 32 ) (8496 3072 128 ) (8496 3936 128 ) 
4 271 278 (8496 4096 128 ) (8496 4096 32 ) (8496 4064 32 ) (8496 4064 128 ) 
4 271 277 (8496 4096 896 ) (8496 4096 128 ) (8496 3072 128 ) (8496 3072 896 ) 
4 271 273 (9008 3072 32 ) (8496 3072 32 ) (8496 4096 32 ) (9008 4096 32 ) 
4 271 272 (9216 3072 32 ) (9008 3072 32 ) (9008 4096 32 ) (9216 4096 32 ) 
4 272 332 (9216 3072 0 ) (9216 3072 32 ) (9008 3072 32 ) (9008 3072 0 ) 
4 272 274 (9216 3072 0 ) (9136 3072 0 ) (9136 4096 0 ) (9216 4096 0 ) 
4 272 273 (9008 4096 0 ) (9008 3072 0 ) (9008 3072 32 ) (9008 4096 32 ) 
4 273 347 (8704 3072 32 ) (8496 3072 32 ) (8496 3072 0 ) (8704 3072 0 ) 
4 273 332 (9008 3072 32 ) (8960 3072 32 ) (8960 3072 0 ) (9008 3072 0 ) 
4 273 276 (8496 3232 0 ) (8496 3936 0 ) (9008 4064 0 ) (9008 3104 0 ) 
4 275 288 (9216 3072 -256 ) (9136 3072 -256 ) (9136 3104 -256 ) (9216 3104 -256 ) 
4 275 285 (9136 3104 -256 ) (9136 4096 -256 ) (9216 4096 -256 ) (9216 3104 -256 ) 
4 276 285 (8496 3232 -256 ) (8496 3936 -256 ) (9008 4064 -256 ) (9008 3104 -256 ) 
4 276 281 (8496 3936 -256 ) (8496 3232 -256 ) (8496 3232 0 ) (8496 3936 0 ) 
4 277 347 (8192 3072 896 ) (8192 3072 128 ) (8496 3072 128 ) (8496 3072 896 ) 
4 277 323 (8192 3104 128 ) (8192 3072 128 ) (8192 3072 896 ) (8192 3104 896 ) 
4 277 304 (8192 3912 128 ) (8192 3168 128 ) (8192 3168 136 ) (8192 3912 136 ) 
4 277 303 (8192 3168 136 ) (8192 3168 896 ) (8192 3912 896 ) (8192 3912 136 ) 
4 277 305 (8192 3168 128 ) (8192 3104 128 ) (8192 3104 896 ) (8192 3168 896 ) 
4 277 302 (8192 4096 136 ) (8192 4096 128 ) (8192 3912 128 ) (8192 3912 136 ) 
4 277 301 (8192 4096 144 ) (8192 4096 136 ) (8192 3912 136 ) (8192 3912 144 ) 
4 277 297 (8192 4096 896 ) (8192 4096 144 ) (8192 3912 144 ) (8192 3912 896 ) 
4 277 280 (8496 3936 128 ) (8496 3072 128 ) (8320 3072 128 ) (8320 3936 128 ) 
4 277 278 (8320 4096 128 ) (8496 4096 128 ) (8496 4064 128 ) (8320 4064 128 ) 
4 279 286 (8320 4096 -256 ) (8496 4096 -256 ) (8496 4064 -256 ) (8320 4064 -256 ) 
4 280 347 (8496 3072 32 ) (8496 3072 128 ) (8320 3072 128 ) (8320 3072 32 ) 
4 281 287 (8320 3936 -256 ) (8496 3936 -256 ) (8496 3232 -256 ) (8320 3232 -256 ) 
4 281 282 (8320 3936 -80 ) (8320 3936 -256 ) (8320 3232 -256 ) (8320 3232 -80 ) 
4 282 306 (8192 3936 -256 ) (8192 3232 -256 ) (8192 3232 -80 ) (8192 3936 -80 ) 
4 282 287 (8192 3232 -256 ) (8192 3936 -256 ) (8320 3936 -256 ) (8320 3232 -256 ) 
4 283 358 (8320 3072 -256 ) (8336 3072 -256 ) (8336 3072 -192 ) (8320 3072 -192 ) 
4 283 356 (8336 3072 -192 ) (8336 3072 -160 ) (8320 3072 -160 ) (8320 3072 -192 ) 
4 283 355 (8336 3072 -160 ) (8336 3072 -8 ) (8320 3072 -8 ) (8320 3072 -160 ) 
4 283 354 (8336 3072 -256 ) (8496 3072 -256 ) (8496 3072 -8 ) (8336 3072 -8 ) 
4 283 289 (8496 3072 -256 ) (8320 3072 -256 ) (8320 3104 -256 ) (8496 3104 -256 ) 
4 283 284 (8320 3104 -80 ) (8320 3104 -256 ) (8320 3072 -256 ) (8320 3072 -80 ) 
4 284 363 (8192 3072 -192 ) (8192 3072 -256 ) (8256 3072 -256 ) (8256 3072 -192 ) 
4 284 360 (8256 3072 -256 ) (8272 3072 -256 ) (8272 3072 -192 ) (8256 3072 -192 ) 
4 284 358 (8272 3072 -256 ) (8320 3072 -256 ) (8320 3072 -192 ) (8272 3072 -192 ) 
4 284 356 (8192 3072 -160 ) (8192 3072 -192 ) (8320 3072 -192 ) (8320 3072 -160 ) 
4 284 355 (8192 3072 -80 ) (8192 3072 -160 ) (8320 3072 -160 ) (8320 3072 -80 ) 
4 284 323 (8192 3104 -256 ) (8192 3072 -256 ) (8192 3072 -80 ) (8192 3104 -80 ) 
4 284 294 (8200 3072 -256 ) (8192 3072 -256 ) (8192 3104 -256 ) (8200 3104 -256 ) 
4 284 293 (8256 3072 -256 ) (8200 3072 -256 ) (8200 3104 -256 ) (8256 3104 -256 ) 
4 284 290 (8272 3072 -256 ) (8256 3072 -256 ) (8256 3104 -256 ) (8272 3104 -256 ) 
4 284 289 (8320 3072 -256 ) (8272 3072 -256 ) (8272 3104 -256 ) (8320 3104 -256 ) 
4 285 288 (9216 3104 -256 ) (9008 3104 -256 ) (9008 3104 -512 ) (9216 3104 -512 ) 
4 285 287 (8496 3936 -512 ) (8496 3232 -512 ) (8496 3232 -256 ) (8496 3936 -256 ) 
4 287 316 (8192 3936 -512 ) (8192 3232 -512 ) (8192 3232 -256 ) (8192 3936 -256 ) 
4 289 371 (8272 3072 -440 ) (8272 3072 -512 ) (8496 3072 -512 ) (8496 3072 -440 ) 
4 289 358 (8336 3072 -256 ) (8272 3072 -256 ) (8272 3072 -440 ) (8336 3072 -440 ) 
4 289 354 (8496 3072 -256 ) (8336 3072 -256 ) (8336 3072 -440 ) (8496 3072 -440 ) 
4 289 291 (8272 3104 -432 ) (8272 3104 -512 ) (8272 3072 -512 ) (8272 3072 -432 ) 
4 289 290 (8272 3104 -256 ) (8272 3104 -276 ) (8272 3072 -276 ) (8272 3072 -256 ) 
4 290 360 (8272 3072 -276 ) (8272 3072 -256 ) (8256 3072 -256 ) (8256 3072 -276 ) 
4 290 293 (8256 3104 -256 ) (8256 3104 -276 ) (8256 3072 -276 ) (8256 3072 -256 ) 
4 291 371 (8272 3072 -512 ) (8272 3072 -440 ) (8256 3072 -440 ) (8256 3072 -512 ) 
4 291 361 (8272 3072 -440 ) (8272 3072 -432 ) (8256 3072 -432 ) (8256 3072 -440 ) 
4 291 296 (8256 3104 -432 ) (8256 3104 -512 ) (8256 3072 -512 ) (8256 3072 -432 ) 
11 292 364 (8256 3072 -424 ) (8256 3072 -360.018066 ) (8254.998047 3072 -347.994568 ) (8250.998047 3072 -335.994812 ) (8245 3072 -323.997162 ) (8237.014648 3072 -315.015076 ) (8227.992188 3072 -306.995209 ) (8216.008789 3072 -301.003143 ) (8204 3072 -297 ) (8200 3072 -296.665894 ) (8200 3072 -424 ) 
4 292 295 (8200 3104 -299 ) (8200 3104 -424 ) (8200 3072 -424 ) (8200 3072 -299 ) 
4 293 363 (8256 3072 -276 ) (8256 3072 -256 ) (8200 3072 -256 ) (8200 3072 -276 ) 
4 293 294 (8200 3104 -256 ) (8200 3104 -276 ) (8200 3072 -276 ) (8200 3072 -256 ) 
4 294 363 (8200 3072 -256 ) (8192 3072 -256 ) (8192 3072 -276 ) (8200 3072 -276 ) 
4 294 323 (8192 3072 -276 ) (8192 3072 -256 ) (8192 3104 -256 ) (8192 3104 -276 ) 
4 295 365 (8192 3072 -299 ) (8192 3072 -424 ) (8200 3072 -424 ) (8200 3072 -299 ) 
4 295 325 (8192 3072 -424 ) (8192 3072 -299 ) (8192 3104 -299 ) (8192 3104 -424 ) 
4 296 371 (8256 3072 -512 ) (8256 3072 -440 ) (8192 3072 -440 ) (8192 3072 -512 ) 
4 296 366 (8256 3072 -440 ) (8256 3072 -432 ) (8192 3072 -432 ) (8192 3072 -440 ) 
4 296 326 (8192 3072 -512 ) (8192 3072 -432 ) (8192 3104 -432 ) (8192 3104 -512 ) 
4 297 303 (8192 3912 144 ) (8192 3912 896 ) (8152 3912 896 ) (8152 3912 144 ) 
4 297 301 (8192 3912 144 ) (8152 3912 144 ) (8152 4096 144 ) (8192 4096 144 ) 
4 297 299 (8152 3912 180 ) (8152 3912 896 ) (8152 4072 896 ) (8152 4072 180 ) 
4 297 298 (8152 4096 144 ) (8152 4072 144 ) (8152 4072 896 ) (8152 4096 896 ) 
4 298 301 (7184 4072 144 ) (7184 4096 144 ) (8152 4096 144 ) (8152 4072 144 ) 
4 298 299 (7184 4072 896 ) (7184 4072 180 ) (8152 4072 180 ) (8152 4072 896 ) 
4 298 300 (7184 4096 144 ) (7184 4072 144 ) (7184 4072 896 ) (7184 4096 896 ) 
4 299 303 (8152 3912 896 ) (7184 3912 896 ) (7184 3912 180 ) (8152 3912 180 ) 
4 299 300 (7184 3912 180 ) (7184 3912 896 ) (7184 4072 896 ) (7184 4072 180 ) 
4 300 956 (7168 3912 896 ) (7168 3936 896 ) (7168 3936 144 ) (7168 3912 144 ) 
4 300 953 (7168 3936 896 ) (7168 4064 896 ) (7168 4064 144 ) (7168 3936 144 ) 
4 300 949 (7168 4064 896 ) (7168 4096 896 ) (7168 4096 144 ) (7168 4064 144 ) 
4 300 303 (7184 3912 896 ) (7168 3912 896 ) (7168 3912 144 ) (7184 3912 144 ) 
4 300 301 (7184 3912 144 ) (7168 3912 144 ) (7168 4096 144 ) (7184 4096 144 ) 
4 301 956 (7168 3936 136 ) (7168 3912 136 ) (7168 3912 144 ) (7168 3936 144 ) 
4 301 953 (7168 4064 136 ) (7168 3936 136 ) (7168 3936 144 ) (7168 4064 144 ) 
4 301 949 (7168 4096 144 ) (7168 4096 136 ) (7168 4064 136 ) (7168 4064 144 ) 
4 301 303 (8192 3912 136 ) (8192 3912 144 ) (7168 3912 144 ) (7168 3912 136 ) 
4 301 302 (8192 3912 136 ) (7168 3912 136 ) (7168 4096 136 ) (8192 4096 136 ) 
4 302 957 (7168 3936 128 ) (7168 3912 128 ) (7168 3912 136 ) (7168 3936 136 ) 
4 302 954 (7168 4064 128 ) (7168 3936 128 ) (7168 3936 136 ) (7168 4064 136 ) 
4 302 950 (7168 4096 136 ) (7168 4096 128 ) (7168 4064 128 ) (7168 4064 136 ) 
4 302 315 (7168 3912 128 ) (7168 4096 128 ) (7332 4096 128 ) (7332 3912 128 ) 
4 302 309 (7332 4096 128 ) (7524 4096 128 ) (7524 3912 128 ) (7332 3912 128 ) 
4 302 308 (7524 4096 128 ) (7844 4096 128 ) (7844 3912 128 ) (7524 3912 128 ) 
4 302 307 (7844 4096 128 ) (8036 4096 128 ) (8036 3912 128 ) (7844 3912 128 ) 
4 302 306 (8036 4096 128 ) (8192 4096 128 ) (8192 3912 128 ) (8036 3912 128 ) 
4 302 304 (7168 3912 128 ) (8192 3912 128 ) (8192 3912 136 ) (7168 3912 136 ) 
4 303 961 (7168 3168 896 ) (7168 3232 896 ) (7168 3232 136 ) (7168 3168 136 ) 
4 303 956 (7168 3232 896 ) (7168 3912 896 ) (7168 3912 136 ) (7168 3232 136 ) 
4 303 305 (8192 3168 136 ) (8192 3168 896 ) (7168 3168 896 ) (7168 3168 136 ) 
4 303 304 (8192 3168 136 ) (7168 3168 136 ) (7168 3912 136 ) (8192 3912 136 ) 
4 304 962 (7168 3232 128 ) (7168 3168 128 ) (7168 3168 136 ) (7168 3232 136 ) 
4 304 957 (7168 3912 136 ) (7168 3912 128 ) (7168 3232 128 ) (7168 3232 136 ) 
4 304 315 (7168 3232 128 ) (7168 3912 128 ) (7332 3912 128 ) (7332 3232 128 ) 
4 304 309 (7332 3912 128 ) (7524 3912 128 ) (7524 3168 128 ) (7332 3168 128 ) 
4 304 308 (7524 3912 128 ) (7844 3912 128 ) (7844 3232 128 ) (7524 3232 128 ) 
4 304 307 (7844 3912 128 ) (8036 3912 128 ) (8036 3168 128 ) (7844 3168 128 ) 
4 304 306 (8036 3912 128 ) (8192 3912 128 ) (8192 3232 128 ) (8036 3232 128 ) 
4 304 305 (7168 3168 128 ) (8192 3168 128 ) (8192 3168 136 ) (7168 3168 136 ) 
4 305 964 (7168 3104 128 ) (7168 3104 896 ) (7168 3168 896 ) (7168 3168 128 ) 
4 305 327 (8112 3104 128 ) (8128 3104 128 ) (8128 3104 896 ) (8112 3104 896 ) 
4 305 328 (7168 3104 896 ) (7168 3104 128 ) (8112 3104 128 ) (8112 3104 896 ) 
4 305 323 (8128 3104 128 ) (8192 3104 128 ) (8192 3104 896 ) (8128 3104 896 ) 
4 306 316 (8036 3232 -256 ) (8036 4096 -256 ) (8192 4096 -256 ) (8192 3232 -256 ) 
4 306 307 (8036 4096 -256 ) (8036 3232 -256 ) (8036 3232 128 ) (8036 4096 128 ) 
4 307 318 (7844 3168 -256 ) (7844 3232 -256 ) (8036 3232 -256 ) (8036 3168 -256 ) 
4 307 316 (7844 3232 -256 ) (7844 4096 -256 ) (8036 4096 -256 ) (8036 3232 -256 ) 
4 307 308 (7844 4096 -256 ) (7844 3232 -256 ) (7844 3232 128 ) (7844 4096 128 ) 
4 308 316 (7524 3232 -256 ) (7524 4096 -256 ) (7844 4096 -256 ) (7844 3232 -256 ) 
4 308 310 (7524 4096 -256 ) (7524 3232 -256 ) (7524 3232 40 ) (7524 4096 40 ) 
4 308 309 (7524 3232 40 ) (7524 3232 128 ) (7524 4096 128 ) (7524 4096 40 ) 
4 309 315 (7332 3232 128 ) (7332 4096 128 ) (7332 4096 40 ) (7332 3232 40 ) 
4 309 311 (7336 3932 40 ) (7336 4096 40 ) (7520 4096 40 ) (7520 3932 40 ) 
4 309 313 (7520 3168 40 ) (7336 3168 40 ) (7336 3176 40 ) (7520 3176 40 ) 
4 309 310 (7524 3168 40 ) (7520 3168 40 ) (7520 4096 40 ) (7524 4096 40 ) 
4 309 314 (7336 3168 40 ) (7332 3168 40 ) (7332 4096 40 ) (7336 4096 40 ) 
4 310 321 (7524 3232 -256 ) (7524 3168 -256 ) (7520 3168 -256 ) (7520 3232 -256 ) 
4 310 316 (7520 4096 -256 ) (7524 4096 -256 ) (7524 3232 -256 ) (7520 3232 -256 ) 
4 310 312 (7520 3932 -256 ) (7520 3176 -256 ) (7520 3176 4 ) (7520 3932 4 ) 
4 310 311 (7520 4096 -256 ) (7520 3932 -256 ) (7520 3932 40 ) (7520 4096 40 ) 
4 310 313 (7520 3176 -256 ) (7520 3168 -256 ) (7520 3168 40 ) (7520 3176 40 ) 
4 311 316 (7336 4096 -256 ) (7520 4096 -256 ) (7520 3932 -256 ) (7336 3932 -256 ) 
4 311 312 (7336 3932 4 ) (7336 3932 -256 ) (7520 3932 -256 ) (7520 3932 4 ) 
4 311 314 (7336 4096 -256 ) (7336 3932 -256 ) (7336 3932 40 ) (7336 4096 40 ) 
4 312 321 (7520 3232 -256 ) (7520 3176 -256 ) (7336 3176 -256 ) (7336 3232 -256 ) 
4 312 316 (7520 3932 -256 ) (7520 3232 -256 ) (7336 3232 -256 ) (7336 3932 -256 ) 
4 312 314 (7336 3932 -256 ) (7336 3176 -256 ) (7336 3176 4 ) (7336 3932 4 ) 
4 312 313 (7336 3176 4 ) (7336 3176 -256 ) (7520 3176 -256 ) (7520 3176 4 ) 
4 313 321 (7520 3176 -256 ) (7520 3168 -256 ) (7336 3168 -256 ) (7336 3176 -256 ) 
4 313 314 (7336 3176 -256 ) (7336 3168 -256 ) (7336 3168 40 ) (7336 3176 40 ) 
4 314 321 (7332 3168 -256 ) (7332 3232 -256 ) (7336 3232 -256 ) (7336 3168 -256 ) 
4 314 316 (7332 3232 -256 ) (7332 4096 -256 ) (7336 4096 -256 ) (7336 3232 -256 ) 
4 314 315 (7332 4096 -256 ) (7332 3232 -256 ) (7332 3232 40 ) (7332 4096 40 ) 
4 315 959 (7168 3936 -80 ) (7168 3936 -256 ) (7168 3232 -256 ) (7168 3232 -80 ) 
4 315 316 (7168 3232 -256 ) (7168 4096 -256 ) (7332 4096 -256 ) (7332 3232 -256 ) 
4 316 959 (7168 3232 -256 ) (7168 3936 -256 ) (7168 3936 -512 ) (7168 3232 -512 ) 
4 316 322 (7300 3232 -512 ) (7332 3232 -512 ) (7332 3232 -256 ) (7300 3232 -256 ) 
4 316 321 (7332 3232 -512 ) (7524 3232 -512 ) (7524 3232 -256 ) (7332 3232 -256 ) 
4 316 320 (7812 3232 -512 ) (7844 3232 -512 ) (7844 3232 -256 ) (7812 3232 -256 ) 
4 316 319 (7524 3232 -512 ) (7556 3232 -512 ) (7556 3232 -256 ) (7524 3232 -256 ) 
4 316 318 (7844 3232 -512 ) (8036 3232 -512 ) (8036 3232 -256 ) (7844 3232 -256 ) 
4 316 317 (8036 3232 -512 ) (8068 3232 -512 ) (8068 3232 -256 ) (8036 3232 -256 ) 
4 317 318 (8036 3232 -256 ) (8036 3232 -512 ) (8036 3200 -512 ) (8036 3200 -256 ) 
4 318 320 (7844 3232 -256 ) (7844 3232 -512 ) (7844 3200 -512 ) (7844 3200 -256 ) 
4 319 321 (7524 3232 -256 ) (7524 3232 -512 ) (7524 3200 -512 ) (7524 3200 -256 ) 
4 321 322 (7332 3232 -256 ) (7332 3232 -512 ) (7332 3200 -512 ) (7332 3200 -256 ) 
4 323 407 (8192 3072 -276 ) (8192 3072 -192 ) (8128 3072 -192 ) (8128 3072 -276 ) 
4 323 405 (8192 3072 -192 ) (8192 3072 -160 ) (8128 3072 -160 ) (8128 3072 -192 ) 
4 323 401 (8192 3072 -160 ) (8192 3072 -84 ) (8128 3072 -84 ) (8128 3072 -160 ) 
4 323 400 (8192 3072 -84 ) (8192 3072 -8 ) (8128 3072 -8 ) (8128 3072 -84 ) 
4 323 385 (8192 3072 0 ) (8192 3072 512 ) (8128 3072 512 ) (8128 3072 0 ) 
4 323 384 (8192 3072 512 ) (8192 3072 896 ) (8128 3072 896 ) (8128 3072 512 ) 
4 323 327 (8128 3104 896 ) (8128 3104 -276 ) (8128 3072 -276 ) (8128 3072 896 ) 
4 324 409 (8174.004395 3072 -299 ) (8184 3072 -299 ) (8184 3072 -296.666931 ) (8180.006348 3072 -297 ) 
4 324 325 (8174.004395 3104 -299 ) (8184 3104 -299 ) (8184 3072 -299 ) (8174.004395 3072 -299 ) 
8 325 421 (8192 3072 -424 ) (8192 3072 -320 ) (8142.555664 3072 -320 ) (8138.995117 3072 -324.005890 ) (8133.004883 3072 -335.985901 ) (8129 3072 -348.002625 ) (8128 3072 -359.992706 ) (8128 3072 -424 ) 
7 325 409 (8184 3072 -299 ) (8174.004395 3072 -299 ) (8168.001953 3072 -301 ) (8155.969238 3072 -307.017242 ) (8147.041992 3072 -314.952698 ) (8142.555664 3072 -320 ) (8184 3072 -320 ) 
4 325 408 (8192 3072 -320 ) (8192 3072 -299 ) (8184 3072 -299 ) (8184 3072 -320 ) 
4 326 488 (8192 3072 -496 ) (8192 3072 -448 ) (8128 3072 -448 ) (8128 3072 -496 ) 
4 326 495 (8192 3072 -512 ) (8192 3072 -496 ) (8128 3072 -496 ) (8128 3072 -512 ) 
4 326 475 (8192 3072 -448 ) (8192 3072 -440 ) (8128 3072 -440 ) (8128 3072 -448 ) 
4 326 422 (8192 3072 -440 ) (8192 3072 -432 ) (8128 3072 -432 ) (8128 3072 -440 ) 
4 326 330 (8128 3104 -432 ) (8128 3104 -512 ) (8128 3072 -512 ) (8128 3072 -432 ) 
4 327 410 (8128 3072 -276 ) (8128 3072 -192 ) (8112 3072 -192 ) (8112 3072 -276 ) 
4 327 405 (8128 3072 -192 ) (8128 3072 -160 ) (8112 3072 -160 ) (8112 3072 -192 ) 
4 327 401 (8128 3072 -160 ) (8128 3072 -84 ) (8112 3072 -84 ) (8112 3072 -160 ) 
4 327 400 (8128 3072 -84 ) (8128 3072 -8 ) (8112 3072 -8 ) (8112 3072 -84 ) 
4 327 385 (8128 3072 0 ) (8128 3072 512 ) (8112 3072 512 ) (8112 3072 0 ) 
4 327 384 (8128 3072 512 ) (8128 3072 896 ) (8112 3072 896 ) (8112 3072 512 ) 
4 327 328 (8112 3072 -276 ) (8112 3072 896 ) (8112 3104 896 ) (8112 3104 -276 ) 
4 328 966 (7168 3072 -424 ) (7168 3072 0 ) (7168 3104 0 ) (7168 3104 -424 ) 
4 328 964 (7168 3072 0 ) (7168 3072 896 ) (7168 3104 896 ) (7168 3104 0 ) 
4 328 436 (7168 3072 -256 ) (7168 3072 -424 ) (7496 3072 -424 ) (7496 3072 -256 ) 
4 328 433 (7568 3072 -424 ) (7576 3072 -424 ) (7576 3072 -192 ) (7568 3072 -192 ) 
4 328 432 (7576 3072 -192 ) (7576 3072 -128 ) (7568 3072 -128 ) (7568 3072 -192 ) 
4 328 435 (7496 3072 -424 ) (7568 3072 -424 ) (7568 3072 -128 ) (7496 3072 -128 ) 
4 328 426 (7580 3072 -424 ) (8112 3072 -424 ) (8112 3072 -320 ) (7580 3072 -320 ) 
4 328 427 (7576 3072 -424 ) (7580 3072 -424 ) (7580 3072 -320 ) (7576 3072 -320 ) 
4 328 411 (8112 3072 -320 ) (8112 3072 -192 ) (7576 3072 -192 ) (7576 3072 -320 ) 
4 328 405 (8112 3072 -192 ) (8112 3072 -160 ) (7576 3072 -160 ) (7576 3072 -192 ) 
4 328 403 (8000 3072 -84 ) (7680 3072 -84 ) (7680 3072 -128 ) (8000 3072 -128 ) 
4 328 404 (7576 3072 -128 ) (7576 3072 -160 ) (8000 3072 -160 ) (8000 3072 -128 ) 
4 328 402 (8008 3072 -84 ) (8000 3072 -84 ) (8000 3072 -160 ) (8008 3072 -160 ) 
4 328 401 (8112 3072 -160 ) (8112 3072 -84 ) (8008 3072 -84 ) (8008 3072 -160 ) 
4 328 400 (8112 3072 -84 ) (8112 3072 -8 ) (7680 3072 -8 ) (7680 3072 -84 ) 
4 328 388 (7372 3072 0 ) (7468 3072 0 ) (7468 3072 512 ) (7372 3072 512 ) 
4 328 386 (7724 3072 0 ) (7852 3072 0 ) (7852 3072 512 ) (7724 3072 512 ) 
4 328 387 (7532 3072 0 ) (7660 3072 0 ) (7660 3072 512 ) (7532 3072 512 ) 
4 328 385 (8108 3072 0 ) (8112 3072 0 ) (8112 3072 512 ) (8108 3072 512 ) 
4 328 384 (7168 3072 896 ) (7168 3072 512 ) (8112 3072 512 ) (8112 3072 896 ) 
4 328 329 (7168 3104 -424 ) (8112 3104 -424 ) (8112 3072 -424 ) (7168 3072 -424 ) 
4 329 966 (7168 3072 -432 ) (7168 3072 -424 ) (7168 3104 -424 ) (7168 3104 -432 ) 
4 329 436 (7168 3072 -424 ) (7168 3072 -432 ) (7496 3072 -432 ) (7496 3072 -424 ) 
4 329 433 (7568 3072 -432 ) (7576 3072 -432 ) (7576 3072 -424 ) (7568 3072 -424 ) 
4 329 435 (7496 3072 -432 ) (7568 3072 -432 ) (7568 3072 -424 ) (7496 3072 -424 ) 
4 329 426 (7580 3072 -432 ) (8112 3072 -432 ) (8112 3072 -424 ) (7580 3072 -424 ) 
4 329 427 (7576 3072 -432 ) (7580 3072 -432 ) (7580 3072 -424 ) (7576 3072 -424 ) 
4 329 330 (7168 3072 -432 ) (7168 3104 -432 ) (8112 3104 -432 ) (8112 3072 -432 ) 
4 330 966 (7168 3072 -512 ) (7168 3072 -432 ) (7168 3104 -432 ) (7168 3104 -512 ) 
4 330 488 (7644 3072 -496 ) (8128 3072 -496 ) (8128 3072 -448 ) (7644 3072 -448 ) 
4 330 494 (7168 3072 -448 ) (7168 3072 -496 ) (7644 3072 -496 ) (7644 3072 -448 ) 
4 330 495 (7168 3072 -496 ) (7168 3072 -512 ) (8128 3072 -512 ) (8128 3072 -496 ) 
4 330 475 (7168 3072 -440 ) (7168 3072 -448 ) (8128 3072 -448 ) (8128 3072 -440 ) 
4 330 436 (7168 3072 -432 ) (7168 3072 -440 ) (7496 3072 -440 ) (7496 3072 -432 ) 
4 330 433 (7568 3072 -440 ) (7576 3072 -440 ) (7576 3072 -432 ) (7568 3072 -432 ) 
4 330 435 (7496 3072 -440 ) (7568 3072 -440 ) (7568 3072 -432 ) (7496 3072 -432 ) 
4 330 426 (7580 3072 -440 ) (8112 3072 -440 ) (8112 3072 -432 ) (7580 3072 -432 ) 
4 330 427 (7576 3072 -440 ) (7580 3072 -440 ) (7580 3072 -432 ) (7576 3072 -432 ) 
4 330 424 (8112 3072 -440 ) (8128 3072 -440 ) (8128 3072 -432 ) (8112 3072 -432 ) 
4 331 343 (8816 3072 896 ) (8816 3072 512 ) (8816 3056 512 ) (8816 3056 896 ) 
4 331 333 (8816 3056 896 ) (8816 3056 512 ) (9216 3056 512 ) (9216 3056 896 ) 
4 331 332 (9216 3056 512 ) (8960 3056 512 ) (8960 3072 512 ) (9216 3072 512 ) 
4 333 343 (8816 2944 512 ) (8816 2944 896 ) (8816 3056 896 ) (8816 3056 512 ) 
4 333 334 (8816 2944 896 ) (8816 2944 512 ) (9216 2944 512 ) (9216 2944 896 ) 
4 334 343 (8816 2304 512 ) (8816 2304 896 ) (8816 2944 896 ) (8816 2944 512 ) 
4 334 335 (8816 2304 896 ) (8816 2304 0 ) (9216 2304 0 ) (9216 2304 896 ) 
4 335 343 (8816 2176 512 ) (8816 2176 896 ) (8816 2304 896 ) (8816 2304 512 ) 
4 335 339 (8816 2176 896 ) (8816 2176 512 ) (8960 2176 512 ) (8960 2176 896 ) 
4 335 338 (9056 2176 512 ) (9056 2176 896 ) (8960 2176 896 ) (8960 2176 512 ) 
4 335 337 (9120 2176 512 ) (9120 2176 896 ) (9056 2176 896 ) (9056 2176 512 ) 
4 335 336 (9216 2176 512 ) (9216 2176 896 ) (9120 2176 896 ) (9120 2176 512 ) 
4 336 340 (9216 2052 512 ) (9216 2052 896 ) (9120 2052 896 ) (9120 2052 512 ) 
4 336 337 (9120 2176 896 ) (9120 2176 512 ) (9120 2052 512 ) (9120 2052 896 ) 
4 337 340 (9120 2052 512 ) (9120 2052 896 ) (9056 2052 896 ) (9056 2052 512 ) 
4 337 338 (9056 2176 896 ) (9056 2176 512 ) (9056 2052 512 ) (9056 2052 896 ) 
4 338 340 (9056 2052 512 ) (9056 2052 896 ) (8960 2052 896 ) (8960 2052 512 ) 
4 338 339 (8960 2176 896 ) (8960 2176 512 ) (8960 2052 512 ) (8960 2052 896 ) 
4 339 343 (8816 2176 896 ) (8816 2176 512 ) (8816 2052 512 ) (8816 2052 896 ) 
4 339 340 (8816 2052 896 ) (8816 2052 512 ) (8960 2052 512 ) (8960 2052 896 ) 
4 340 785 (9216 2048 512 ) (9216 2048 896 ) (8816 2048 896 ) (8816 2048 512 ) 
4 340 343 (8816 2048 512 ) (8816 2048 896 ) (8816 2052 896 ) (8816 2052 512 ) 
4 340 342 (9056 2048 512 ) (8960 2048 512 ) (8960 2052 512 ) (9056 2052 512 ) 
4 340 341 (9216 2048 512 ) (9120 2048 512 ) (9120 2052 512 ) (9216 2052 512 ) 
4 341 785 (9216 2048 0 ) (9216 2048 512 ) (9120 2048 512 ) (9120 2048 0 ) 
4 342 785 (9056 2048 512 ) (8960 2048 512 ) (8960 2048 0 ) (9056 2048 0 ) 
4 343 785 (8720 2048 896 ) (8720 2048 512 ) (8816 2048 512 ) (8816 2048 896 ) 
4 343 344 (8720 2048 512 ) (8720 2048 896 ) (8720 3072 896 ) (8720 3072 512 ) 
4 344 785 (8704 2048 896 ) (8704 2048 512 ) (8720 2048 512 ) (8720 2048 896 ) 
4 344 352 (8704 2048 512 ) (8704 2048 896 ) (8704 2050 896 ) (8704 2050 512 ) 
4 344 351 (8704 2050 896 ) (8704 2496 896 ) (8704 2496 512 ) (8704 2050 512 ) 
4 344 348 (8704 2496 896 ) (8704 2624 896 ) (8704 2624 512 ) (8704 2496 512 ) 
4 344 347 (8704 2624 896 ) (8704 3072 896 ) (8704 3072 512 ) (8704 2624 512 ) 
4 344 345 (8704 2624 512 ) (8704 3008 512 ) (8720 3008 512 ) (8720 2624 512 ) 
4 344 346 (8704 2112 512 ) (8704 2496 512 ) (8720 2496 512 ) (8720 2112 512 ) 
4 345 347 (8704 3008 0 ) (8704 2624 0 ) (8704 2624 512 ) (8704 3008 512 ) 
4 346 351 (8704 2496 0 ) (8704 2112 0 ) (8704 2112 512 ) (8704 2496 512 ) 
4 347 389 (8192 3056 0 ) (8192 2624 0 ) (8192 2624 512 ) (8192 3056 512 ) 
4 347 385 (8192 3072 512 ) (8192 3072 0 ) (8192 3056 0 ) (8192 3056 512 ) 
4 347 384 (8192 3072 896 ) (8192 3072 512 ) (8192 2624 512 ) (8192 2624 896 ) 
4 347 349 (8704 2624 348 ) (8704 2624 512 ) (8700 2624 512 ) (8700 2624 348 ) 
4 347 348 (8704 2624 512 ) (8704 2624 896 ) (8192 2624 896 ) (8192 2624 512 ) 
4 347 350 (8192 2624 0 ) (8704 2624 0 ) (8704 2624 348 ) (8192 2624 348 ) 
4 348 384 (8192 2496 512 ) (8192 2496 896 ) (8192 2624 896 ) (8192 2624 512 ) 
4 348 351 (8704 2496 512 ) (8704 2496 896 ) (8192 2496 896 ) (8192 2496 512 ) 
4 348 349 (8704 2496 512 ) (8700 2496 512 ) (8700 2624 512 ) (8704 2624 512 ) 
4 349 351 (8704 2496 348 ) (8704 2496 512 ) (8700 2496 512 ) (8700 2496 348 ) 
4 349 350 (8704 2496 348 ) (8700 2496 348 ) (8700 2624 348 ) (8704 2624 348 ) 
4 350 390 (8192 2624 0 ) (8192 2496 0 ) (8192 2496 348 ) (8192 2624 348 ) 
4 350 351 (8192 2496 0 ) (8704 2496 0 ) (8704 2496 348 ) (8192 2496 348 ) 
4 351 392 (8192 2064 0 ) (8192 2050 0 ) (8192 2050 512 ) (8192 2064 512 ) 
4 351 391 (8192 2496 0 ) (8192 2064 0 ) (8192 2064 512 ) (8192 2496 512 ) 
4 351 384 (8192 2050 512 ) (8192 2050 896 ) (8192 2496 896 ) (8192 2496 512 ) 
4 351 353 (8192 2050 0 ) (8704 2050 0 ) (8704 2050 32 ) (8192 2050 32 ) 
4 351 352 (8704 2050 32 ) (8704 2050 896 ) (8192 2050 896 ) (8192 2050 32 ) 
4 352 785 (8192 2048 896 ) (8192 2048 32 ) (8704 2048 32 ) (8704 2048 896 ) 
4 352 393 (8192 2048 32 ) (8192 2048 512 ) (8192 2050 512 ) (8192 2050 32 ) 
4 352 384 (8192 2048 512 ) (8192 2048 896 ) (8192 2050 896 ) (8192 2050 512 ) 
4 352 353 (8192 2050 32 ) (8704 2050 32 ) (8704 2048 32 ) (8192 2048 32 ) 
4 353 785 (8192 2048 32 ) (8192 2048 0 ) (8704 2048 0 ) (8704 2048 32 ) 
4 353 394 (8192 2050 0 ) (8192 2048 0 ) (8192 2048 32 ) (8192 2050 32 ) 
4 354 374 (8612 2684.159912 -440 ) (8612 2304 -440 ) (8336 2304 -440 ) (8336 2684.159912 -440 ) 
4 354 372 (8612 2692.159912 -440 ) (8612 2684.159912 -440 ) (8336 2684.159912 -440 ) (8336 2692.159912 -440 ) 
4 354 371 (8336 3072 -440 ) (8612 3072 -440 ) (8612 2692.159912 -440 ) (8336 2692.159912 -440 ) 
4 354 370 (8336 2368.159912 -440 ) (8336 2304 -440 ) (8336 2304 -320 ) (8336 2368.159912 -320 ) 
4 354 369 (8336 2304 -320 ) (8336 2304 -192 ) (8336 2432.159912 -192 ) (8336 2432.159912 -320 ) 
4 354 358 (8336 3072 -440 ) (8336 2692.159912 -440 ) (8336 2692.159912 -192 ) (8336 3072 -192 ) 
4 354 356 (8336 2684.159912 -160 ) (8336 3072 -160 ) (8336 3072 -192 ) (8336 2684.159912 -192 ) 
4 354 357 (8336 2304 -192 ) (8336 2304 -160 ) (8336 2440 -160 ) (8336 2440 -192 ) 
4 354 355 (8336 2304 -160 ) (8336 2304 -8 ) (8336 3072 -8 ) (8336 3072 -160 ) 
4 355 453 (8192 2352 -160 ) (8192 2304 -160 ) (8192 2304 -8 ) (8192 2352 -8 ) 
4 355 401 (8192 3072 -84 ) (8192 3072 -160 ) (8192 2352 -160 ) (8192 2352 -84 ) 
4 355 400 (8192 3072 -8 ) (8192 3072 -84 ) (8192 2352 -84 ) (8192 2352 -8 ) 
4 355 356 (8336 3072 -160 ) (8336 2684.159912 -160 ) (8192 2684.159912 -160 ) (8192 3072 -160 ) 
4 355 357 (8336 2440 -160 ) (8336 2304 -160 ) (8192 2304 -160 ) (8192 2440 -160 ) 
4 356 405 (8192 3072 -160 ) (8192 3072 -192 ) (8192 2684.159912 -192 ) (8192 2684.159912 -160 ) 
4 356 363 (8192 3072 -192 ) (8256 3072 -192 ) (8256 2692 -192 ) (8192 2692 -192 ) 
4 356 360 (8256 3072 -192 ) (8272 3072 -192 ) (8272 2692 -192 ) (8256 2692 -192 ) 
4 356 358 (8272 3072 -192 ) (8336 3072 -192 ) (8336 2692.159912 -192 ) (8272 2692.159912 -192 ) 
4 357 453 (8192 2352 -192 ) (8192 2304 -192 ) (8192 2304 -160 ) (8192 2352 -160 ) 
4 357 406 (8192 2440 -192 ) (8192 2352 -192 ) (8192 2352 -160 ) (8192 2440 -160 ) 
4 357 369 (8336 2432.159912 -192 ) (8336 2304 -192 ) (8192 2304 -192 ) (8192 2432.159912 -192 ) 
4 358 371 (8272 3072 -440 ) (8336 3072 -440 ) (8336 2692.159912 -440 ) (8272 2692.159912 -440 ) 
4 358 361 (8272 3072 -440 ) (8272 2692.159912 -440 ) (8272 2692.159912 -432 ) (8272 3072 -432 ) 
4 358 360 (8272 2692.159912 -276 ) (8272 2692.159912 -192 ) (8272 3072 -192 ) (8272 3072 -276 ) 
4 359 376 (8332 2440.159912 -440 ) (8272 2440.159912 -440 ) (8272 2643 -440 ) (8332 2643 -440 ) 
4 359 375 (8272 2643 -440 ) (8272 2684 -440 ) (8332 2684 -440 ) (8332 2643 -440 ) 
4 359 368 (8272 2684 -440 ) (8272 2440.159912 -440 ) (8272 2440.159912 -192 ) (8272 2684 -192 ) 
4 360 363 (8256 2692 -192 ) (8256 3072 -192 ) (8256 3072 -276 ) (8256 2692 -276 ) 
4 361 371 (8256 3072 -440 ) (8272 3072 -440 ) (8272 2692.159912 -440 ) (8256 2692.159912 -440 ) 
4 361 366 (8256 3072 -440 ) (8256 2692.159912 -440 ) (8256 2692.159912 -432 ) (8256 3072 -432 ) 
4 362 368 (8256 2684 -440 ) (8272 2684 -440 ) (8272 2684 -432 ) (8256 2684 -432 ) 
4 363 407 (8192 3072 -192 ) (8192 3072 -276 ) (8192 2692 -276 ) (8192 2692 -192 ) 
4 364 365 (8200 2684 -424 ) (8200 2684 -299 ) (8200 3072 -299 ) (8200 3072 -424 ) 
11 364 368 (8256 2684 -424 ) (8256 2684 -360.018250 ) (8254.998047 2684 -347.994720 ) (8250.998047 2684 -335.994720 ) (8244.996094 2684 -323.991547 ) (8237.032227 2684 -315.031677 ) (8227.986328 2684 -306.991333 ) (8216.020508 2684 -301.008148 ) (8203.994141 2684 -297 ) (8200 2684 -296.665894 ) (8200 2684 -424 ) 
4 365 421 (8192 3072 -320 ) (8192 3072 -424 ) (8192 2684 -424 ) (8192 2684 -320 ) 
4 365 408 (8192 3072 -299 ) (8192 3072 -320 ) (8192 2684 -320 ) (8192 2684 -299 ) 
4 365 368 (8192 2684 -299 ) (8192 2684 -424 ) (8200 2684 -424 ) (8200 2684 -299 ) 
4 366 422 (8192 3072 -432 ) (8192 3072 -440 ) (8192 2692.159912 -440 ) (8192 2692.159912 -432 ) 
4 366 371 (8192 3072 -440 ) (8256 3072 -440 ) (8256 2692.159912 -440 ) (8192 2692.159912 -440 ) 
4 367 368 (8192 2684 -440 ) (8256 2684 -440 ) (8256 2684 -432 ) (8192 2684 -432 ) 
4 368 428 (8192 2684 -440 ) (8192 2440.159912 -440 ) (8192 2440.159912 -320 ) (8192 2684 -320 ) 
4 368 412 (8192 2440.159912 -320 ) (8192 2440.159912 -192 ) (8192 2684 -192 ) (8192 2684 -320 ) 
4 368 376 (8272 2643 -440 ) (8272 2440.159912 -440 ) (8192 2440.159912 -440 ) (8192 2643 -440 ) 
4 368 375 (8272 2684 -440 ) (8272 2643 -440 ) (8192 2643 -440 ) (8192 2684 -440 ) 
4 369 453 (8192 2304 -320 ) (8192 2304 -192 ) (8192 2352 -192 ) (8192 2352 -320 ) 
4 369 413 (8192 2352 -192 ) (8192 2432.159912 -192 ) (8192 2432.159912 -320 ) (8192 2352 -320 ) 
4 369 370 (8336 2368.159912 -320 ) (8336 2304 -320 ) (8192 2304 -320 ) (8192 2368.159912 -320 ) 
4 370 453 (8192 2352 -440 ) (8192 2304 -440 ) (8192 2304 -320 ) (8192 2352 -320 ) 
4 370 429 (8192 2368.159912 -440 ) (8192 2352 -440 ) (8192 2352 -320 ) (8192 2368.159912 -320 ) 
4 370 383 (8336 2344 -440 ) (8336 2304 -440 ) (8192 2304 -440 ) (8192 2344 -440 ) 
4 370 377 (8336 2368.159912 -440 ) (8336 2344 -440 ) (8192 2344 -440 ) (8192 2368.159912 -440 ) 
4 371 488 (8192 3072 -448 ) (8192 3072 -496 ) (8192 2692.159912 -496 ) (8192 2692.159912 -448 ) 
4 371 495 (8192 3072 -496 ) (8192 3072 -512 ) (8192 2692.159912 -512 ) (8192 2692.159912 -496 ) 
4 371 475 (8192 3072 -440 ) (8192 3072 -448 ) (8192 2692.159912 -448 ) (8192 2692.159912 -440 ) 
4 371 372 (8612 2692.159912 -448 ) (8612 2692.159912 -440 ) (8336 2692.159912 -440 ) (8336 2692.159912 -448 ) 
4 371 373 (8192 2692.159912 -512 ) (8612 2692.159912 -512 ) (8612 2692.159912 -448 ) (8192 2692.159912 -448 ) 
4 372 374 (8612 2684.159912 -448 ) (8612 2684.159912 -440 ) (8336 2684.159912 -440 ) (8336 2684.159912 -448 ) 
4 372 373 (8336 2692.159912 -448 ) (8612 2692.159912 -448 ) (8612 2684.159912 -448 ) (8336 2684.159912 -448 ) 
4 373 488 (8192 2684.159912 -496 ) (8192 2684.159912 -448 ) (8192 2692.159912 -448 ) (8192 2692.159912 -496 ) 
4 373 495 (8192 2692.159912 -512 ) (8192 2684.159912 -512 ) (8192 2684.159912 -496 ) (8192 2692.159912 -496 ) 
4 373 379 (8192 2684.159912 -456 ) (8192 2684.159912 -496 ) (8332 2684.159912 -496 ) (8332 2684.159912 -456 ) 
4 373 378 (8336 2684.159912 -496 ) (8336 2684.159912 -456 ) (8332 2684.159912 -456 ) (8332 2684.159912 -496 ) 
4 373 382 (8192 2684.159912 -512 ) (8336 2684.159912 -512 ) (8336 2684.159912 -496 ) (8192 2684.159912 -496 ) 
4 373 374 (8336 2684.159912 -512 ) (8612 2684.159912 -512 ) (8612 2684.159912 -448 ) (8336 2684.159912 -448 ) 
4 374 383 (8336 2344 -512 ) (8336 2304 -512 ) (8336 2304 -440 ) (8336 2344 -440 ) 
4 374 378 (8336 2684.159912 -456 ) (8336 2684.159912 -496 ) (8336 2344 -496 ) (8336 2344 -456 ) 
4 374 377 (8336 2368.159912 -448 ) (8336 2344 -448 ) (8336 2344 -440 ) (8336 2368.159912 -440 ) 
4 374 382 (8336 2684.159912 -496 ) (8336 2684.159912 -512 ) (8336 2344 -512 ) (8336 2344 -496 ) 
4 375 477 (8192 2643 -440 ) (8192 2684.159912 -440 ) (8192 2684.159912 -448 ) (8192 2643 -448 ) 
4 375 376 (8192 2643 -448 ) (8332 2643 -448 ) (8332 2643 -440 ) (8192 2643 -440 ) 
4 376 478 (8192 2440 -440 ) (8192 2643 -440 ) (8192 2643 -448 ) (8192 2440 -448 ) 
4 377 484 (8192 2344 -448 ) (8192 2344 -440 ) (8192 2352 -440 ) (8192 2352 -448 ) 
4 377 480 (8192 2352 -440 ) (8192 2368.159912 -440 ) (8192 2368.159912 -448 ) (8192 2352 -448 ) 
4 377 383 (8336 2344 -448 ) (8336 2344 -440 ) (8192 2344 -440 ) (8192 2344 -448 ) 
4 378 383 (8336 2344 -496 ) (8336 2344 -456 ) (8332 2344 -456 ) (8332 2344 -496 ) 
4 378 381 (8332 2440 -496 ) (8332 2344 -496 ) (8332 2344 -456 ) (8332 2440 -456 ) 
4 378 380 (8332 2643 -496 ) (8332 2440 -496 ) (8332 2440 -456 ) (8332 2643 -456 ) 
4 378 379 (8332 2684.159912 -496 ) (8332 2643 -496 ) (8332 2643 -456 ) (8332 2684.159912 -456 ) 
4 378 382 (8336 2344 -496 ) (8332 2344 -496 ) (8332 2684.159912 -496 ) (8336 2684.159912 -496 ) 
4 379 489 (8192 2684.159912 -456 ) (8192 2684.159912 -496 ) (8192 2643 -496 ) (8192 2643 -456 ) 
4 379 382 (8192 2643 -496 ) (8192 2684.159912 -496 ) (8332 2684.159912 -496 ) (8332 2643 -496 ) 
4 379 380 (8192 2643 -496 ) (8332 2643 -496 ) (8332 2643 -456 ) (8192 2643 -456 ) 
4 380 490 (8192 2643 -496 ) (8192 2440 -496 ) (8192 2440 -456 ) (8192 2643 -456 ) 
4 380 381 (8192 2440 -496 ) (8332 2440 -496 ) (8332 2440 -456 ) (8192 2440 -456 ) 
4 380 382 (8192 2440 -496 ) (8192 2643 -496 ) (8332 2643 -496 ) (8332 2440 -496 ) 
4 381 491 (8192 2344 -496 ) (8192 2344 -456 ) (8192 2440 -456 ) (8192 2440 -496 ) 
4 381 383 (8192 2344 -456 ) (8192 2344 -496 ) (8332 2344 -496 ) (8332 2344 -456 ) 
4 381 382 (8332 2344 -496 ) (8192 2344 -496 ) (8192 2440 -496 ) (8332 2440 -496 ) 
4 382 495 (8192 2684.159912 -512 ) (8192 2344 -512 ) (8192 2344 -496 ) (8192 2684.159912 -496 ) 
4 382 383 (8192 2344 -512 ) (8336 2344 -512 ) (8336 2344 -496 ) (8192 2344 -496 ) 
4 383 493 (8192 2304 -496 ) (8192 2304 -448 ) (8192 2344 -448 ) (8192 2344 -496 ) 
4 383 495 (8192 2344 -512 ) (8192 2304 -512 ) (8192 2304 -496 ) (8192 2344 -496 ) 
4 383 485 (8192 2304 -448 ) (8192 2304 -440 ) (8192 2344 -440 ) (8192 2344 -448 ) 
4 384 979 (7168 2048 512 ) (7168 2048 896 ) (7168 3072 896 ) (7168 3072 512 ) 
4 384 801 (8192 2048 512 ) (8192 2048 896 ) (7168 2048 896 ) (7168 2048 512 ) 
4 384 399 (7468 2048 512 ) (7372 2048 512 ) (7372 2064 512 ) (7468 2064 512 ) 
4 384 398 (7660 2048 512 ) (7532 2048 512 ) (7532 2064 512 ) (7660 2064 512 ) 
4 384 396 (7852 2048 512 ) (7724 2048 512 ) (7724 2050 512 ) (7852 2050 512 ) 
4 384 395 (7724 2050 512 ) (7724 2064 512 ) (7852 2064 512 ) (7852 2050 512 ) 
4 384 393 (8192 2050 512 ) (8192 2048 512 ) (8108 2048 512 ) (8108 2050 512 ) 
4 384 392 (8192 2064 512 ) (8192 2050 512 ) (8108 2050 512 ) (8108 2064 512 ) 
4 384 389 (8192 3056 512 ) (8192 2624 512 ) (8108 2624 512 ) (8108 3056 512 ) 
4 384 391 (8192 2496 512 ) (8192 2064 512 ) (8108 2064 512 ) (8108 2496 512 ) 
4 384 388 (7372 3072 512 ) (7468 3072 512 ) (7468 3056 512 ) (7372 3056 512 ) 
4 384 386 (7724 3072 512 ) (7852 3072 512 ) (7852 3056 512 ) (7724 3056 512 ) 
4 384 387 (7532 3072 512 ) (7660 3072 512 ) (7660 3056 512 ) (7532 3056 512 ) 
4 384 385 (8108 3072 512 ) (8192 3072 512 ) (8192 3056 512 ) (8108 3056 512 ) 
4 385 389 (8108 3056 0 ) (8192 3056 0 ) (8192 3056 512 ) (8108 3056 512 ) 
4 389 390 (8108 2624 348 ) (8108 2624 0 ) (8192 2624 0 ) (8192 2624 348 ) 
4 390 391 (8108 2496 348 ) (8108 2496 0 ) (8192 2496 0 ) (8192 2496 348 ) 
4 391 392 (8108 2064 0 ) (8192 2064 0 ) (8192 2064 512 ) (8108 2064 512 ) 
4 392 394 (8108 2050 0 ) (8192 2050 0 ) (8192 2050 32 ) (8108 2050 32 ) 
4 392 393 (8192 2050 32 ) (8192 2050 512 ) (8108 2050 512 ) (8108 2050 32 ) 
4 393 801 (8192 2048 32 ) (8192 2048 512 ) (8108 2048 512 ) (8108 2048 32 ) 
4 393 394 (8192 2048 32 ) (8108 2048 32 ) (8108 2050 32 ) (8192 2050 32 ) 
4 394 801 (8192 2048 0 ) (8192 2048 32 ) (8108 2048 32 ) (8108 2048 0 ) 
4 395 397 (7724 2050 32 ) (7724 2050 0 ) (7852 2050 0 ) (7852 2050 32 ) 
4 395 396 (7724 2050 512 ) (7724 2050 32 ) (7852 2050 32 ) (7852 2050 512 ) 
4 396 801 (7852 2048 512 ) (7724 2048 512 ) (7724 2048 32 ) (7852 2048 32 ) 
4 396 397 (7724 2048 32 ) (7724 2050 32 ) (7852 2050 32 ) (7852 2048 32 ) 
4 397 801 (7724 2048 32 ) (7724 2048 0 ) (7852 2048 0 ) (7852 2048 32 ) 
4 398 801 (7660 2048 512 ) (7532 2048 512 ) (7532 2048 0 ) (7660 2048 0 ) 
4 399 801 (7468 2048 512 ) (7372 2048 512 ) (7372 2048 0 ) (7468 2048 0 ) 
4 400 461 (7824 2352 -8 ) (7680 2352 -8 ) (7680 2352 -84 ) (7824 2352 -84 ) 
4 400 457 (7840 2352 -8 ) (7824 2352 -8 ) (7824 2352 -84 ) (7840 2352 -84 ) 
4 400 454 (8008 2352 -8 ) (7840 2352 -8 ) (7840 2352 -84 ) (8008 2352 -84 ) 
4 400 453 (8192 2352 -84 ) (8192 2352 -8 ) (8008 2352 -8 ) (8008 2352 -84 ) 
4 400 403 (8000 2352 -84 ) (7680 2352 -84 ) (7680 3072 -84 ) (8000 3072 -84 ) 
4 400 402 (8000 2440.159912 -84 ) (8000 3072 -84 ) (8008 3072 -84 ) (8008 2440.159912 -84 ) 
4 400 401 (8192 2352 -84 ) (8008 2352 -84 ) (8008 3072 -84 ) (8192 3072 -84 ) 
4 401 453 (8192 2352 -160 ) (8192 2352 -84 ) (8008 2352 -84 ) (8008 2352 -160 ) 
4 401 406 (8192 2352 -160 ) (8008 2352 -160 ) (8008 2440 -160 ) (8192 2440 -160 ) 
4 401 405 (8008 2684.159912 -160 ) (8008 3072 -160 ) (8192 3072 -160 ) (8192 2684.159912 -160 ) 
4 401 402 (8008 3072 -160 ) (8008 2440.159912 -160 ) (8008 2440.159912 -84 ) (8008 3072 -84 ) 
4 402 405 (8000 2684.159912 -160 ) (8000 3072 -160 ) (8008 3072 -160 ) (8008 2684.159912 -160 ) 
4 402 403 (8000 2440.159912 -128 ) (8000 2440.159912 -84 ) (8000 3072 -84 ) (8000 3072 -128 ) 
4 402 404 (8000 3072 -160 ) (8000 2440.159912 -160 ) (8000 2440.159912 -128 ) (8000 3072 -128 ) 
4 403 404 (7680 3072 -128 ) (8000 3072 -128 ) (8000 2352 -128 ) (7680 2352 -128 ) 
4 404 444 (7576 2352 -160 ) (7576 2352 -128 ) (7576 2452.159912 -128 ) (7576 2452.159912 -160 ) 
4 404 437 (7576 2452.159912 -128 ) (7576 2508.159912 -128 ) (7576 2508.159912 -160 ) (7576 2452.159912 -160 ) 
4 404 432 (7576 2508.159912 -128 ) (7576 3072 -128 ) (7576 3072 -160 ) (7576 2508.159912 -160 ) 
4 404 405 (7576 2684.159912 -160 ) (7576 3072 -160 ) (8000 3072 -160 ) (8000 2684.159912 -160 ) 
4 405 432 (7576 2684.159912 -160 ) (7576 3072 -160 ) (7576 3072 -192 ) (7576 2684.159912 -192 ) 
4 405 411 (7576 2692 -192 ) (7576 3072 -192 ) (8112 3072 -192 ) (8112 2692 -192 ) 
4 405 410 (8112 3072 -192 ) (8128 3072 -192 ) (8128 2692 -192 ) (8112 2692 -192 ) 
4 405 407 (8128 3072 -192 ) (8192 3072 -192 ) (8192 2692 -192 ) (8128 2692 -192 ) 
4 406 453 (8192 2352 -192 ) (8192 2352 -160 ) (8008 2352 -160 ) (8008 2352 -192 ) 
4 406 413 (8192 2352 -192 ) (8008 2352 -192 ) (8008 2432.159912 -192 ) (8192 2432.159912 -192 ) 
4 407 410 (8128 2692 -192 ) (8128 3072 -192 ) (8128 3072 -276 ) (8128 2692 -276 ) 
4 408 421 (8184 3072 -320 ) (8192 3072 -320 ) (8192 2684 -320 ) (8184 2684 -320 ) 
4 408 412 (8184 2684 -320 ) (8192 2684 -320 ) (8192 2684 -299 ) (8184 2684 -299 ) 
4 408 409 (8184 3072 -320 ) (8184 2684 -320 ) (8184 2684 -299 ) (8184 3072 -299 ) 
4 409 421 (8142.555664 3072 -320 ) (8184 3072 -320 ) (8184 2684 -320 ) (8142.555664 2684 -320 ) 
7 409 412 (8142.555664 2684 -320 ) (8184 2684 -320 ) (8184 2684 -296.666931 ) (8180.002930 2684 -297 ) (8168.007812 2684 -300.998047 ) (8155.974609 2684 -307.014526 ) (8147.034668 2684 -314.961304 ) 
4 410 411 (8112 2692 -192 ) (8112 3072 -192 ) (8112 3072 -276 ) (8112 2692 -276 ) 
4 411 433 (7576 2692 -192 ) (7576 3072 -192 ) (7576 3072 -320 ) (7576 2692 -320 ) 
4 411 426 (7580 3072 -320 ) (8112 3072 -320 ) (8112 2692 -320 ) (7580 2692 -320 ) 
4 411 427 (7576 2692 -320 ) (7576 3072 -320 ) (7580 3072 -320 ) (7580 2692 -320 ) 
4 412 428 (8008 2440.159912 -320 ) (8008 2684 -320 ) (8192 2684 -320 ) (8192 2440.159912 -320 ) 
4 412 414 (8008 2684 -192 ) (8008 2684 -320 ) (8008 2440.159912 -320 ) (8008 2440.159912 -192 ) 
4 413 453 (8192 2352 -320 ) (8192 2352 -192 ) (8008 2352 -192 ) (8008 2352 -320 ) 
4 413 429 (8192 2352 -320 ) (8008 2352 -320 ) (8008 2368.159912 -320 ) (8192 2368.159912 -320 ) 
4 414 430 (8000 2440.159912 -320 ) (8000 2684 -320 ) (8008 2684 -320 ) (8008 2440.159912 -320 ) 
4 414 419 (8000 2684 -271 ) (8000 2684 -320 ) (8000 2440.159912 -320 ) (8000 2440.159912 -271 ) 
4 414 416 (8000 2684 -267 ) (8000 2684 -271 ) (8000 2440.159912 -271 ) (8000 2440.159912 -267 ) 
4 414 415 (8000 2684 -192 ) (8000 2684 -267 ) (8000 2440.159912 -267 ) (8000 2440.159912 -192 ) 
4 415 440 (7576 2504.159912 -267 ) (7576 2456.159912 -267 ) (7576 2456.159912 -208 ) (7576 2504.159912 -208 ) 
4 415 417 (7576 2511.570068 -267 ) (7576 2684 -267 ) (7578 2684 -267 ) (7578 2511.570068 -267 ) 
4 415 418 (7576 2352 -267 ) (7576 2449.570068 -267 ) (7578 2449.570068 -267 ) (7578 2352 -267 ) 
4 415 416 (7578 2684 -267 ) (8000 2684 -267 ) (8000 2352 -267 ) (7578 2352 -267 ) 
4 416 420 (7578 2684 -271 ) (7668 2684 -271 ) (7668 2352 -271 ) (7578 2352 -271 ) 
4 416 419 (7668 2684 -271 ) (8000 2684 -271 ) (8000 2352 -271 ) (7668 2352 -271 ) 
4 416 417 (7578 2684 -271 ) (7578 2511.570068 -271 ) (7578 2511.570068 -267 ) (7578 2684 -267 ) 
4 416 418 (7578 2449.570068 -271 ) (7578 2352 -271 ) (7578 2352 -267 ) (7578 2449.570068 -267 ) 
4 417 420 (7576 2511.570068 -271 ) (7576 2684 -271 ) (7578 2684 -271 ) (7578 2511.570068 -271 ) 
4 418 420 (7576 2352 -271 ) (7576 2449.570068 -271 ) (7578 2449.570068 -271 ) (7578 2352 -271 ) 
7 419 467 (7710.555664 2352 -320 ) (7752 2352 -320 ) (7752 2352 -296.667023 ) (7748 2352 -297 ) (7736 2352 -301 ) (7724.009766 2352 -306.995087 ) (7714.985352 2352 -315.016693 ) 
4 419 465 (7752 2352 -320 ) (7768 2352 -320 ) (7768 2352 -299 ) (7752 2352 -299 ) 
7 419 464 (7768 2352 -320 ) (7809.444336 2352 -320 ) (7805.004395 2352 -315.005219 ) (7796.001465 2352 -307.002716 ) (7783.984863 2352 -300.994385 ) (7772.002441 2352 -297 ) (7768 2352 -296.665894 ) 
4 419 431 (8000 2352 -320 ) (7668 2352 -320 ) (7668 2684 -320 ) (8000 2684 -320 ) 
4 419 420 (7668 2352 -271 ) (7668 2684 -271 ) (7668 2684 -316 ) (7668 2352 -316 ) 
4 420 440 (7576 2456.159912 -271 ) (7576 2504.159912 -271 ) (7576 2504.159912 -316 ) (7576 2456.159912 -316 ) 
8 421 428 (8192 2684 -320 ) (8142.555664 2684 -320 ) (8138.992188 2684 -324.009064 ) (8133.008301 2684 -335.976959 ) (8129 2684 -348.001312 ) (8128 2684 -359.998657 ) (8128 2684 -424 ) (8192 2684 -424 ) 
4 422 475 (8128 3072 -440 ) (8192 3072 -440 ) (8192 2692.159912 -440 ) (8128 2692.159912 -440 ) 
4 422 424 (8128 3072 -440 ) (8128 2692.159912 -440 ) (8128 2692.159912 -432 ) (8128 3072 -432 ) 
4 423 428 (8128 2684 -432 ) (8128 2684 -440 ) (8192 2684 -440 ) (8192 2684 -432 ) 
4 424 475 (8112 3072 -440 ) (8128 3072 -440 ) (8128 2692.159912 -440 ) (8112 2692.159912 -440 ) 
4 424 426 (8112 3072 -440 ) (8112 2692.159912 -440 ) (8112 2692.159912 -432 ) (8112 3072 -432 ) 
4 425 428 (8112 2684 -432 ) (8112 2684 -440 ) (8128 2684 -440 ) (8128 2684 -432 ) 
4 426 475 (7580 3072 -440 ) (8112 3072 -440 ) (8112 2692 -440 ) (7580 2692 -440 ) 
4 426 427 (7580 3072 -440 ) (7580 2692 -440 ) (7580 2692 -320 ) (7580 3072 -320 ) 
4 427 476 (7580 2692.159912 -440 ) (7580 2684 -440 ) (7576 2684 -440 ) (7576 2692.159912 -440 ) 
4 427 475 (7576 3072 -440 ) (7580 3072 -440 ) (7580 2692.159912 -440 ) (7576 2692.159912 -440 ) 
4 427 433 (7576 3072 -440 ) (7576 2684 -440 ) (7576 2684 -320 ) (7576 3072 -320 ) 
4 428 479 (8044 2440.159912 -440 ) (8008 2440.159912 -440 ) (8008 2643 -440 ) (8044 2643 -440 ) 
4 428 478 (8192 2643 -440 ) (8192 2440.159912 -440 ) (8044 2440.159912 -440 ) (8044 2643 -440 ) 
4 428 477 (8192 2684 -440 ) (8192 2643 -440 ) (8008 2643 -440 ) (8008 2684 -440 ) 
4 428 430 (8008 2684 -320 ) (8008 2684 -440 ) (8008 2440.159912 -440 ) (8008 2440.159912 -320 ) 
4 429 480 (8192 2368.159912 -440 ) (8192 2352 -440 ) (8008 2352 -440 ) (8008 2368.159912 -440 ) 
4 429 453 (8008 2352 -440 ) (8192 2352 -440 ) (8192 2352 -320 ) (8008 2352 -320 ) 
4 430 481 (8000 2440.159912 -440 ) (8000 2684 -440 ) (8008 2684 -440 ) (8008 2440.159912 -440 ) 
4 430 431 (8000 2684 -320 ) (8000 2684 -440 ) (8000 2440.159912 -440 ) (8000 2440.159912 -320 ) 
4 431 482 (8000 2352 -440 ) (7668 2352 -440 ) (7668 2684 -440 ) (8000 2684 -440 ) 
8 431 467 (7752 2352 -424 ) (7752 2352 -320 ) (7710.555664 2352 -320 ) (7707 2352 -324 ) (7701.005371 2352 -335.988831 ) (7697 2352 -348.007843 ) (7696 2352 -359.992432 ) (7696 2352 -424 ) 
4 431 465 (7768 2352 -320 ) (7752 2352 -320 ) (7752 2352 -424 ) (7768 2352 -424 ) 
8 431 464 (7824 2352 -424 ) (7824 2352 -360.004700 ) (7822.998535 2352 -347.989624 ) (7819.009277 2352 -336.021637 ) (7812.996582 2352 -323.996094 ) (7809.444336 2352 -320 ) (7768 2352 -320 ) (7768 2352 -424 ) 
4 432 437 (7576 2508.159912 -192 ) (7576 2508.159912 -128 ) (7568 2508.159912 -128 ) (7568 2508.159912 -192 ) 
4 432 433 (7568 2684.159912 -192 ) (7568 3072 -192 ) (7576 3072 -192 ) (7576 2684.159912 -192 ) 
4 432 435 (7568 2508.159912 -192 ) (7568 2508.159912 -128 ) (7568 3072 -128 ) (7568 3072 -192 ) 
4 433 476 (7576 2692.159912 -440 ) (7576 2684.159912 -440 ) (7568 2684.159912 -440 ) (7568 2692.159912 -440 ) 
4 433 475 (7568 3072 -440 ) (7576 3072 -440 ) (7576 2692.159912 -440 ) (7568 2692.159912 -440 ) 
4 433 434 (7576 2684.159912 -440 ) (7576 2684.159912 -320 ) (7568 2684.159912 -320 ) (7568 2684.159912 -440 ) 
4 433 435 (7568 3072 -440 ) (7568 2684.159912 -440 ) (7568 2684.159912 -192 ) (7568 3072 -192 ) 
4 434 483 (7576 2684.159912 -440 ) (7576 2508.159912 -440 ) (7568 2508.159912 -440 ) (7568 2684.159912 -440 ) 
4 434 452 (7568 2508.159912 -440 ) (7576 2508.159912 -440 ) (7576 2508.159912 -320 ) (7568 2508.159912 -320 ) 
4 434 435 (7568 2684.159912 -440 ) (7568 2508.159912 -440 ) (7568 2508.159912 -320 ) (7568 2684.159912 -320 ) 
4 435 483 (7568 2684 -440 ) (7568 2508.159912 -440 ) (7496 2508.159912 -440 ) (7496 2684 -440 ) 
4 435 476 (7568 2692.159912 -440 ) (7568 2684 -440 ) (7496 2684 -440 ) (7496 2692.159912 -440 ) 
4 435 475 (7496 3072 -440 ) (7568 3072 -440 ) (7568 2692.159912 -440 ) (7496 2692.159912 -440 ) 
4 435 448 (7568 2508.159912 -320 ) (7568 2508.159912 -316 ) (7496 2508.159912 -316 ) (7496 2508.159912 -320 ) 
4 435 442 (7566 2508.159912 -208 ) (7496 2508.159912 -208 ) (7496 2508.159912 -316 ) (7566 2508.159912 -316 ) 
4 435 439 (7568 2508.159912 -316 ) (7568 2508.159912 -208 ) (7566 2508.159912 -208 ) (7566 2508.159912 -316 ) 
4 435 438 (7568 2508.159912 -208 ) (7568 2508.159912 -128 ) (7496 2508.159912 -128 ) (7496 2508.159912 -208 ) 
4 435 452 (7496 2508.159912 -440 ) (7568 2508.159912 -440 ) (7568 2508.159912 -320 ) (7496 2508.159912 -320 ) 
4 435 436 (7496 3072 -440 ) (7496 2508.159912 -440 ) (7496 2508.159912 -256 ) (7496 3072 -256 ) 
4 436 999 (7168 3072 -256 ) (7168 3072 -440 ) (7168 2508.159912 -440 ) (7168 2508.159912 -256 ) 
4 436 483 (7168 2508.159912 -440 ) (7168 2684 -440 ) (7496 2684 -440 ) (7496 2508.159912 -440 ) 
4 436 476 (7168 2684 -440 ) (7168 2692.159912 -440 ) (7496 2692.159912 -440 ) (7496 2684 -440 ) 
4 436 475 (7168 2692.159912 -440 ) (7168 3072 -440 ) (7496 3072 -440 ) (7496 2692.159912 -440 ) 
4 436 448 (7496 2508.159912 -320 ) (7496 2508.159912 -316 ) (7168 2508.159912 -316 ) (7168 2508.159912 -320 ) 
4 436 443 (7496 2508.159912 -316 ) (7496 2508.159912 -256 ) (7168 2508.159912 -256 ) (7168 2508.159912 -316 ) 
4 436 452 (7168 2508.159912 -440 ) (7496 2508.159912 -440 ) (7496 2508.159912 -320 ) (7168 2508.159912 -320 ) 
4 437 444 (7576 2452.159912 -192 ) (7576 2452.159912 -128 ) (7568 2452.159912 -128 ) (7568 2452.159912 -192 ) 
4 437 438 (7568 2508.159912 -128 ) (7568 2508.159912 -192 ) (7568 2452.159912 -192 ) (7568 2452.159912 -128 ) 
4 438 445 (7496 2452.159912 -192 ) (7496 2452.159912 -208 ) (7520 2452.159912 -208 ) (7520 2452.159912 -192 ) 
4 438 444 (7568 2452.159912 -128 ) (7496 2452.159912 -128 ) (7496 2452.159912 -192 ) (7568 2452.159912 -192 ) 
4 438 442 (7566 2452.159912 -208 ) (7496 2452.159912 -208 ) (7496 2508.159912 -208 ) (7566 2508.159912 -208 ) 
4 438 441 (7568 2452.159912 -208 ) (7566 2452.159912 -208 ) (7566 2456.159912 -208 ) (7568 2456.159912 -208 ) 
4 438 439 (7566 2504.159912 -208 ) (7566 2508.159912 -208 ) (7568 2508.159912 -208 ) (7568 2504.159912 -208 ) 
4 439 449 (7566 2508.159912 -316 ) (7568 2508.159912 -316 ) (7568 2504.159912 -316 ) (7566 2504.159912 -316 ) 
4 439 442 (7566 2508.159912 -316 ) (7566 2504.159912 -316 ) (7566 2504.159912 -208 ) (7566 2508.159912 -208 ) 
4 441 449 (7568 2452.159912 -316 ) (7566 2452.159912 -316 ) (7566 2456.159912 -316 ) (7568 2456.159912 -316 ) 
4 441 442 (7566 2456.159912 -316 ) (7566 2452.159912 -316 ) (7566 2452.159912 -208 ) (7566 2456.159912 -208 ) 
4 442 449 (7520 2508.159912 -316 ) (7566 2508.159912 -316 ) (7566 2452.159912 -316 ) (7520 2452.159912 -316 ) 
4 442 451 (7496 2508.159912 -316 ) (7520 2508.159912 -316 ) (7520 2452.159912 -316 ) (7496 2452.159912 -316 ) 
4 442 445 (7496 2452.159912 -316 ) (7520 2452.159912 -316 ) (7520 2452.159912 -208 ) (7496 2452.159912 -208 ) 
4 442 443 (7496 2508.159912 -316 ) (7496 2452.159912 -316 ) (7496 2452.159912 -256 ) (7496 2508.159912 -256 ) 
4 443 999 (7168 2508.159912 -256 ) (7168 2508.159912 -316 ) (7168 2452.159912 -316 ) (7168 2452.159912 -256 ) 
4 443 451 (7168 2508.159912 -316 ) (7496 2508.159912 -316 ) (7496 2452.159912 -316 ) (7168 2452.159912 -316 ) 
4 443 447 (7168 2452.159912 -316 ) (7496 2452.159912 -316 ) (7496 2452.159912 -256 ) (7168 2452.159912 -256 ) 
4 444 445 (7520 2352.159912 -192 ) (7496 2352.159912 -192 ) (7496 2452.159912 -192 ) (7520 2452.159912 -192 ) 
4 444 446 (7496 2352.159912 -128 ) (7496 2352.159912 -192 ) (7576 2352.159912 -192 ) (7576 2352.159912 -128 ) 
4 445 451 (7520 2352 -316 ) (7496 2352 -316 ) (7496 2452.159912 -316 ) (7520 2452.159912 -316 ) 
4 445 447 (7496 2452.159912 -256 ) (7496 2452.159912 -316 ) (7496 2352 -316 ) (7496 2352 -256 ) 
4 445 446 (7496 2352.159912 -192 ) (7496 2352.159912 -316 ) (7520 2352.159912 -316 ) (7520 2352.159912 -192 ) 
4 446 471 (7568 2352 -128 ) (7496 2352 -128 ) (7496 2352 -316 ) (7568 2352 -316 ) 
4 447 999 (7168 2352 -316 ) (7168 2352 -256 ) (7168 2452.159912 -256 ) (7168 2452.159912 -316 ) 
4 447 472 (7168 2352 -256 ) (7168 2352 -316 ) (7496 2352 -316 ) (7496 2352 -256 ) 
4 447 451 (7496 2352 -316 ) (7168 2352 -316 ) (7168 2452.159912 -316 ) (7496 2452.159912 -316 ) 
4 448 449 (7520 2508 -320 ) (7568 2508 -320 ) (7568 2508 -316 ) (7520 2508 -316 ) 
4 448 451 (7168 2508 -320 ) (7520 2508 -320 ) (7520 2508 -316 ) (7168 2508 -316 ) 
4 449 451 (7520 2508 -316 ) (7520 2508 -320 ) (7520 2452.159912 -320 ) (7520 2452.159912 -316 ) 
4 449 452 (7520 2508.159912 -320 ) (7568 2508.159912 -320 ) (7568 2452.159912 -320 ) (7520 2452.159912 -320 ) 
4 450 471 (7568 2352 -316 ) (7520 2352 -316 ) (7520 2352 -320 ) (7568 2352 -320 ) 
4 451 999 (7168 2352 -320 ) (7168 2352 -316 ) (7168 2508.159912 -316 ) (7168 2508.159912 -320 ) 
4 451 472 (7496 2352 -316 ) (7168 2352 -316 ) (7168 2352 -320 ) (7496 2352 -320 ) 
4 451 471 (7520 2352 -316 ) (7496 2352 -316 ) (7496 2352 -320 ) (7520 2352 -320 ) 
4 451 452 (7168 2508.159912 -320 ) (7520 2508.159912 -320 ) (7520 2352 -320 ) (7168 2352 -320 ) 
4 452 999 (7168 2508.159912 -440 ) (7168 2352 -440 ) (7168 2352 -320 ) (7168 2508.159912 -320 ) 
4 452 483 (7168 2352 -440 ) (7168 2508.159912 -440 ) (7576 2508.159912 -440 ) (7576 2352 -440 ) 
4 452 474 (7168 2352 -440 ) (7576 2352 -440 ) (7576 2352 -320 ) (7168 2352 -320 ) 
4 453 484 (8008 2352 -440 ) (8192 2352 -440 ) (8192 2344 -440 ) (8008 2344 -440 ) 
4 453 485 (8192 2344 -440 ) (8192 2304 -440 ) (8008 2304 -440 ) (8008 2344 -440 ) 
4 453 456 (8008 2304 -440 ) (8192 2304 -440 ) (8192 2304 -256 ) (8008 2304 -256 ) 
4 453 454 (8008 2352 -8 ) (8008 2352 -84 ) (8008 2344 -84 ) (8008 2344 -8 ) 
4 453 455 (8008 2344 -440 ) (8008 2304 -440 ) (8008 2304 -8 ) (8008 2344 -8 ) 
4 454 457 (7840 2352 -8 ) (7840 2352 -84 ) (7840 2344 -84 ) (7840 2344 -8 ) 
4 454 455 (8008 2344 -84 ) (8008 2344 -8 ) (7840 2344 -8 ) (7840 2344 -84 ) 
4 455 485 (8008 2344 -440 ) (8008 2304 -440 ) (7840 2304 -440 ) (7840 2344 -440 ) 
4 455 460 (7840 2344 -440 ) (7840 2304 -440 ) (7840 2304 -432 ) (7840 2344 -432 ) 
4 455 458 (7840 2304 -276 ) (7840 2304 -8 ) (7840 2344 -8 ) (7840 2344 -276 ) 
4 455 456 (7840 2304 -256 ) (7840 2304 -440 ) (8008 2304 -440 ) (8008 2304 -256 ) 
4 456 485 (8192 2304 -440 ) (8192 2048 -440 ) (7840 2048 -440 ) (7840 2304 -440 ) 
4 456 460 (7840 2304 -440 ) (7840 2048 -440 ) (7840 2048 -432 ) (7840 2304 -432 ) 
4 456 459 (7840 2048 -276 ) (7840 2048 -256 ) (7840 2304 -256 ) (7840 2304 -276 ) 
4 457 461 (7824 2352 -8 ) (7824 2352 -84 ) (7824 2344 -84 ) (7824 2344 -8 ) 
4 457 458 (7840 2344 -84 ) (7840 2344 -8 ) (7824 2344 -8 ) (7824 2344 -84 ) 
4 458 462 (7824 2344 -276 ) (7824 2304 -276 ) (7824 2304 -84 ) (7824 2344 -84 ) 
4 458 461 (7824 2304 -84 ) (7824 2304 -8 ) (7824 2344 -8 ) (7824 2344 -84 ) 
4 458 459 (7824 2304 -256 ) (7824 2304 -276 ) (7840 2304 -276 ) (7840 2304 -256 ) 
4 459 463 (7824 2304 -276 ) (7824 2048 -276 ) (7824 2048 -256 ) (7824 2304 -256 ) 
4 460 485 (7840 2344 -440 ) (7840 2048 -440 ) (7824 2048 -440 ) (7824 2344 -440 ) 
4 460 466 (7824 2344 -440 ) (7824 2048 -440 ) (7824 2048 -432 ) (7824 2344 -432 ) 
4 461 462 (7824 2304 -84 ) (7680 2304 -84 ) (7680 2344 -84 ) (7824 2344 -84 ) 
4 462 470 (7680 2344 -276 ) (7680 2304 -276 ) (7680 2304 -128 ) (7680 2344 -128 ) 
4 462 463 (7680 2304 -256 ) (7680 2304 -276 ) (7824 2304 -276 ) (7824 2304 -256 ) 
5 464 821 (7824 2048 -424 ) (7824 2048 -360.002350 ) (7823.333008 2048 -352 ) (7768 2048 -352 ) (7768 2048 -424 ) 
10 464 820 (7823.333008 2048 -352 ) (7823 2048 -347.994324 ) (7819.006836 2048 -336.016754 ) (7812.996582 2048 -323.996613 ) (7805 2048 -315.001587 ) (7796.003418 2048 -307.003479 ) (7783.984863 2048 -300.994385 ) (7778.001465 2048 -299 ) (7768 2048 -299 ) (7768 2048 -352 ) 
4 464 819 (7778.001465 2048 -299 ) (7772.001953 2048 -297 ) (7768 2048 -296.665894 ) (7768 2048 -299 ) 
4 464 465 (7768 2048 -424 ) (7768 2048 -299 ) (7768 2352 -299 ) (7768 2352 -424 ) 
4 465 821 (7752 2048 -352 ) (7752 2048 -424 ) (7768 2048 -424 ) (7768 2048 -352 ) 
4 465 820 (7752 2048 -299 ) (7752 2048 -352 ) (7768 2048 -352 ) (7768 2048 -299 ) 
4 465 467 (7752 2352 -299 ) (7752 2352 -424 ) (7752 2048 -424 ) (7752 2048 -299 ) 
4 466 485 (7824 2344 -440 ) (7824 2048 -440 ) (7752 2048 -440 ) (7752 2344 -440 ) 
4 466 468 (7752 2344 -440 ) (7752 2048 -440 ) (7752 2048 -432 ) (7752 2344 -432 ) 
5 467 823 (7752 2048 -424 ) (7752 2048 -352 ) (7696.666992 2048 -352 ) (7696 2048 -360 ) (7696 2048 -424 ) 
10 467 822 (7752 2048 -352 ) (7752 2048 -296.667053 ) (7748 2048 -297 ) (7736 2048 -301 ) (7724.010254 2048 -306.994904 ) (7714.982422 2048 -315.019562 ) (7707 2048 -324 ) (7701.004395 2048 -335.990814 ) (7697 2048 -348.003937 ) (7696.666992 2048 -352 ) 
4 468 485 (7752 2344 -440 ) (7752 2048 -440 ) (7696 2048 -440 ) (7696 2344 -440 ) 
4 468 469 (7696 2344 -440 ) (7696 2048 -440 ) (7696 2048 -432 ) (7696 2344 -432 ) 
4 469 485 (7696 2344 -440 ) (7696 2048 -440 ) (7680 2048 -440 ) (7680 2344 -440 ) 
4 469 473 (7680 2344 -440 ) (7680 2304 -440 ) (7680 2304 -432 ) (7680 2344 -432 ) 
4 470 473 (7680 2304 -320 ) (7592 2304 -320 ) (7592 2344 -320 ) (7680 2344 -320 ) 
4 470 474 (7592 2304 -320 ) (7568 2304 -320 ) (7568 2344 -320 ) (7592 2344 -320 ) 
4 470 471 (7568 2344 -320 ) (7568 2304 -320 ) (7568 2304 -128 ) (7568 2344 -128 ) 
4 471 474 (7568 2304 -320 ) (7496 2304 -320 ) (7496 2352 -320 ) (7568 2352 -320 ) 
4 471 472 (7496 2352 -320 ) (7496 2304 -320 ) (7496 2304 -256 ) (7496 2352 -256 ) 
4 472 999 (7168 2352 -256 ) (7168 2352 -320 ) (7168 2304 -320 ) (7168 2304 -256 ) 
4 472 474 (7496 2304 -320 ) (7168 2304 -320 ) (7168 2352 -320 ) (7496 2352 -320 ) 
4 473 487 (7680 2344 -440 ) (7680 2304 -440 ) (7592 2304 -440 ) (7592 2344 -440 ) 
4 473 474 (7592 2304 -440 ) (7592 2304 -320 ) (7592 2344 -320 ) (7592 2344 -440 ) 
4 474 999 (7168 2352 -320 ) (7168 2352 -440 ) (7168 2304 -440 ) (7168 2304 -320 ) 
4 474 487 (7168 2304 -440 ) (7168 2344 -440 ) (7592 2344 -440 ) (7592 2304 -440 ) 
4 474 486 (7168 2344 -440 ) (7168 2352 -440 ) (7592 2352 -440 ) (7592 2344 -440 ) 
4 475 999 (7168 2692.159912 -440 ) (7168 3072 -440 ) (7168 3072 -448 ) (7168 2692.159912 -448 ) 
4 475 488 (7644 3072 -448 ) (8192 3072 -448 ) (8192 2692.159912 -448 ) (7644 2692.159912 -448 ) 
4 475 494 (7168 2692.159912 -448 ) (7168 3072 -448 ) (7644 3072 -448 ) (7644 2692.159912 -448 ) 
4 476 999 (7168 2684 -440 ) (7168 2692.159912 -440 ) (7168 2692.159912 -448 ) (7168 2684 -448 ) 
4 476 494 (7168 2684 -448 ) (7168 2692.159912 -448 ) (7580 2692.159912 -448 ) (7580 2684 -448 ) 
4 476 483 (7168 2684 -448 ) (7576 2684 -448 ) (7576 2684 -440 ) (7168 2684 -440 ) 
4 477 481 (8008 2684 -440 ) (8008 2684 -448 ) (8008 2643 -448 ) (8008 2643 -440 ) 
4 477 479 (8008 2643 -440 ) (8008 2643 -448 ) (8044 2643 -448 ) (8044 2643 -440 ) 
4 477 478 (8044 2643 -448 ) (8192 2643 -448 ) (8192 2643 -440 ) (8044 2643 -440 ) 
4 478 479 (8044 2643 -440 ) (8044 2643 -448 ) (8044 2440 -448 ) (8044 2440 -440 ) 
4 479 481 (8008 2643 -448 ) (8008 2440.159912 -448 ) (8008 2440.159912 -440 ) (8008 2643 -440 ) 
4 480 484 (8008 2352 -448 ) (8192 2352 -448 ) (8192 2352 -440 ) (8008 2352 -440 ) 
4 481 482 (8000 2684 -440 ) (8000 2684 -448 ) (8000 2440.159912 -448 ) (8000 2440.159912 -440 ) 
4 483 999 (7168 2352 -440 ) (7168 2684 -440 ) (7168 2684 -448 ) (7168 2352 -448 ) 
4 483 494 (7168 2352 -448 ) (7168 2684 -448 ) (7576 2684 -448 ) (7576 2352 -448 ) 
4 483 486 (7168 2352 -448 ) (7576 2352 -448 ) (7576 2352 -440 ) (7168 2352 -440 ) 
4 484 485 (8008 2344 -448 ) (8192 2344 -448 ) (8192 2344 -440 ) (8008 2344 -440 ) 
4 485 496 (8192 2048 -448 ) (7680 2048 -448 ) (7680 2304 -448 ) (8192 2304 -448 ) 
4 485 493 (7680 2304 -448 ) (7680 2344 -448 ) (8192 2344 -448 ) (8192 2304 -448 ) 
4 485 487 (7680 2344 -448 ) (7680 2304 -448 ) (7680 2304 -440 ) (7680 2344 -440 ) 
4 486 999 (7168 2344 -440 ) (7168 2352 -440 ) (7168 2352 -448 ) (7168 2344 -448 ) 
4 486 494 (7168 2344 -448 ) (7168 2352 -448 ) (7592 2352 -448 ) (7592 2344 -448 ) 
4 486 487 (7168 2344 -448 ) (7592 2344 -448 ) (7592 2344 -440 ) (7168 2344 -440 ) 
4 487 999 (7168 2304 -440 ) (7168 2344 -440 ) (7168 2344 -448 ) (7168 2304 -448 ) 
4 487 493 (7644 2344 -448 ) (7680 2344 -448 ) (7680 2304 -448 ) (7644 2304 -448 ) 
4 487 494 (7168 2304 -448 ) (7168 2344 -448 ) (7644 2344 -448 ) (7644 2304 -448 ) 
4 488 492 (7644 2684.159912 -456 ) (7644 2684.159912 -496 ) (8044 2684.159912 -496 ) (8044 2684.159912 -456 ) 
4 488 489 (8044 2684.159912 -496 ) (8192 2684.159912 -496 ) (8192 2684.159912 -456 ) (8044 2684.159912 -456 ) 
4 488 495 (7644 2684.159912 -496 ) (7644 3072 -496 ) (8192 3072 -496 ) (8192 2684.159912 -496 ) 
4 488 494 (7644 3072 -496 ) (7644 2684.159912 -496 ) (7644 2684.159912 -448 ) (7644 3072 -448 ) 
4 489 492 (8044 2684.159912 -456 ) (8044 2684.159912 -496 ) (8044 2643 -496 ) (8044 2643 -456 ) 
4 489 490 (8044 2643 -456 ) (8044 2643 -496 ) (8192 2643 -496 ) (8192 2643 -456 ) 
4 489 495 (8044 2684.159912 -496 ) (8192 2684.159912 -496 ) (8192 2643 -496 ) (8044 2643 -496 ) 
4 490 492 (8044 2643 -496 ) (8044 2440 -496 ) (8044 2440 -456 ) (8044 2643 -456 ) 
4 490 491 (8044 2440 -456 ) (8044 2440 -496 ) (8192 2440 -496 ) (8192 2440 -456 ) 
4 490 495 (8192 2643 -496 ) (8192 2440 -496 ) (8044 2440 -496 ) (8044 2643 -496 ) 
4 491 492 (8044 2440 -496 ) (8044 2344 -496 ) (8044 2344 -456 ) (8044 2440 -456 ) 
4 491 495 (8192 2440 -496 ) (8192 2344 -496 ) (8044 2344 -496 ) (8044 2440 -496 ) 
4 491 493 (8044 2344 -496 ) (8192 2344 -496 ) (8192 2344 -456 ) (8044 2344 -456 ) 
4 492 493 (7644 2344 -456 ) (7644 2344 -496 ) (8044 2344 -496 ) (8044 2344 -456 ) 
4 492 495 (7644 2344 -496 ) (7644 2684.159912 -496 ) (8044 2684.159912 -496 ) (8044 2344 -496 ) 
4 492 494 (7644 2684.159912 -496 ) (7644 2344 -496 ) (7644 2344 -456 ) (7644 2684.159912 -456 ) 
4 493 496 (8192 2304 -496 ) (8192 2304 -448 ) (7680 2304 -448 ) (7680 2304 -496 ) 
4 493 494 (7644 2344 -496 ) (7644 2304 -496 ) (7644 2304 -448 ) (7644 2344 -448 ) 
4 493 495 (8192 2304 -496 ) (7644 2304 -496 ) (7644 2344 -496 ) (8192 2344 -496 ) 
4 494 999 (7168 2304 -448 ) (7168 3072 -448 ) (7168 3072 -496 ) (7168 2304 -496 ) 
4 494 495 (7644 2304 -496 ) (7168 2304 -496 ) (7168 3072 -496 ) (7644 3072 -496 ) 
4 495 999 (7168 3072 -496 ) (7168 3072 -512 ) (7168 2304 -512 ) (7168 2304 -496 ) 
4 495 496 (7680 2304 -512 ) (8192 2304 -512 ) (8192 2304 -496 ) (7680 2304 -496 ) 
4 497 499 (15360 1024 0 ) (15360 1024 896 ) (15360 2048 896 ) (15360 2048 0 ) 
4 497 498 (15744 1024 896 ) (15360 1024 896 ) (15360 1024 0 ) (15744 1024 0 ) 
4 498 500 (15360 1024 896 ) (15360 1024 0 ) (15360 512 0 ) (15360 512 896 ) 
4 499 501 (14336 2048 1024 ) (14336 2048 0 ) (14336 1024 0 ) (14336 1024 1024 ) 
4 499 500 (15360 1024 0 ) (15360 1024 1024 ) (14336 1024 1024 ) (14336 1024 0 ) 
4 500 504 (14336 512 1024 ) (14336 1024 1024 ) (14336 1024 0 ) (14336 512 0 ) 
4 501 504 (14336 1024 0 ) (14336 1024 1024 ) (13824 1024 1024 ) (13824 1024 0 ) 
4 501 502 (13824 1024 0 ) (13824 1024 1024 ) (13824 2048 1024 ) (13824 2048 0 ) 
4 502 505 (13824 1024 -512 ) (13824 1024 1024 ) (13312 1024 1024 ) (13312 1024 -512 ) 
4 502 503 (13312 2048 1024 ) (13312 2048 -512 ) (13312 1024 -512 ) (13312 1024 1024 ) 
4 503 515 (12288 1024 -512 ) (12288 1024 -352 ) (12288 2048 -352 ) (12288 2048 -512 ) 
4 503 514 (12288 1024 -352 ) (12288 1024 -256 ) (12288 2048 -256 ) (12288 2048 -352 ) 
4 503 512 (12288 1024 -128 ) (12288 1024 1024 ) (12288 2048 1024 ) (12288 2048 -128 ) 
4 503 513 (12288 1024 -256 ) (12288 1024 -128 ) (12288 2048 -128 ) (12288 2048 -256 ) 
4 503 508 (12288 1024 0 ) (12288 1024 -512 ) (12644 1024 -512 ) (12644 1024 0 ) 
4 503 507 (12288 1024 1024 ) (12288 1024 0 ) (12644 1024 0 ) (12644 1024 1024 ) 
4 503 506 (12644 1024 -512 ) (13312 1024 -512 ) (13312 1024 1024 ) (12644 1024 1024 ) 
4 504 509 (14336 0 0 ) (14336 0 1024 ) (13824 0 1024 ) (13824 0 0 ) 
4 504 505 (13824 0 0 ) (13824 0 1024 ) (13824 1024 1024 ) (13824 1024 0 ) 
4 505 509 (13824 0 0 ) (13824 0 1024 ) (13312 0 1024 ) (13312 0 0 ) 
4 505 506 (13312 1024 1024 ) (13312 1024 -512 ) (13312 0 -512 ) (13312 0 1024 ) 
4 506 510 (13312 0 0 ) (13312 0 1024 ) (12644 0 1024 ) (12644 0 0 ) 
4 506 508 (12644 1024 -512 ) (12644 704 -512 ) (12644 640 0 ) (12644 1024 0 ) 
4 506 507 (12644 0 0 ) (12644 0 1024 ) (12644 1024 1024 ) (12644 1024 0 ) 
4 507 638 (12288 0 0 ) (12288 0 1024 ) (12288 1024 1024 ) (12288 1024 0 ) 
4 507 510 (12644 0 1024 ) (12288 0 1024 ) (12288 0 0 ) (12644 0 0 ) 
4 507 508 (12288 1024 0 ) (12644 1024 0 ) (12644 640 0 ) (12288 640 0 ) 
4 508 640 (12288 1024 -352 ) (12288 1024 -512 ) (12288 704 -512 ) (12288 684 -352 ) 
4 508 639 (12288 640 0 ) (12288 1024 0 ) (12288 1024 -352 ) (12288 684 -352 ) 
4 509 510 (13312 -512 1024 ) (13312 0 1024 ) (13312 0 0 ) (13312 -512 0 ) 
4 510 931 (12288 -512 0 ) (12288 -512 1024 ) (12288 0 1024 ) (12288 0 0 ) 
4 512 639 (12288 1024 -128 ) (12288 1024 0 ) (11264 1024 0 ) (11264 1024 -128 ) 
4 512 638 (12288 1024 0 ) (12288 1024 1024 ) (11264 1024 1024 ) (11264 1024 0 ) 
4 512 553 (11264 1981.104004 -64 ) (11264 1988 -64 ) (11264 1988 -128 ) (11264 1981.110718 -128 ) 
4 512 551 (11264 1868.812622 -64 ) (11264 1981.104004 -64 ) (11264 1981.110718 -128 ) (11264 1868.812622 -128 ) 
4 512 549 (11264 1024 -128 ) (11264 1024 -64 ) (11264 1868.812622 -64 ) (11264 1868.812622 -128 ) 
4 512 544 (11264 1981.110840 0 ) (11264 1988 0 ) (11264 1988 -64 ) (11264 1981.110840 -64 ) 
4 512 542 (11264 1670.459229 0 ) (11264 1981.110840 0 ) (11264 1981.110840 -64 ) (11264 1670.459229 -64 ) 
4 512 541 (11264 1024 -64 ) (11264 1024 0 ) (11264 1670.459229 0 ) (11264 1670.459229 -64 ) 
4 512 534 (11264 1024 0 ) (11264 1024 512 ) (11264 1988 512 ) (11264 1988 0 ) 
4 512 533 (11264 1024 512 ) (11264 1024 1024 ) (11264 1988 1024 ) (11264 1988 512 ) 
4 512 528 (11264 2048 0 ) (11264 2048 -128 ) (11264 1988 -128 ) (11264 1988 0 ) 
4 512 526 (11264 2048 512 ) (11264 2048 0 ) (11264 1988 0 ) (11264 1988 512 ) 
4 512 525 (11264 1988 1024 ) (11264 2048 1024 ) (11264 2048 512 ) (11264 1988 512 ) 
4 512 513 (12288 1024 -128 ) (11264 1024 -128 ) (11264 2048 -128 ) (12288 2048 -128 ) 
4 513 639 (12288 1024 -256 ) (12288 1024 -128 ) (11264 1024 -128 ) (11264 1024 -256 ) 
4 513 576 (11264 1925.023315 -128 ) (11264 1988 -128 ) (11264 1988 -256 ) (11264 1925.022583 -256 ) 
4 513 575 (11264 1868.812622 -128 ) (11264 1925.023315 -128 ) (11264 1925.022583 -256 ) (11264 1868.811157 -256 ) 
4 513 573 (11264 1024 -256 ) (11264 1024 -128 ) (11264 1868.812622 -128 ) (11264 1868.811157 -256 ) 
4 513 570 (11264 1988 -128 ) (11264 2048 -128 ) (11264 2048 -256 ) (11264 1988 -256 ) 
3 513 524 (11289.013672 1788.045044 -256 ) (11282.625977 1766.898804 -256 ) (11276.997070 1757.994141 -256 ) 
3 513 523 (11328 1983.993896 -256 ) (11328 1917.102539 -256 ) (11318 1884 -256 ) 
3 513 522 (11264 1705.240479 -256 ) (11264 1737.431152 -256 ) (11282.625977 1766.898804 -256 ) 
4 513 516 (11264 1024 -256 ) (11264 1705.240479 -256 ) (11328 1917.102539 -256 ) (11328 1024 -256 ) 
4 513 514 (11328 2048 -256 ) (12288 2048 -256 ) (12288 1024 -256 ) (11328 1024 -256 ) 
4 514 639 (12288 1024 -352 ) (12288 1024 -256 ) (11328 1024 -256 ) (11328 1024 -352 ) 
4 514 523 (11328 1917.102539 -256 ) (11328 1983.993896 -256 ) (11328 1983.993896 -352 ) (11328 1917.102539 -352 ) 
4 514 516 (11328 1024 -352 ) (11328 1024 -256 ) (11328 1917.102539 -256 ) (11328 1917.102539 -352 ) 
4 514 515 (11328 1024 -352 ) (11328 2048 -352 ) (12288 2048 -352 ) (12288 1024 -352 ) 
4 515 640 (12288 1024 -512 ) (12288 1024 -352 ) (11328 1024 -352 ) (11328 1024 -512 ) 
4 515 523 (11328 1983.993896 -512 ) (11328 1917.102539 -512 ) (11328 1917.102539 -352 ) (11328 1983.993896 -352 ) 
4 515 520 (11328 1889.188599 -512 ) (11328 1624.411255 -512 ) (11328 1559.838135 -495.925232 ) (11328 1575.318115 -433.826355 ) 
5 515 519 (11328 1917.102539 -512 ) (11328 1889.188599 -512 ) (11328 1575.318115 -433.826355 ) (11328 1595.715698 -352 ) (11328 1917.102539 -352 ) 
3 515 518 (11328 1624.411255 -512 ) (11328 1555.831055 -512 ) (11328 1559.838135 -495.925232 ) 
4 515 517 (11328 1555.831055 -512 ) (11328 1024 -512 ) (11328 1024 -352 ) (11328 1595.715698 -352 ) 
4 516 639 (11328 1024 -256 ) (11264 1024 -256 ) (11264 1024 -352 ) (11328 1024 -352 ) 
4 516 634 (11264 1024 -352 ) (11264 1024 -256 ) (11264 1472 -256 ) (11264 1472 -352 ) 
4 516 626 (11264 1580.386353 -256 ) (11264 1623.562256 -256 ) (11264 1599.631226 -352 ) (11264 1580.386353 -352 ) 
4 516 625 (11264 1472 -256 ) (11264 1580.386353 -256 ) (11264 1580.386353 -352 ) (11264 1472 -352 ) 
4 516 623 (11264 1623.562256 -256 ) (11264 1705.240479 -256 ) (11264 1705.240479 -352 ) (11264 1599.631226 -352 ) 
4 516 524 (11289.008789 1788.032227 -352 ) (11282.624023 1766.896606 -352 ) (11282.625000 1766.898315 -256 ) (11289.009766 1788.033447 -256 ) 
4 516 523 (11328 1917.107422 -256 ) (11328 1917.107422 -352 ) (11318 1884.008423 -352 ) (11318 1884.007690 -256 ) 
4 516 522 (11282.624023 1766.896606 -352 ) (11264 1705.243164 -352 ) (11264 1705.242188 -256 ) (11282.625000 1766.898315 -256 ) 
4 516 519 (11264 1705.243896 -352 ) (11328 1917.105469 -352 ) (11328 1595.715820 -352 ) (11264 1598.596191 -352 ) 
4 516 517 (11328 1595.715820 -352 ) (11328 1024 -352 ) (11264 1024 -352 ) (11264 1598.596191 -352 ) 
4 517 640 (11264 1024 -352 ) (11264 1024 -512 ) (11328 1024 -512 ) (11328 1024 -352 ) 
4 517 635 (11264 1024 -512 ) (11264 1024 -352 ) (11264 1472 -352 ) (11264 1472 -512 ) 
4 517 628 (11264 1472 -352 ) (11264 1598.596191 -352 ) (11264 1558.711426 -512 ) (11264 1472 -512 ) 
4 517 520 (11328 1575.317383 -433.826172 ) (11328 1559.837402 -495.925049 ) (11269.901367 1562.299438 -496.538757 ) (11269.900391 1577.779419 -434.439880 ) 
4 517 519 (11264 1598.595459 -352 ) (11328 1595.714966 -352 ) (11328 1575.317383 -433.826172 ) (11264 1578.029419 -434.502197 ) 
4 517 518 (11328 1559.837402 -495.925049 ) (11328 1555.830200 -512 ) (11264 1558.710938 -512 ) (11264 1562.549561 -496.601074 ) 
4 518 629 (11264 1559.746582 -512 ) (11264 1558.711426 -512 ) (11264 1562.550049 -496.601196 ) (11264 1563.524414 -496.843750 ) 
3 518 623 (11264 1624.407715 -512 ) (11264 1559.746582 -512 ) (11264 1563.524414 -496.843750 ) 
4 518 521 (11270.001953 1563.270264 -496.780609 ) (11276.261719 1624.408203 -512 ) (11264 1624.407471 -512 ) (11264 1563.524658 -496.844025 ) 
4 518 520 (11269.902344 1562.301270 -496.539398 ) (11328 1559.839478 -495.925751 ) (11328 1624.411133 -512 ) (11276.261719 1624.408203 -512 ) 
4 519 630 (11264 1598.596191 -352 ) (11264 1599.631348 -352 ) (11264 1579.004639 -434.745087 ) (11264 1578.030029 -434.502350 ) 
4 519 623 (11264 1599.631348 -352 ) (11264 1705.240479 -352 ) (11264 1705.240479 -466.185791 ) (11264 1579.004639 -434.745087 ) 
4 519 524 (11289.008789 1788.032471 -486.806030 ) (11282.624023 1766.895020 -481.541534 ) (11282.624023 1766.896606 -352 ) (11289.008789 1788.032227 -352 ) 
5 519 523 (11328 1917.107422 -352 ) (11328 1917.107422 -512 ) (11319.566406 1889.188232 -512 ) (11318 1884.005859 -510.709290 ) (11318 1884.008423 -352 ) 
4 519 522 (11282.624023 1766.895020 -481.541534 ) (11264 1705.244263 -466.186737 ) (11264 1705.243164 -352 ) (11282.624023 1766.896606 -352 ) 
4 519 521 (11264 1579.004639 -434.744934 ) (11264 1705.241089 -466.185822 ) (11292.677734 1800.173828 -489.829834 ) (11270 1578.750244 -434.681519 ) 
5 519 520 (11328 1575.318604 -433.826324 ) (11269.901367 1577.780518 -434.440002 ) (11292.677734 1800.173828 -489.829834 ) (11319.567383 1889.188965 -512 ) (11328 1889.189209 -512 ) 
3 520 523 (11319.566406 1889.188232 -512 ) (11318 1884.006226 -512 ) (11318 1884.005981 -510.709320 ) 
5 520 521 (11276.256836 1624.400269 -512 ) (11269.996094 1563.269897 -496.782257 ) (11269.998047 1578.750000 -434.682678 ) (11292.672852 1800.153809 -489.826080 ) (11293.455078 1802.744141 -512 ) 
5 521 623 (11264 1705.240479 -466.185791 ) (11264 1705.240479 -512 ) (11264 1624.407715 -512 ) (11264 1563.524414 -496.843750 ) (11264 1579.004639 -434.745087 ) 
4 521 524 (11289.005859 1788.025635 -512 ) (11282.623047 1766.895142 -512 ) (11282.624023 1766.896973 -481.542023 ) (11289.010742 1788.040283 -486.807983 ) 
4 521 522 (11282.623047 1766.895142 -512 ) (11264 1705.244751 -512 ) (11264 1705.244263 -466.186737 ) (11282.624023 1766.896973 -481.542023 ) 
4 522 623 (11264 1705.240479 -256 ) (11264 1737.431152 -256 ) (11264 1737.431152 -512 ) (11264 1705.240479 -512 ) 
4 522 524 (11282.627930 1766.902344 -256 ) (11282.627930 1766.902344 -512 ) (11276.997070 1757.993530 -512 ) (11276.996094 1757.991699 -256 ) 
4 525 533 (11264 1988 512 ) (11264 1988 1024 ) (10432 1988 1024 ) (10432 1988 512 ) 
4 525 527 (10432 1988 512 ) (10432 1988 1024 ) (10432 2048 1024 ) (10432 2048 512 ) 
4 525 526 (11264 1988 512 ) (10688 1988 512 ) (10688 2048 512 ) (11264 2048 512 ) 
4 526 534 (10688 1988 0 ) (11264 1988 0 ) (11264 1988 512 ) (10688 1988 512 ) 
3 526 528 (11264 1988 0 ) (11258 1988 0 ) (11264 2048 0 ) 
4 527 644 (10240 2048 1024 ) (10240 2048 512 ) (10240 1988 512 ) (10240 1988 1024 ) 
4 527 533 (10240 1988 1024 ) (10240 1988 512 ) (10432 1988 512 ) (10432 1988 1024 ) 
3 528 570 (11264 2048 -128 ) (11264 1988 -128 ) (11258 1988 -128 ) 
4 528 553 (11258 1988 -128 ) (11264 1988 -128 ) (11264 1988 -64 ) (11258 1988 -64 ) 
4 528 544 (11264 1988 -64 ) (11264 1988 0 ) (11258 1988 0 ) (11258 1988 -64 ) 
3 529 569 (11080.001953 1988 -128 ) (11032 1988 -128 ) (11032 2044.002441 -128 ) 
4 529 530 (11032 2048 -128 ) (11032 1988 -128 ) (11032 1988 -124 ) (11032 2048 -124 ) 
4 530 571 (10936 2048 -128 ) (11032 2048 -128 ) (11032 1988 -128 ) (10936 1988 -128 ) 
4 530 531 (10936 2048 -128 ) (10936 1988 -128 ) (10936 1988 -124 ) (10936 2048 -124 ) 
3 531 572 (10936 2044 -128 ) (10936 1988 -128 ) (10888 1988 -128 ) 
4 532 655 (10240 2048 -32 ) (10240 2048 -128 ) (10240 1988 -128 ) (10240 1988 -32 ) 
4 532 617 (10240 2048 -128 ) (10284 2048 -128 ) (10284 1988 -128 ) (10240 1988 -128 ) 
4 532 613 (10284 2048 -128 ) (10304 2048 -128 ) (10304 1988 -128 ) (10284 1988 -128 ) 
4 532 611 (10304 2048 -128 ) (10328 2048 -128 ) (10328 1988 -128 ) (10304 1988 -128 ) 
4 532 610 (10328 2048 -128 ) (10448 2048 -128 ) (10448 1988 -128 ) (10328 1988 -128 ) 
4 532 592 (10448 2048 -128 ) (10472 2048 -128 ) (10472 1988 -128 ) (10448 1988 -128 ) 
4 532 591 (10472 2048 -128 ) (10736 2048 -128 ) (10736 1988 -128 ) (10472 1988 -128 ) 
4 532 560 (10240 1988 -32 ) (10240 1988 -128 ) (10736 1988 -128 ) (10736 1988 -32 ) 
4 533 644 (10240 1024 512 ) (10240 1024 1024 ) (10240 1988 1024 ) (10240 1988 512 ) 
4 533 641 (11264 1024 512 ) (11264 1024 1024 ) (10240 1024 1024 ) (10240 1024 512 ) 
4 533 539 (10240 1476 512 ) (10240 1492 512 ) (10272 1492 512 ) (10272 1476 512 ) 
4 533 538 (10336 1492 512 ) (10432 1492 512 ) (10432 1476 512 ) (10336 1476 512 ) 
4 533 540 (10672 1024 512 ) (10240 1024 512 ) (10240 1476 512 ) (10672 1476 512 ) 
4 533 537 (10688 1024 512 ) (10672 1024 512 ) (10672 1476 512 ) (10688 1476 512 ) 
4 533 535 (10672 1764 512 ) (10672 1924 512 ) (10688 1924 512 ) (10688 1764 512 ) 
4 533 536 (10672 1540 512 ) (10672 1700 512 ) (10688 1700 512 ) (10688 1540 512 ) 
4 533 534 (11264 1024 512 ) (10688 1024 512 ) (10688 1988 512 ) (11264 1988 512 ) 
4 534 641 (11264 1024 0 ) (11264 1024 512 ) (10688 1024 512 ) (10688 1024 0 ) 
4 534 558 (10752 1408 0 ) (10752 1024 0 ) (10688 1024 0 ) (10688 1408 0 ) 
3 534 548 (11224.995117 1851.991455 0 ) (11210.309570 1803.376831 0 ) (11177.998047 1763.997559 0 ) 
3 534 547 (10851.995117 1546 0 ) (10752 1515.792847 0 ) (10752 1536 0 ) 
3 534 546 (11035.993164 1621.996338 0 ) (10996.617188 1589.687378 0 ) (10948.005859 1575.002686 0 ) 
3 534 545 (11114.002930 1686.004395 0 ) (11047.613281 1605.092407 0 ) (10996.617188 1589.687378 0 ) 
4 534 544 (11258 1988 0 ) (11264 1988 0 ) (11264 1981.110840 0 ) (11254 1948.008789 0 ) 
3 534 543 (11210.309570 1803.376831 0 ) (11160.734375 1639.264526 0 ) (11047.613281 1605.092407 0 ) 
3 534 542 (11264 1981.110840 0 ) (11264 1670.459229 0 ) (11160.734375 1639.264526 0 ) 
4 534 541 (11264 1670.459229 0 ) (11264 1024 0 ) (10752 1024 0 ) (10752 1515.792847 0 ) 
4 534 537 (10688 1476 0 ) (10688 1024 0 ) (10688 1024 512 ) (10688 1476 512 ) 
4 534 535 (10688 1924 0 ) (10688 1764 0 ) (10688 1764 512 ) (10688 1924 512 ) 
4 534 536 (10688 1700 0 ) (10688 1540 0 ) (10688 1540 512 ) (10688 1700 512 ) 
4 537 641 (10688 1024 512 ) (10672 1024 512 ) (10672 1024 0 ) (10688 1024 0 ) 
4 537 558 (10688 1408 0 ) (10688 1024 0 ) (10672 1024 0 ) (10672 1408 0 ) 
4 537 540 (10672 1476 0 ) (10672 1024 0 ) (10672 1024 512 ) (10672 1476 512 ) 
4 538 540 (10336 1476 0 ) (10432 1476 0 ) (10432 1476 512 ) (10336 1476 512 ) 
4 539 646 (10240 1476 512 ) (10240 1492 512 ) (10240 1492 0 ) (10240 1476 0 ) 
4 539 540 (10240 1476 0 ) (10272 1476 0 ) (10272 1476 512 ) (10240 1476 512 ) 
4 540 649 (10240 1024 0 ) (10240 1024 512 ) (10240 1476 512 ) (10240 1476 0 ) 
4 540 641 (10672 1024 512 ) (10240 1024 512 ) (10240 1024 0 ) (10672 1024 0 ) 
4 540 558 (10672 1408 0 ) (10672 1024 0 ) (10240 1024 0 ) (10240 1408 0 ) 
4 541 642 (11264 1024 -64 ) (11264 1024 0 ) (10752 1024 0 ) (10752 1024 -64 ) 
4 541 559 (10752 1408 -64 ) (10752 1024 -64 ) (10752 1024 -32 ) (10752 1408 -32 ) 
4 541 558 (10752 1024 0 ) (10752 1408 0 ) (10752 1408 -32 ) (10752 1024 -32 ) 
3 541 557 (10851.994141 1546 -64 ) (10948.004883 1575.002686 -64 ) (10903.308594 1551.130859 -64 ) 
4 541 556 (10752 1470.318237 -64 ) (10752 1515.792847 -64 ) (10851.994141 1546 -64 ) (10903.308594 1551.130859 -64 ) 
4 541 554 (10752 1244.812988 -64 ) (10752 1470.318237 -64 ) (10948.004883 1575.002686 -64 ) (11047.614258 1605.092896 -64 ) 
5 541 549 (10752 1024 -64 ) (10752 1244.812988 -64 ) (11047.614258 1605.092896 -64 ) (11264 1670.459229 -64 ) (11264 1024 -64 ) 
4 541 547 (10851.994141 1546 -64 ) (10752 1515.792969 -64 ) (10752 1515.792969 0 ) (10851.994141 1546 0 ) 
4 541 546 (10996.618164 1589.688110 -64 ) (10948.006836 1575.003418 -64 ) (10948.006836 1575.003296 0 ) (10996.617188 1589.687744 0 ) 
4 541 545 (11047.613281 1605.092896 -64 ) (10996.618164 1589.688110 -64 ) (10996.617188 1589.687744 0 ) (11047.613281 1605.092773 0 ) 
4 541 543 (11160.735352 1639.265259 -64 ) (11047.613281 1605.092896 -64 ) (11047.613281 1605.092773 0 ) (11160.735352 1639.265137 0 ) 
4 541 542 (11264 1670.459717 -64 ) (11160.735352 1639.265259 -64 ) (11160.735352 1639.265137 0 ) (11264 1670.459595 0 ) 
3 542 551 (11264 1981.110840 -64 ) (11264 1868.812866 -64 ) (11210.310547 1803.379761 -64 ) 
4 542 549 (11264 1868.812866 -64 ) (11264 1670.459229 -64 ) (11160.734375 1639.264526 -64 ) (11210.310547 1803.379761 -64 ) 
4 542 548 (11224.992188 1851.987061 -64 ) (11210.306641 1803.373291 -64 ) (11210.308594 1803.374878 0 ) (11224.994141 1851.989380 0 ) 
4 542 544 (11264 1981.120483 -64 ) (11254.001953 1948.021729 -64 ) (11254 1948.011108 0 ) (11264 1981.114136 0 ) 
4 542 543 (11210.306641 1803.373291 -64 ) (11160.732422 1639.259766 -64 ) (11160.732422 1639.259766 0 ) (11210.308594 1803.374878 0 ) 
3 543 549 (11210.309570 1803.376831 -64 ) (11160.734375 1639.264526 -64 ) (11047.613281 1605.092407 -64 ) 
4 543 548 (11210.312500 1803.382812 0 ) (11210.312500 1803.382812 -64 ) (11178.001953 1764.003906 -64 ) (11178.001953 1764.004028 0 ) 
4 543 545 (11113.998047 1686 -64 ) (11047.610352 1605.090820 -64 ) (11047.610352 1605.090820 0 ) (11113.998047 1686 0 ) 
4 544 553 (11258 1988 -64 ) (11264 1988 -64 ) (11264 1981.110840 -64 ) (11254 1948.008789 -64 ) 
3 545 555 (11114.002930 1686.004395 -64 ) (11081.367188 1646.229980 -64 ) (11035.993164 1621.995728 -64 ) 
4 545 554 (11081.367188 1646.229980 -64 ) (11047.613281 1605.092407 -64 ) (10996.617188 1589.687378 -64 ) (11035.993164 1621.995728 -64 ) 
4 545 546 (11035.995117 1621.996948 -64 ) (10996.618164 1589.687744 -64 ) (10996.618164 1589.687744 0 ) (11035.995117 1621.996948 0 ) 
3 546 554 (11035.993164 1621.996338 -64 ) (10996.617188 1589.687378 -64 ) (10948.005859 1575.002686 -64 ) 
3 547 556 (10752 1515.792847 -64 ) (10752 1536 -64 ) (10851.995117 1546 -64 ) 
3 548 552 (11224.995117 1851.991455 -64 ) (11210.309570 1803.376831 -64 ) (11177.998047 1763.997559 -64 ) 
4 549 642 (11264 1024 -128 ) (11264 1024 -64 ) (10752 1024 -64 ) (10752 1024 -128 ) 
4 549 573 (11264 1868.812622 -128 ) (11264 1024 -128 ) (10752 1024 -128 ) (10752 1244.812988 -128 ) 
4 549 559 (10752 1244.812988 -128 ) (10752 1024 -128 ) (10752 1024 -64 ) (10752 1244.812988 -64 ) 
4 549 555 (11081.362305 1646.227051 -64 ) (11113.998047 1686.001831 -64 ) (11113.991211 1685.992188 -128 ) (11081.364258 1646.228027 -128 ) 
4 549 554 (10752 1244.815918 -128 ) (10752 1244.816406 -64 ) (11081.362305 1646.227051 -64 ) (11081.364258 1646.228027 -128 ) 
4 549 552 (11178.006836 1764.011963 -64 ) (11210.315430 1803.388550 -64 ) (11210.312500 1803.383911 -128 ) (11178.009766 1764.015381 -128 ) 
4 549 551 (11210.315430 1803.388550 -64 ) (11264 1868.816040 -64 ) (11264 1868.816040 -128 ) (11210.312500 1803.383911 -128 ) 
10 550 574 (10923 1634 -128 ) (10839 1609 -128 ) (10752 1600 -128 ) (10752 1984 -128 ) (11193.379883 1984 -128 ) (11191 1960.988892 -128 ) (11166.003906 1877.004028 -128 ) (11124.001953 1799 -128 ) (11069 1730.998901 -128 ) (11001.006836 1676.003296 -128 ) 
3 551 577 (11248.868164 1896.692017 -128 ) (11224.997070 1851.995605 -128 ) (11254 1948.007568 -128 ) 
4 551 576 (11264 1981.110718 -128 ) (11264 1925.023804 -128 ) (11248.868164 1896.692017 -128 ) (11254 1948.007568 -128 ) 
4 551 575 (11264 1925.023804 -128 ) (11264 1868.812622 -128 ) (11210.310547 1803.378784 -128 ) (11224.997070 1851.995605 -128 ) 
4 551 553 (11254 1947.991211 -64 ) (11264 1981.098145 -64 ) (11264 1981.104492 -128 ) (11254 1947.998657 -128 ) 
4 551 552 (11210.312500 1803.380859 -128 ) (11210.315430 1803.385376 -64 ) (11225.002930 1852.006958 -64 ) (11224.996094 1851.988525 -128 ) 
3 552 575 (11224.993164 1851.984741 -128 ) (11210.310547 1803.378784 -128 ) (11178.005859 1764.007202 -128 ) 
4 553 576 (11264 1988 -128 ) (11264 1981.110718 -128 ) (11254 1948.008423 -128 ) (11258 1988 -128 ) 
4 554 579 (11070.467773 1632.945068 -128 ) (10752 1244.812988 -128 ) (10752 1470.318359 -128 ) (11053.136719 1631.152222 -128 ) 
3 554 578 (11081.368164 1646.230103 -128 ) (11070.467773 1632.945068 -128 ) (11053.136719 1631.152222 -128 ) 
4 554 559 (10752 1408 -128 ) (10752 1244.812988 -128 ) (10752 1244.812988 -64 ) (10752 1408 -64 ) 
4 554 557 (10948.009766 1575.003906 -128 ) (10903.311523 1551.131104 -128 ) (10903.311523 1551.131104 -64 ) (10948.009766 1575.003784 -64 ) 
4 554 556 (10903.311523 1551.131104 -128 ) (10752 1470.317505 -128 ) (10752 1470.317383 -64 ) (10903.311523 1551.131104 -64 ) 
4 554 555 (11081.364258 1646.227051 -64 ) (11081.365234 1646.227539 -128 ) (11035.997070 1621.996826 -128 ) (11035.984375 1621.990356 -64 ) 
3 555 580 (11053.137695 1631.152222 -128 ) (11036.001953 1622 -128 ) (11046.292969 1630.444214 -128 ) 
4 555 578 (11113.997070 1685.997314 -128 ) (11081.368164 1646.230103 -128 ) (11053.137695 1631.152222 -128 ) (11046.292969 1630.444214 -128 ) 
3 556 582 (10752 1515.792603 -128 ) (10752 1536 -128 ) (10851.996094 1546 -128 ) 
4 556 581 (10903.309570 1551.130859 -128 ) (10752 1470.318359 -128 ) (10752 1515.792603 -128 ) (10851.996094 1546 -128 ) 
4 556 557 (10903.310547 1551.131226 -64 ) (10903.310547 1551.131226 -128 ) (10851.995117 1546 -128 ) (10851.995117 1546 -64 ) 
3 557 581 (10948.006836 1575.002930 -128 ) (10903.309570 1551.130859 -128 ) (10851.994141 1546 -128 ) 
4 558 654 (10240 1024 -32 ) (10240 1024 0 ) (10240 1408 0 ) (10240 1408 -32 ) 
4 558 642 (10752 1024 0 ) (10240 1024 0 ) (10240 1024 -32 ) (10752 1024 -32 ) 
4 558 568 (10736 1024 -32 ) (10240 1024 -32 ) (10240 1408 -32 ) (10736 1408 -32 ) 
4 558 559 (10752 1408 -32 ) (10752 1024 -32 ) (10736 1024 -32 ) (10736 1408 -32 ) 
4 559 642 (10736 1024 -128 ) (10752 1024 -128 ) (10752 1024 -32 ) (10736 1024 -32 ) 
4 559 583 (10752 1024 -128 ) (10736 1024 -128 ) (10736 1408 -128 ) (10752 1408 -128 ) 
4 559 568 (10736 1024 -32 ) (10736 1408 -32 ) (10736 1408 -128 ) (10736 1024 -128 ) 
4 560 655 (10240 1632 -32 ) (10240 1988 -32 ) (10240 1988 -128 ) (10240 1632 -128 ) 
4 560 617 (10240 1632 -128 ) (10240 1988 -128 ) (10284 1988 -128 ) (10284 1632 -128 ) 
4 560 613 (10284 1988 -128 ) (10304 1988 -128 ) (10304 1632 -128 ) (10284 1632 -128 ) 
4 560 611 (10304 1988 -128 ) (10328 1988 -128 ) (10328 1632 -128 ) (10304 1632 -128 ) 
4 560 610 (10328 1988 -128 ) (10448 1988 -128 ) (10448 1632 -128 ) (10328 1632 -128 ) 
4 560 592 (10448 1988 -128 ) (10472 1988 -128 ) (10472 1632 -128 ) (10448 1632 -128 ) 
4 560 591 (10472 1988 -128 ) (10736 1988 -128 ) (10736 1632 -128 ) (10472 1632 -128 ) 
4 560 565 (10240 1632 -128 ) (10292 1632 -128 ) (10292 1632 -32 ) (10240 1632 -32 ) 
4 560 564 (10319.998047 1632 -128 ) (10328 1632 -128 ) (10328 1632 -32 ) (10319.998047 1632 -32 ) 
4 560 563 (10328 1632 -128 ) (10448 1632 -128 ) (10448 1632 -32 ) (10328 1632 -32 ) 
4 560 562 (10448 1632 -128 ) (10456 1632 -128 ) (10456 1632 -32 ) (10448 1632 -32 ) 
3 561 607 (10456 1448 -128 ) (10448 1440 -128 ) (10448 1448 -128 ) 
4 561 602 (10456 1576 -128 ) (10456 1448 -128 ) (10448 1448 -128 ) (10448 1576 -128 ) 
3 561 599 (10456 1576 -128 ) (10448 1576 -128 ) (10448 1584 -128 ) 
4 561 563 (10448 1584 -128 ) (10448 1440 -128 ) (10448 1440 -32 ) (10448 1584 -32 ) 
3 562 593 (10448 1632 -128 ) (10456 1632 -128 ) (10448 1624 -128 ) 
4 562 563 (10448 1632 -32 ) (10448 1632 -128 ) (10448 1624 -128 ) (10448 1624 -32 ) 
4 563 610 (10328 1632 -128 ) (10448 1632 -128 ) (10448 1424 -128 ) (10328 1424 -128 ) 
4 563 564 (10328 1632 -32 ) (10328 1632 -128 ) (10328 1623.998047 -128 ) (10328 1623.998047 -32 ) 
3 564 612 (10319.998047 1632 -128 ) (10328 1632 -128 ) (10328 1623.998047 -128 ) 
4 565 656 (10240 1624 -32 ) (10240 1632 -32 ) (10240 1632 -128 ) (10240 1624 -128 ) 
4 565 617 (10240 1624 -128 ) (10240 1632 -128 ) (10284 1632 -128 ) (10284 1624 -128 ) 
3 565 615 (10284 1632 -128 ) (10292 1632 -128 ) (10284 1624 -128 ) 
4 566 657 (10240 1608 -32 ) (10240 1616 -32 ) (10240 1616 -128 ) (10240 1608 -128 ) 
4 566 618 (10240 1608 -128 ) (10240 1616 -128 ) (10284 1616 -128 ) (10284 1608 -128 ) 
3 566 614 (10284 1616 -128 ) (10292 1608 -128 ) (10284 1608 -128 ) 
4 566 567 (10240 1608 -128 ) (10292 1608 -128 ) (10292 1608 -32 ) (10240 1608 -32 ) 
4 567 662 (10240 1424 -32 ) (10240 1608 -32 ) (10240 1608 -128 ) (10240 1424 -128 ) 
4 567 618 (10240 1424 -128 ) (10240 1608 -128 ) (10284 1608 -128 ) (10284 1424 -128 ) 
4 567 616 (10284 1608 -128 ) (10304 1608 -128 ) (10304 1424 -128 ) (10284 1424 -128 ) 
4 568 663 (10240 1024 -128 ) (10240 1024 -32 ) (10240 1408 -32 ) (10240 1408 -128 ) 
4 568 642 (10240 1024 -32 ) (10240 1024 -128 ) (10736 1024 -128 ) (10736 1024 -32 ) 
4 568 622 (10448 1024 -128 ) (10240 1024 -128 ) (10240 1408 -128 ) (10448 1408 -128 ) 
4 568 609 (10736 1024 -128 ) (10448 1024 -128 ) (10448 1408 -128 ) (10736 1408 -128 ) 
4 569 574 (11032 1988 -256 ) (11080.001953 1988 -256 ) (11080.001953 1988 -128 ) (11032 1988 -128 ) 
4 569 571 (11032 2044.002441 -256 ) (11032 1988 -256 ) (11032 1988 -128 ) (11032 2044.002441 -128 ) 
4 570 576 (11258 1988 -256 ) (11264 1988 -256 ) (11264 1988 -128 ) (11258 1988 -128 ) 
4 571 574 (10936 1988 -256 ) (11032 1988 -256 ) (11032 1988 -128 ) (10936 1988 -128 ) 
4 571 572 (10936 2044 -256 ) (10936 1988 -256 ) (10936 1988 -128 ) (10936 2044 -128 ) 
4 572 574 (10888 1988 -256 ) (10936 1988 -256 ) (10936 1988 -128 ) (10888 1988 -128 ) 
4 573 642 (11264 1024 -256 ) (11264 1024 -128 ) (10752 1024 -128 ) (10752 1024 -256 ) 
5 573 634 (11264 1024 -256 ) (10752 1024 -256 ) (10752 1244.811523 -256 ) (10938.411133 1472 -256 ) (11264 1472 -256 ) 
3 573 627 (11117.011719 1566.007446 -256 ) (11074.815430 1526.987549 -256 ) (11003.991211 1506.996826 -256 ) 
4 573 626 (11183.184570 1627.199341 -256 ) (11264 1623.562134 -256 ) (11264 1580.386353 -256 ) (11074.815430 1526.987549 -256 ) 
4 573 625 (10938.411133 1472 -256 ) (10956.015625 1493.455322 -256 ) (11264 1580.386353 -256 ) (11264 1472 -256 ) 
3 573 624 (11209.995117 1651.991699 -256 ) (11194.016602 1626.711792 -256 ) (11183.184570 1627.199341 -256 ) 
3 573 623 (11264 1737.431641 -256 ) (11264 1623.562134 -256 ) (11194.016602 1626.711792 -256 ) 
4 573 590 (10752 1244.811523 -256 ) (10752 1024 -256 ) (10752 1024 -144 ) (10752 1244.812744 -144 ) 
4 573 583 (10752 1024 -144 ) (10752 1024 -128 ) (10752 1244.812988 -128 ) (10752 1244.812744 -144 ) 
4 573 579 (11070.464844 1632.944824 -256 ) (10752 1244.815674 -256 ) (10752 1244.816650 -128 ) (11070.463867 1632.944702 -128 ) 
4 573 578 (11114.001953 1686.006226 -256 ) (11070.464844 1632.944824 -256 ) (11070.463867 1632.944702 -128 ) (11113.988281 1685.990112 -128 ) 
4 573 575 (11264 1868.814941 -256 ) (11178.001953 1764.005615 -256 ) (11178.004883 1764.009644 -128 ) (11264 1868.816162 -128 ) 
4 574 589 (10752 1668 -256 ) (10752 1660 -256 ) (10752 1660 -144 ) (10752 1668 -144 ) 
4 574 586 (10752 1724 -256 ) (10752 1668 -256 ) (10752 1668 -144 ) (10752 1724 -144 ) 
4 574 585 (10752 1732 -256 ) (10752 1724 -256 ) (10752 1724 -144 ) (10752 1732 -144 ) 
4 574 584 (10752 1760 -224 ) (10752 1760 -144 ) (10752 1952 -144 ) (10752 1952 -224 ) 
4 575 577 (11248.868164 1896.691284 -256 ) (11224.996094 1851.993896 -256 ) (11224.996094 1851.993042 -128 ) (11248.868164 1896.690796 -128 ) 
4 575 576 (11264 1925.022461 -256 ) (11248.868164 1896.691284 -256 ) (11248.868164 1896.690796 -128 ) (11264 1925.022217 -128 ) 
4 576 577 (11253.998047 1948.002808 -256 ) (11248.867188 1896.687500 -256 ) (11248.867188 1896.687500 -128 ) (11253.998047 1948.002808 -128 ) 
4 578 580 (11046.285156 1630.443359 -256 ) (11053.136719 1631.152100 -256 ) (11053.136719 1631.152222 -128 ) (11046.291016 1630.443970 -128 ) 
4 578 579 (11053.136719 1631.152100 -256 ) (11070.466797 1632.944946 -256 ) (11070.465820 1632.944824 -128 ) (11053.136719 1631.152222 -128 ) 
4 579 634 (10752 1244.811523 -256 ) (10752 1470.318726 -256 ) (10755.147461 1472 -256 ) (10938.411133 1472 -256 ) 
3 579 625 (10956.015625 1493.455322 -256 ) (10938.411133 1472 -256 ) (10880.001953 1472 -256 ) 
4 579 590 (10752 1408 -256 ) (10752 1244.811523 -256 ) (10752 1244.812744 -144 ) (10752 1408 -144 ) 
4 579 583 (10752 1244.812744 -144 ) (10752 1244.812988 -128 ) (10752 1408 -128 ) (10752 1408 -144 ) 
4 579 581 (10948.014648 1575.005371 -256 ) (10752 1470.315430 -256 ) (10752 1470.315308 -128 ) (10948.013672 1575.004883 -128 ) 
4 579 580 (11053.135742 1631.149414 -128 ) (11053.135742 1631.149414 -256 ) (11035.974609 1621.983887 -256 ) (11035.990234 1621.992188 -128 ) 
3 581 634 (10752 1470.318726 -256 ) (10752 1472 -256 ) (10755.147461 1472 -256 ) 
4 581 582 (10851.991211 1546 -256 ) (10752 1515.793579 -256 ) (10752 1515.793213 -128 ) (10851.993164 1546 -128 ) 
4 583 642 (10752 1024 -128 ) (10736 1024 -128 ) (10736 1024 -144 ) (10752 1024 -144 ) 
4 583 609 (10736 1024 -144 ) (10736 1024 -128 ) (10736 1408 -128 ) (10736 1408 -144 ) 
4 583 590 (10736 1024 -144 ) (10736 1408 -144 ) (10752 1408 -144 ) (10752 1024 -144 ) 
4 584 591 (10736 1760 -224 ) (10736 1760 -144 ) (10736 1952 -144 ) (10736 1952 -224 ) 
4 585 586 (10752 1724 -256 ) (10752 1724 -144 ) (10744 1724 -144 ) (10744 1724 -256 ) 
4 586 589 (10752 1668 -256 ) (10752 1668 -144 ) (10744 1668 -144 ) (10744 1668 -256 ) 
4 586 587 (10739 1724 -144 ) (10739 1724 -256 ) (10739 1668 -256 ) (10739 1668 -144 ) 
4 587 588 (10738 1724 -144 ) (10738 1724 -256 ) (10738 1668 -256 ) (10738 1668 -144 ) 
4 588 591 (10736 1724 -256 ) (10736 1668 -256 ) (10736 1668 -144 ) (10736 1724 -144 ) 
4 590 642 (10736 1024 -144 ) (10736 1024 -256 ) (10752 1024 -256 ) (10752 1024 -144 ) 
4 590 636 (10752 1024 -256 ) (10736 1024 -256 ) (10736 1408 -256 ) (10752 1408 -256 ) 
4 590 609 (10736 1408 -256 ) (10736 1024 -256 ) (10736 1024 -144 ) (10736 1408 -144 ) 
4 591 592 (10472 2048 -256 ) (10472 1632 -256 ) (10472 1632 -128 ) (10472 2048 -128 ) 
4 592 610 (10448 2048 -256 ) (10448 1632 -256 ) (10448 1632 -128 ) (10448 2048 -128 ) 
4 592 593 (10448 1632 -128 ) (10448 1632 -256 ) (10456 1632 -256 ) (10456 1632 -128 ) 
4 593 610 (10448 1632 -256 ) (10448 1624 -256 ) (10448 1624 -128 ) (10448 1632 -128 ) 
4 594 603 (10736 1576 -184 ) (10736 1576 -144 ) (10472 1576 -144 ) (10472 1576 -184 ) 
4 594 601 (10736 1576 -144 ) (10736 1576 -128 ) (10472 1576 -128 ) (10472 1576 -144 ) 
4 594 600 (10472 1584 -184 ) (10472 1576 -184 ) (10472 1576 -128 ) (10472 1584 -128 ) 
4 594 596 (10568 1576 -184 ) (10512 1576 -184 ) (10512 1608 -184 ) (10568 1608 -184 ) 
4 594 597 (10508 1576 -184 ) (10472 1576 -184 ) (10472 1608 -184 ) (10508 1608 -184 ) 
4 594 595 (10736 1576 -184 ) (10572 1576 -184 ) (10572 1608 -184 ) (10736 1608 -184 ) 
4 595 603 (10736 1576 -244 ) (10736 1576 -184 ) (10572 1576 -184 ) (10572 1576 -244 ) 
4 595 598 (10736 1576 -244 ) (10572 1576 -244 ) (10572 1608 -244 ) (10736 1608 -244 ) 
4 596 603 (10568 1576 -184 ) (10512 1576 -184 ) (10512 1576 -244 ) (10568 1576 -244 ) 
4 596 598 (10568 1576 -244 ) (10512 1576 -244 ) (10512 1608 -244 ) (10568 1608 -244 ) 
4 597 603 (10508 1576 -184 ) (10472 1576 -184 ) (10472 1576 -244 ) (10508 1576 -244 ) 
4 597 600 (10472 1584 -244 ) (10472 1576 -244 ) (10472 1576 -184 ) (10472 1584 -184 ) 
4 597 598 (10508 1576 -244 ) (10472 1576 -244 ) (10472 1608 -244 ) (10508 1608 -244 ) 
4 598 603 (10472 1576 -256 ) (10736 1576 -256 ) (10736 1576 -244 ) (10472 1576 -244 ) 
4 598 600 (10472 1584 -256 ) (10472 1576 -256 ) (10472 1576 -244 ) (10472 1584 -244 ) 
4 599 610 (10448 1584 -256 ) (10448 1576 -256 ) (10448 1576 -128 ) (10448 1584 -128 ) 
4 599 605 (10448 1576 -144 ) (10448 1576 -256 ) (10456 1576 -256 ) (10456 1576 -144 ) 
4 599 602 (10448 1576 -128 ) (10448 1576 -144 ) (10456 1576 -144 ) (10456 1576 -128 ) 
4 600 603 (10464 1576 -256 ) (10472 1576 -256 ) (10472 1576 -144 ) (10464 1576 -144 ) 
4 600 601 (10472 1576 -144 ) (10472 1576 -128 ) (10464 1576 -128 ) (10464 1576 -144 ) 
4 601 608 (10464 1448 -144 ) (10472 1448 -144 ) (10472 1448 -128 ) (10464 1448 -128 ) 
4 601 606 (10472 1448 -144 ) (10736 1448 -144 ) (10736 1448 -128 ) (10472 1448 -128 ) 
4 601 603 (10736 1448 -144 ) (10464 1448 -144 ) (10464 1576 -144 ) (10736 1576 -144 ) 
4 602 610 (10448 1448 -144 ) (10448 1448 -128 ) (10448 1576 -128 ) (10448 1576 -144 ) 
4 602 607 (10448 1448 -128 ) (10448 1448 -144 ) (10456 1448 -144 ) (10456 1448 -128 ) 
4 602 605 (10456 1448 -144 ) (10448 1448 -144 ) (10448 1576 -144 ) (10456 1576 -144 ) 
4 603 608 (10464 1448 -256 ) (10472 1448 -256 ) (10472 1448 -144 ) (10464 1448 -144 ) 
4 603 606 (10472 1448 -256 ) (10736 1448 -256 ) (10736 1448 -144 ) (10472 1448 -144 ) 
4 603 604 (10464 1448 -256 ) (10464 1448 -144 ) (10464 1576 -144 ) (10464 1576 -256 ) 
4 604 605 (10456 1448 -256 ) (10456 1448 -144 ) (10456 1576 -144 ) (10456 1576 -256 ) 
4 605 610 (10448 1576 -256 ) (10448 1448 -256 ) (10448 1448 -144 ) (10448 1576 -144 ) 
4 605 607 (10448 1448 -144 ) (10448 1448 -256 ) (10456 1448 -256 ) (10456 1448 -144 ) 
4 606 608 (10472 1448 -128 ) (10472 1448 -256 ) (10472 1440 -256 ) (10472 1440 -128 ) 
4 607 610 (10448 1448 -256 ) (10448 1440 -256 ) (10448 1440 -128 ) (10448 1448 -128 ) 
4 609 642 (10736 1024 -128 ) (10448 1024 -128 ) (10448 1024 -256 ) (10736 1024 -256 ) 
4 609 636 (10736 1024 -256 ) (10448 1024 -256 ) (10448 1408 -256 ) (10736 1408 -256 ) 
4 609 622 (10448 1408 -256 ) (10448 1024 -256 ) (10448 1024 -128 ) (10448 1408 -128 ) 
4 610 612 (10328 1632 -256 ) (10328 1623.998047 -256 ) (10328 1623.998047 -128 ) (10328 1632 -128 ) 
4 610 611 (10328 2048 -256 ) (10328 1632 -256 ) (10328 1632 -128 ) (10328 2048 -128 ) 
4 611 613 (10304 2048 -256 ) (10304 1632 -256 ) (10304 1632 -128 ) (10304 2048 -128 ) 
4 611 612 (10319.998047 1632 -256 ) (10328 1632 -256 ) (10328 1632 -128 ) (10319.998047 1632 -128 ) 
4 613 619 (10284 2048 -256 ) (10284 1632 -256 ) (10284 1632 -144 ) (10284 2048 -144 ) 
4 613 617 (10284 1632 -144 ) (10284 1632 -128 ) (10284 2048 -128 ) (10284 2048 -144 ) 
4 613 615 (10284 1632 -128 ) (10284 1632 -256 ) (10292 1632 -256 ) (10292 1632 -128 ) 
4 614 621 (10284 1616 -256 ) (10284 1608 -256 ) (10284 1608 -144 ) (10284 1616 -144 ) 
4 614 618 (10284 1608 -144 ) (10284 1608 -128 ) (10284 1616 -128 ) (10284 1616 -144 ) 
4 614 616 (10284 1608 -128 ) (10284 1608 -256 ) (10292 1608 -256 ) (10292 1608 -128 ) 
4 615 619 (10284 1632 -256 ) (10284 1624 -256 ) (10284 1624 -144 ) (10284 1632 -144 ) 
4 615 617 (10284 1624 -144 ) (10284 1624 -128 ) (10284 1632 -128 ) (10284 1632 -144 ) 
4 616 621 (10284 1608 -256 ) (10284 1424 -256 ) (10284 1424 -144 ) (10284 1608 -144 ) 
4 616 618 (10284 1424 -144 ) (10284 1424 -128 ) (10284 1608 -128 ) (10284 1608 -144 ) 
4 617 683 (10240 1624 -128 ) (10240 1900 -128 ) (10240 1900 -144 ) (10240 1624 -144 ) 
4 617 679 (10240 1900 -128 ) (10240 1920 -128 ) (10240 1920 -144 ) (10240 1900 -144 ) 
4 617 674 (10240 1920 -128 ) (10240 2048 -128 ) (10240 2048 -144 ) (10240 1920 -144 ) 
4 617 619 (10284 2048 -144 ) (10284 1624 -144 ) (10240 1624 -144 ) (10240 2048 -144 ) 
4 618 692 (10240 1424 -128 ) (10240 1608 -128 ) (10240 1608 -144 ) (10240 1424 -144 ) 
4 618 684 (10240 1608 -128 ) (10240 1616 -128 ) (10240 1616 -144 ) (10240 1608 -144 ) 
4 618 621 (10284 1616 -144 ) (10284 1424 -144 ) (10240 1424 -144 ) (10240 1616 -144 ) 
4 619 685 (10240 1900 -256 ) (10240 1624 -256 ) (10240 1624 -144 ) (10240 1900 -144 ) 
4 619 679 (10240 1920 -256 ) (10240 1900 -256 ) (10240 1900 -144 ) (10240 1920 -144 ) 
4 619 676 (10240 2048 -144 ) (10240 2048 -256 ) (10240 1920 -256 ) (10240 1920 -144 ) 
4 619 620 (10240 1624 -256 ) (10284 1624 -256 ) (10284 1624 -144 ) (10240 1624 -144 ) 
4 620 686 (10240 1624 -256 ) (10240 1616 -256 ) (10240 1616 -144 ) (10240 1624 -144 ) 
4 620 621 (10240 1616 -256 ) (10284 1616 -256 ) (10284 1616 -144 ) (10240 1616 -144 ) 
4 621 692 (10240 1608 -256 ) (10240 1424 -256 ) (10240 1424 -144 ) (10240 1608 -144 ) 
4 621 687 (10240 1616 -256 ) (10240 1608 -256 ) (10240 1608 -144 ) (10240 1616 -144 ) 
4 622 693 (10240 1024 -256 ) (10240 1024 -128 ) (10240 1408 -128 ) (10240 1408 -256 ) 
4 622 642 (10448 1024 -128 ) (10240 1024 -128 ) (10240 1024 -256 ) (10448 1024 -256 ) 
4 622 636 (10448 1024 -256 ) (10240 1024 -256 ) (10240 1408 -256 ) (10448 1408 -256 ) 
4 623 630 (11264 1579.005981 -434.745422 ) (11264 1599.633057 -352 ) (11179.309570 1603.444580 -352 ) (11166.474609 1583.138428 -435.775482 ) 
4 623 629 (11154.796875 1564.662598 -512 ) (11264 1559.747803 -512 ) (11264 1563.525879 -496.844116 ) (11156.945312 1568.062134 -497.974854 ) 
4 623 626 (11264 1599.633057 -352 ) (11264 1623.564209 -256 ) (11194.017578 1626.713867 -256 ) (11179.309570 1603.444580 -352 ) 
4 623 624 (11209.994141 1651.990234 -512 ) (11154.794922 1564.660889 -512 ) (11194.015625 1626.711426 -256 ) (11209.994141 1651.990845 -256 ) 
4 624 631 (11146.098633 1584.001831 -435.990723 ) (11136.893555 1584.391968 -436.087952 ) (11120.886719 1569.590088 -498.355774 ) (11146.100586 1568.521729 -498.089447 ) 
4 624 630 (11166.474609 1583.138428 -435.775482 ) (11179.309570 1603.444580 -352 ) (11158.509766 1604.380859 -352 ) (11136.893555 1584.391968 -436.087952 ) 
4 624 629 (11117.378906 1566.346680 -512 ) (11154.796875 1564.662598 -512 ) (11156.945312 1568.062134 -497.974884 ) (11120.886719 1569.590088 -498.355774 ) 
4 624 626 (11179.309570 1603.444580 -352 ) (11194.017578 1626.713867 -256 ) (11183.187500 1627.201294 -256 ) (11158.509766 1604.380859 -352 ) 
4 625 634 (10880.002930 1472 -352 ) (11264 1472 -352 ) (11264 1472 -256 ) (10880.002930 1472 -256 ) 
3 625 632 (11015.352539 1472 -352 ) (10880.002930 1472 -352 ) (11074.815430 1526.987427 -352 ) 
4 625 628 (11264 1472 -352 ) (11015.352539 1472 -352 ) (11074.815430 1526.987427 -352 ) (11264 1580.386353 -352 ) 
4 625 627 (11074.815430 1526.987305 -352 ) (11003.990234 1506.996094 -352 ) (11003.989258 1506.995728 -256 ) (11074.815430 1526.987061 -256 ) 
4 625 626 (11264 1580.386230 -352 ) (11074.815430 1526.987305 -352 ) (11074.815430 1526.987061 -256 ) (11264 1580.385864 -256 ) 
4 626 630 (11158.506836 1604.378906 -352 ) (11264 1599.631104 -352 ) (11264 1598.596191 -352 ) (11157.439453 1603.392090 -352 ) 
4 626 628 (11264 1598.596191 -352 ) (11264 1580.386353 -352 ) (11074.815430 1526.987427 -352 ) (11157.439453 1603.392090 -352 ) 
4 626 627 (11117.022461 1566.013184 -352 ) (11074.816406 1526.984375 -352 ) (11074.816406 1526.984375 -256 ) (11117.021484 1566.012451 -256 ) 
3 627 633 (11117.011719 1566.007690 -352 ) (11074.815430 1526.987427 -352 ) (11003.990234 1506.996460 -352 ) 
4 628 635 (11015.352539 1472 -512 ) (11264 1472 -512 ) (11264 1472 -352 ) (11015.352539 1472 -352 ) 
5 628 633 (11074.814453 1526.987305 -352 ) (11117.008789 1566.006104 -352 ) (11117.010742 1566.007080 -509.272339 ) (11116.309570 1565.358643 -512 ) (11074.815430 1526.987549 -512 ) 
4 628 632 (11015.351562 1472 -512 ) (11015.351562 1472 -352 ) (11074.814453 1526.987305 -352 ) (11074.815430 1526.987549 -512 ) 
4 628 631 (11119.875000 1568.656494 -498.123383 ) (11135.881836 1583.458252 -435.855408 ) (11146 1583.029541 -435.748535 ) (11146 1567.549438 -497.847412 ) 
4 628 630 (11135.881836 1583.458252 -435.855408 ) (11157.437500 1603.391602 -352 ) (11264 1598.595581 -352 ) (11264 1578.029419 -434.502167 ) 
4 628 629 (11116.307617 1565.357910 -512 ) (11119.875000 1568.656494 -498.123383 ) (11264 1562.549316 -496.601013 ) (11264 1558.710693 -512 ) 
3 629 633 (11117.009766 1566.006836 -512 ) (11116.309570 1565.358643 -512 ) (11117.010742 1566.007080 -509.272095 ) 
4 629 631 (11120.875000 1569.589844 -498.355469 ) (11119.871094 1568.658447 -498.124084 ) (11146 1567.551270 -497.848083 ) (11146.100586 1568.520996 -498.089020 ) 
4 630 631 (11146 1583.030640 -435.748718 ) (11135.886719 1583.459229 -435.855530 ) (11136.893555 1584.390503 -436.087463 ) (11146.098633 1584 -435.990234 ) 
4 632 635 (10880.002930 1472 -512 ) (11015.352539 1472 -512 ) (11015.352539 1472 -352 ) (10880.002930 1472 -352 ) 
4 632 633 (11074.814453 1526.986328 -352 ) (11074.814453 1526.986328 -512 ) (11003.987305 1506.995117 -512 ) (11003.987305 1506.995117 -352 ) 
4 634 642 (11264 1024 -352 ) (11264 1024 -256 ) (10752 1024 -256 ) (10752 1024 -352 ) 
4 634 636 (10752 1024 -352 ) (10752 1024 -256 ) (10752 1408 -256 ) (10752 1408 -352 ) 
4 634 635 (10752 1024 -352 ) (10752 1472 -352 ) (11264 1472 -352 ) (11264 1024 -352 ) 
4 635 643 (11264 1024 -512 ) (11264 1024 -352 ) (10752 1024 -352 ) (10752 1024 -512 ) 
4 635 637 (10752 1408 -512 ) (10752 1024 -512 ) (10752 1024 -352 ) (10752 1408 -352 ) 
4 636 743 (10240 1024 -352 ) (10240 1024 -304 ) (10240 1408 -304 ) (10240 1408 -352 ) 
4 636 732 (10240 1312 -264 ) (10240 1408 -264 ) (10240 1408 -304 ) (10240 1312 -304 ) 
4 636 739 (10240 1024 -304 ) (10240 1024 -264 ) (10240 1312 -264 ) (10240 1312 -304 ) 
4 636 724 (10240 1024 -264 ) (10240 1024 -256 ) (10240 1408 -256 ) (10240 1408 -264 ) 
4 636 642 (10752 1024 -256 ) (10240 1024 -256 ) (10240 1024 -352 ) (10752 1024 -352 ) 
4 636 637 (10752 1408 -352 ) (10752 1024 -352 ) (10240 1024 -352 ) (10240 1408 -352 ) 
4 637 744 (10240 1024 -512 ) (10240 1024 -352 ) (10240 1408 -352 ) (10240 1408 -512 ) 
4 637 643 (10240 1024 -352 ) (10240 1024 -512 ) (10752 1024 -512 ) (10752 1024 -352 ) 
4 638 931 (12288 0 0 ) (12288 0 1024 ) (11264 0 1024 ) (11264 0 0 ) 
4 638 641 (11264 1024 1024 ) (11264 1024 0 ) (11264 0 0 ) (11264 0 1024 ) 
4 638 639 (11264 640 0 ) (11264 1024 0 ) (12288 1024 0 ) (12288 640 0 ) 
4 639 642 (11264 1024 0 ) (11264 1024 -352 ) (11264 684 -352 ) (11264 640 0 ) 
4 639 640 (12288 683.996704 -352 ) (11264 683.996521 -352 ) (11264 1024 -352 ) (12288 1024 -352 ) 
4 640 643 (11264 1024 -352 ) (11264 1024 -512 ) (11264 704 -512 ) (11264 684 -352 ) 
4 641 932 (11264 0 0 ) (11264 0 1024 ) (10240 0 1024 ) (10240 0 0 ) 
4 641 774 (10240 0 0 ) (10240 0 1024 ) (10240 704 1024 ) (10240 704 0 ) 
4 641 753 (10240 704 1024 ) (10240 800 1024 ) (10240 800 0 ) (10240 704 0 ) 
4 641 751 (10240 800 1024 ) (10240 1024 1024 ) (10240 1024 0 ) (10240 800 0 ) 
4 641 642 (10240 640 0 ) (10240 1024 0 ) (11264 1024 0 ) (11264 640 0 ) 
4 642 775 (10240 640 0 ) (10240 704 0 ) (10240 704 -352 ) (10240 684 -352 ) 
4 642 755 (10240 800 -328 ) (10240 800 -352 ) (10240 704 -352 ) (10240 704 -328 ) 
4 642 754 (10240 800 -320 ) (10240 800 -328 ) (10240 704 -328 ) (10240 704 -320 ) 
4 642 753 (10240 704 0 ) (10240 800 0 ) (10240 800 -320 ) (10240 704 -320 ) 
4 642 751 (10240 800 0 ) (10240 1024 0 ) (10240 1024 -352 ) (10240 800 -352 ) 
4 642 643 (11264 683.996460 -352 ) (10240 683.996277 -352 ) (10240 1024 -352 ) (11264 1024 -352 ) 
3 643 776 (10240 704 -512 ) (10240 684 -352 ) (10240 704 -352 ) 
4 643 756 (10240 800 -512 ) (10240 704 -512 ) (10240 704 -352 ) (10240 800 -352 ) 
4 643 752 (10240 1024 -352 ) (10240 1024 -512 ) (10240 800 -512 ) (10240 800 -352 ) 
4 644 785 (9216 2048 896 ) (9216 2048 512 ) (9216 1024 512 ) (9216 1024 896 ) 
4 644 751 (10240 1024 512 ) (10240 1024 1024 ) (9216 1024 1024 ) (9216 1024 512 ) 
4 644 648 (9216 1476 512 ) (9216 1492 512 ) (9696 1492 512 ) (9696 1476 512 ) 
4 644 646 (10144 1492 512 ) (10240 1492 512 ) (10240 1476 512 ) (10144 1476 512 ) 
4 644 647 (9952 1492 512 ) (10080 1492 512 ) (10080 1476 512 ) (9952 1476 512 ) 
4 644 649 (9216 1024 512 ) (9216 1476 512 ) (10240 1476 512 ) (10240 1024 512 ) 
4 644 645 (9216 1492 512 ) (9216 2048 512 ) (9696 2048 512 ) (9696 1492 512 ) 
4 645 785 (9216 2048 512 ) (9216 2048 0 ) (9216 1492 0 ) (9216 1492 512 ) 
4 645 651 (9472 2032 0 ) (9472 1492 0 ) (9344 1492 0 ) (9344 2032 0 ) 
4 645 650 (9472 2048 0 ) (9634 2048 0 ) (9634 1492 0 ) (9472 1492 0 ) 
4 645 652 (9216 1492 0 ) (9216 2048 0 ) (9344 2048 0 ) (9344 1492 0 ) 
4 645 648 (9216 1492 0 ) (9696 1492 0 ) (9696 1492 512 ) (9216 1492 512 ) 
4 646 649 (10144 1476 0 ) (10240 1476 0 ) (10240 1476 512 ) (10144 1476 512 ) 
4 647 649 (9952 1476 0 ) (10080 1476 0 ) (10080 1476 512 ) (9952 1476 512 ) 
4 648 785 (9216 1492 0 ) (9216 1476 0 ) (9216 1476 512 ) (9216 1492 512 ) 
4 648 651 (9344 1492 0 ) (9472 1492 0 ) (9472 1476 0 ) (9344 1476 0 ) 
4 648 650 (9472 1492 0 ) (9634 1492 0 ) (9634 1476 0 ) (9472 1476 0 ) 
4 648 652 (9216 1476 0 ) (9216 1492 0 ) (9344 1492 0 ) (9344 1476 0 ) 
4 648 649 (9216 1476 0 ) (9696 1476 0 ) (9696 1476 512 ) (9216 1476 512 ) 
4 649 785 (9216 1476 0 ) (9216 1024 0 ) (9216 1024 512 ) (9216 1476 512 ) 
4 649 751 (10240 1024 0 ) (10240 1024 512 ) (9216 1024 512 ) (9216 1024 0 ) 
4 649 653 (9216 1408 0 ) (9216 1424 0 ) (9634 1424 0 ) (9634 1408 0 ) 
4 649 651 (9344 1476 0 ) (9472 1476 0 ) (9472 1424 0 ) (9344 1424 0 ) 
4 649 650 (9472 1476 0 ) (9634 1476 0 ) (9634 1424 0 ) (9472 1424 0 ) 
4 649 652 (9216 1424 0 ) (9216 1476 0 ) (9344 1476 0 ) (9344 1424 0 ) 
4 649 654 (10240 1024 0 ) (9216 1024 0 ) (9216 1408 0 ) (10240 1408 0 ) 
4 650 668 (9634 1852 -32 ) (9634 1424 -32 ) (9472 1424 -32 ) (9472 1852 -32 ) 
4 650 665 (9472 2048 -32 ) (9634 2048 -32 ) (9634 1852 -32 ) (9472 1852 -32 ) 
4 650 653 (9472 1424 -32 ) (9634 1424 -32 ) (9634 1424 0 ) (9472 1424 0 ) 
4 650 651 (9472 2032 -32 ) (9472 1424 -32 ) (9472 1424 0 ) (9472 2032 0 ) 
4 651 668 (9472 1852 -32 ) (9472 1424 -32 ) (9344 1424 -32 ) (9344 1852 -32 ) 
4 651 666 (9472 2032 -32 ) (9472 1852 -32 ) (9344 1852 -32 ) (9344 2032 -32 ) 
4 651 653 (9344 1424 -32 ) (9472 1424 -32 ) (9472 1424 0 ) (9344 1424 0 ) 
4 651 652 (9344 2032 -32 ) (9344 1424 -32 ) (9344 1424 0 ) (9344 2032 0 ) 
4 652 790 (9216 2032 -32 ) (9216 1424 -32 ) (9216 1424 0 ) (9216 2032 0 ) 
4 652 668 (9216 1424 -32 ) (9216 1852 -32 ) (9344 1852 -32 ) (9344 1424 -32 ) 
4 652 667 (9216 1852 -32 ) (9216 2048 -32 ) (9344 2048 -32 ) (9344 1852 -32 ) 
4 652 653 (9216 1424 -32 ) (9344 1424 -32 ) (9344 1424 0 ) (9216 1424 0 ) 
4 653 790 (9216 1424 -32 ) (9216 1408 -32 ) (9216 1408 0 ) (9216 1424 0 ) 
4 653 669 (9216 1408 -32 ) (9216 1424 -32 ) (9634 1424 -32 ) (9634 1408 -32 ) 
4 653 654 (9216 1408 -32 ) (9634 1408 -32 ) (9634 1408 0 ) (9216 1408 0 ) 
4 654 790 (9216 1408 -32 ) (9216 1024 -32 ) (9216 1024 0 ) (9216 1408 0 ) 
4 654 751 (10240 1024 -32 ) (10240 1024 0 ) (9216 1024 0 ) (9216 1024 -32 ) 
4 654 673 (9216 1024 -32 ) (9216 1408 -32 ) (9680 1408 -32 ) (9680 1024 -32 ) 
4 654 663 (9680 1408 -32 ) (10240 1408 -32 ) (10240 1024 -32 ) (9680 1024 -32 ) 
4 655 688 (10156 1632 -128 ) (9952 1632 -128 ) (9952 1900 -128 ) (10156 1900 -128 ) 
4 655 683 (10240 1900 -128 ) (10240 1632 -128 ) (10156 1632 -128 ) (10156 1900 -128 ) 
4 655 679 (10240 1920 -128 ) (10240 1900 -128 ) (9952 1900 -128 ) (9952 1920 -128 ) 
4 655 674 (9952 2048 -128 ) (10240 2048 -128 ) (10240 1920 -128 ) (9952 1920 -128 ) 
4 655 658 (9952 2048 -128 ) (9952 1912 -128 ) (9952 1912 -32 ) (9952 2048 -32 ) 
4 655 656 (10148 1632 -128 ) (10240 1632 -128 ) (10240 1632 -32 ) (10148 1632 -32 ) 
3 656 689 (10156 1624 -128 ) (10148 1632 -128 ) (10156 1632 -128 ) 
4 656 683 (10240 1632 -128 ) (10240 1624 -128 ) (10156 1624 -128 ) (10156 1632 -128 ) 
3 657 690 (10156 1608 -128 ) (10148 1608 -128 ) (10156 1616 -128 ) 
4 657 684 (10240 1616 -128 ) (10240 1608 -128 ) (10156 1608 -128 ) (10156 1616 -128 ) 
4 657 662 (10148 1608 -128 ) (10240 1608 -128 ) (10240 1608 -32 ) (10148 1608 -32 ) 
3 658 681 (9952 1920 -128 ) (9952 1912 -128 ) (9944 1920 -128 ) 
4 658 674 (9944 2048 -128 ) (9952 2048 -128 ) (9952 1920 -128 ) (9944 1920 -128 ) 
4 659 680 (9936 1920 -128 ) (9936 1919.997803 -128 ) (9928 1911.997925 -128 ) (9928 1920 -128 ) 
4 659 675 (9928 2048 -128 ) (9936 2048 -128 ) (9936 1920 -128 ) (9928 1920 -128 ) 
4 659 660 (9928 2048 -128 ) (9928 1911.997925 -128 ) (9928 1911.997925 -32 ) (9928 2048 -32 ) 
4 660 682 (9928 1920 -128 ) (9928 1900 -128 ) (9680 1900 -128 ) (9680 1920 -128 ) 
4 660 675 (9680 2048 -128 ) (9928 2048 -128 ) (9928 1920 -128 ) (9680 1920 -128 ) 
5 661 691 (9928 1812.001465 -128 ) (9928 1608 -128 ) (9680 1608 -128 ) (9680 1876 -128 ) (9864 1876 -128 ) 
4 661 662 (9680 1608 -32 ) (9680 1608 -128 ) (9928 1608 -128 ) (9928 1608 -32 ) 
5 662 692 (10240 1608 -128 ) (10240 1424 -128 ) (9808 1424 -128 ) (9680 1552 -128 ) (9680 1608 -128 ) 
4 663 751 (10240 1024 -128 ) (10240 1024 -32 ) (9680 1024 -32 ) (9680 1024 -128 ) 
4 663 693 (10240 1408 -128 ) (10240 1024 -128 ) (9680 1024 -128 ) (9680 1408 -128 ) 
4 663 673 (9680 1408 -128 ) (9680 1024 -128 ) (9680 1024 -32 ) (9680 1408 -32 ) 
4 664 694 (9634 2048 -128 ) (9638.001953 2048 -128 ) (9638 1852 -128 ) (9634 1852 -128 ) 
4 664 670 (9634 1852 -128 ) (9638 1852 -128 ) (9652.500977 1852 -96 ) (9634 1852 -96 ) 
4 664 665 (9634 2048 -128 ) (9634 1852 -128 ) (9634 1852 -96 ) (9634 2048 -96 ) 
4 665 694 (9472 2048 -128 ) (9634 2048 -128 ) (9634 1852 -128 ) (9472 1852 -128 ) 
4 665 670 (9472 1852 -128 ) (9634 1852 -128 ) (9634 1852 -96 ) (9472 1852 -96 ) 
4 665 668 (9634 1852 -96 ) (9634 1852 -32 ) (9472 1852 -32 ) (9472 1852 -96 ) 
4 665 666 (9472 2032 -128 ) (9472 1852 -128 ) (9472 1852 -32 ) (9472 2032 -32 ) 
4 666 695 (9472 2032 -128 ) (9472 1852 -128 ) (9344 1852 -128 ) (9344 2032 -128 ) 
4 666 670 (9344 1852 -128 ) (9472 1852 -128 ) (9472 1852 -96 ) (9344 1852 -96 ) 
4 666 668 (9472 1852 -96 ) (9472 1852 -32 ) (9344 1852 -32 ) (9344 1852 -96 ) 
4 666 667 (9344 2032 -128 ) (9344 1852 -128 ) (9344 1852 -32 ) (9344 2032 -32 ) 
4 667 790 (9216 2032 -128 ) (9216 1852 -128 ) (9216 1852 -32 ) (9216 2032 -32 ) 
4 667 696 (9216 1852 -128 ) (9216 2048 -128 ) (9344 2048 -128 ) (9344 1852 -128 ) 
4 667 670 (9216 1852 -128 ) (9344 1852 -128 ) (9344 1852 -96 ) (9216 1852 -96 ) 
4 667 668 (9344 1852 -96 ) (9344 1852 -32 ) (9216 1852 -32 ) (9216 1852 -96 ) 
4 668 790 (9216 1424 -32 ) (9216 1852 -32 ) (9216 1852 -96 ) (9216 1424 -96 ) 
4 668 671 (9216 1424 -96 ) (9216 1596 -96 ) (9634 1596 -96 ) (9634 1424 -96 ) 
4 668 670 (9216 1596 -96 ) (9216 1852 -96 ) (9634 1852 -96 ) (9634 1596 -96 ) 
4 668 669 (9216 1424 -96 ) (9634 1424 -96 ) (9634 1424 -32 ) (9216 1424 -32 ) 
4 669 790 (9216 1408 -96 ) (9216 1408 -32 ) (9216 1424 -32 ) (9216 1424 -96 ) 
4 669 672 (9634 1408 -96 ) (9216 1408 -96 ) (9216 1424 -96 ) (9634 1424 -96 ) 
4 669 673 (9634 1408 -32 ) (9216 1408 -32 ) (9216 1408 -96 ) (9634 1408 -96 ) 
4 670 790 (9216 1852 -128 ) (9216 1596 -128 ) (9216 1596 -96 ) (9216 1852 -96 ) 
4 670 705 (9216 1596 -128 ) (9216 1597 -128 ) (9638 1597 -128 ) (9638 1596 -128 ) 
4 670 703 (9216 1597 -128 ) (9216 1851 -128 ) (9638.001953 1851 -128 ) (9638 1597 -128 ) 
4 670 698 (9216 1851 -128 ) (9216 1852 -128 ) (9638.001953 1852 -128 ) (9638.001953 1851 -128 ) 
4 670 671 (9216 1596 -128 ) (9638 1596 -128 ) (9652.500000 1596 -96 ) (9216 1596 -96 ) 
4 671 790 (9216 1596 -128 ) (9216 1424 -128 ) (9216 1424 -96 ) (9216 1596 -96 ) 
4 671 707 (9216 1424 -128 ) (9216 1536 -128 ) (9638 1536 -128 ) (9638 1424 -128 ) 
4 671 706 (9216 1536 -128 ) (9216 1596 -128 ) (9638 1596 -128 ) (9638 1536 -128 ) 
4 671 672 (9216 1424 -128 ) (9638 1424 -128 ) (9652.500000 1424 -96 ) (9216 1424 -96 ) 
4 672 790 (9216 1424 -128 ) (9216 1408 -128 ) (9216 1408 -96 ) (9216 1424 -96 ) 
4 672 707 (9216 1408 -128 ) (9216 1424 -128 ) (9638 1424 -128 ) (9638 1408 -128 ) 
4 672 673 (9216 1408 -128 ) (9638 1408 -128 ) (9652.500000 1408 -96 ) (9216 1408 -96 ) 
4 673 790 (9216 1408 -128 ) (9216 1024 -128 ) (9216 1024 -32 ) (9216 1408 -32 ) 
4 673 751 (9680 1024 -32 ) (9216 1024 -32 ) (9216 1024 -128 ) (9680 1024 -128 ) 
4 673 708 (9216 1024 -128 ) (9216 1408 -128 ) (9680 1408 -128 ) (9680 1024 -128 ) 
4 674 681 (9944 1920 -144 ) (9952 1920 -144 ) (9952 1920 -128 ) (9944 1920 -128 ) 
4 674 679 (9952 1920 -144 ) (10240 1920 -144 ) (10240 1920 -128 ) (9952 1920 -128 ) 
4 674 676 (10240 1920 -144 ) (9944 1920 -144 ) (9944 2048 -144 ) (10240 2048 -144 ) 
4 675 680 (9928 1920 -144 ) (9936 1920 -144 ) (9936 1920 -128 ) (9928 1920 -128 ) 
4 675 682 (9680 1920 -128 ) (9680 1920 -144 ) (9928 1920 -144 ) (9928 1920 -128 ) 
4 675 678 (9936 1920 -144 ) (9680 1920 -144 ) (9680 2048 -144 ) (9936 2048 -144 ) 
4 676 681 (9944 1920 -256 ) (9952 1920 -256 ) (9952 1920 -144 ) (9944 1920 -144 ) 
4 676 679 (9952 1920 -256 ) (10240 1920 -256 ) (10240 1920 -144 ) (9952 1920 -144 ) 
4 676 677 (9944 2048 -256 ) (9944 1920 -256 ) (9944 1920 -144 ) (9944 2048 -144 ) 
4 677 678 (9936 2048 -256 ) (9936 1920 -256 ) (9936 1920 -144 ) (9936 2048 -144 ) 
4 678 680 (9928 1920 -256 ) (9936 1920 -256 ) (9936 1920 -144 ) (9928 1920 -144 ) 
4 678 682 (9680 1920 -144 ) (9680 1920 -256 ) (9928 1920 -256 ) (9928 1920 -144 ) 
4 679 688 (9952 1900 -256 ) (10156 1900 -256 ) (10156 1900 -128 ) (9952 1900 -128 ) 
4 679 685 (10156 1900 -256 ) (10240 1900 -256 ) (10240 1900 -144 ) (10156 1900 -144 ) 
4 679 683 (10240 1900 -144 ) (10240 1900 -128 ) (10156 1900 -128 ) (10156 1900 -144 ) 
4 679 681 (9952 1920 -128 ) (9952 1920 -256 ) (9952 1912 -256 ) (9952 1912 -128 ) 
4 680 682 (9928 1920 -128 ) (9928 1920 -256 ) (9928 1911.998047 -256 ) (9928 1911.998047 -128 ) 
4 683 689 (10156 1632 -144 ) (10156 1624 -144 ) (10156 1624 -128 ) (10156 1632 -128 ) 
4 683 688 (10156 1900 -128 ) (10156 1900 -144 ) (10156 1632 -144 ) (10156 1632 -128 ) 
4 683 685 (10156 1624 -144 ) (10156 1900 -144 ) (10240 1900 -144 ) (10240 1624 -144 ) 
4 684 692 (10240 1608 -144 ) (10240 1608 -128 ) (10156 1608 -128 ) (10156 1608 -144 ) 
4 684 690 (10156 1616 -144 ) (10156 1608 -144 ) (10156 1608 -128 ) (10156 1616 -128 ) 
4 684 687 (10240 1608 -144 ) (10156 1608 -144 ) (10156 1616 -144 ) (10240 1616 -144 ) 
4 685 689 (10156 1632 -256 ) (10156 1624 -256 ) (10156 1624 -144 ) (10156 1632 -144 ) 
4 685 688 (10156 1900 -144 ) (10156 1900 -256 ) (10156 1632 -256 ) (10156 1632 -144 ) 
4 685 686 (10240 1624 -144 ) (10156 1624 -144 ) (10156 1624 -256 ) (10240 1624 -256 ) 
4 686 687 (10240 1616 -144 ) (10156 1616 -144 ) (10156 1616 -256 ) (10240 1616 -256 ) 
4 687 692 (10156 1608 -256 ) (10240 1608 -256 ) (10240 1608 -144 ) (10156 1608 -144 ) 
4 687 690 (10156 1616 -256 ) (10156 1608 -256 ) (10156 1608 -144 ) (10156 1616 -144 ) 
4 688 689 (10148 1632 -256 ) (10156 1632 -256 ) (10156 1632 -128 ) (10148 1632 -128 ) 
4 690 692 (10148 1608 -256 ) (10156 1608 -256 ) (10156 1608 -128 ) (10148 1608 -128 ) 
4 691 699 (9680 1851 -256 ) (9680 1608 -256 ) (9680 1608 -128 ) (9680 1851 -128 ) 
4 691 697 (9680 1852 -256 ) (9680 1851 -256 ) (9680 1851 -128 ) (9680 1852 -128 ) 
4 691 692 (9680 1608 -128 ) (9680 1608 -256 ) (9928 1608 -256 ) (9928 1608 -128 ) 
4 692 704 (9680 1597 -256 ) (9680 1596 -256 ) (9680 1596 -128 ) (9680 1597 -128 ) 
4 692 699 (9680 1608 -256 ) (9680 1597 -256 ) (9680 1597 -128 ) (9680 1608 -128 ) 
4 693 751 (10240 1024 -256 ) (10240 1024 -128 ) (9680 1024 -128 ) (9680 1024 -256 ) 
4 693 724 (10240 1024 -256 ) (9680 1024 -256 ) (9680 1408 -256 ) (10240 1408 -256 ) 
4 693 708 (9680 1408 -256 ) (9680 1024 -256 ) (9680 1024 -128 ) (9680 1408 -128 ) 
4 694 698 (9472 1852 -256 ) (9580 1852 -256 ) (9638.001953 1852 -128 ) (9472 1852 -128 ) 
4 694 695 (9472 2032 -256 ) (9472 1852 -256 ) (9472 1852 -128 ) (9472 2032 -128 ) 
4 695 698 (9344 1852 -256 ) (9472 1852 -256 ) (9472 1852 -128 ) (9344 1852 -128 ) 
4 695 696 (9344 2032 -256 ) (9344 1852 -256 ) (9344 1852 -128 ) (9344 2032 -128 ) 
4 696 795 (9216 2032 -256 ) (9216 1852 -256 ) (9216 1852 -128 ) (9216 2032 -128 ) 
4 696 698 (9216 1852 -256 ) (9344 1852 -256 ) (9344 1852 -128 ) (9216 1852 -128 ) 
4 697 699 (9672 1851 -256 ) (9680 1851 -256 ) (9680 1851 -128 ) (9672 1851 -128 ) 
4 698 795 (9216 1852 -256 ) (9216 1851 -256 ) (9216 1851 -128 ) (9216 1852 -128 ) 
4 698 703 (9216 1851 -256 ) (9660 1851 -256 ) (9660 1851 -128 ) (9216 1851 -128 ) 
4 699 719 (9672 1628 -256 ) (9668 1628 -256 ) (9668 1652 -256 ) (9672 1652 -256 ) 
4 699 714 (9672 1712 -256 ) (9668 1712 -256 ) (9668 1736 -256 ) (9672 1736 -256 ) 
4 699 709 (9672 1796 -256 ) (9668 1796 -256 ) (9668 1820 -256 ) (9672 1820 -256 ) 
4 699 704 (9672 1597 -256 ) (9680 1597 -256 ) (9680 1597 -128 ) (9672 1597 -128 ) 
4 699 700 (9668 1851 -128 ) (9668 1851 -256 ) (9668 1597 -256 ) (9668 1597 -128 ) 
4 700 720 (9668 1652 -256 ) (9668 1628 -256 ) (9667 1628 -256 ) (9667 1652 -256 ) 
4 700 715 (9668 1736 -256 ) (9668 1712 -256 ) (9667 1712 -256 ) (9667 1736 -256 ) 
4 700 710 (9668 1820 -256 ) (9668 1796 -256 ) (9667 1796 -256 ) (9667 1820 -256 ) 
4 700 701 (9667 1851 -128 ) (9667 1851 -256 ) (9667 1597 -256 ) (9667 1597 -128 ) 
4 701 721 (9667 1652 -256 ) (9667 1628 -256 ) (9666 1628 -256 ) (9666 1652 -256 ) 
4 701 716 (9667 1736 -256 ) (9667 1712 -256 ) (9666 1712 -256 ) (9666 1736 -256 ) 
4 701 711 (9667 1820 -256 ) (9667 1796 -256 ) (9666 1796 -256 ) (9666 1820 -256 ) 
4 701 702 (9666 1851 -128 ) (9666 1851 -256 ) (9666 1597 -256 ) (9666 1597 -128 ) 
4 702 722 (9666 1652 -256 ) (9666 1628 -256 ) (9665 1628 -256 ) (9665 1652 -256 ) 
4 702 717 (9666 1736 -256 ) (9666 1712 -256 ) (9665 1712 -256 ) (9665 1736 -256 ) 
4 702 712 (9666 1820 -256 ) (9666 1796 -256 ) (9665 1796 -256 ) (9665 1820 -256 ) 
4 702 703 (9665 1851 -128 ) (9665 1851 -256 ) (9665 1597 -256 ) (9665 1597 -128 ) 
4 703 795 (9216 1851 -256 ) (9216 1597 -256 ) (9216 1597 -128 ) (9216 1851 -128 ) 
4 703 723 (9659.998047 1652 -256 ) (9665 1652 -256 ) (9665 1628 -256 ) (9659.997070 1628 -256 ) 
4 703 718 (9660.001953 1736 -256 ) (9665 1736 -256 ) (9665 1712 -256 ) (9660 1712 -256 ) 
4 703 713 (9660.004883 1820 -256 ) (9665 1820 -256 ) (9665 1796 -256 ) (9660.003906 1796 -256 ) 
4 703 705 (9216 1597 -256 ) (9660 1597 -256 ) (9660 1597 -128 ) (9216 1597 -128 ) 
4 705 795 (9216 1597 -256 ) (9216 1596 -256 ) (9216 1596 -128 ) (9216 1597 -128 ) 
4 705 706 (9216 1596 -256 ) (9580 1596 -256 ) (9638 1596 -128 ) (9216 1596 -128 ) 
4 706 795 (9216 1596 -256 ) (9216 1536 -256 ) (9216 1536 -128 ) (9216 1596 -128 ) 
4 706 727 (9216 1536 -256 ) (9216 1568 -256 ) (9472 1568 -256 ) (9472 1536 -256 ) 
4 706 707 (9216 1536 -256 ) (9580 1536 -256 ) (9638 1536 -128 ) (9216 1536 -128 ) 
4 707 796 (9216 1536 -256 ) (9216 1408 -256 ) (9216 1408 -128 ) (9216 1536 -128 ) 
4 707 727 (9216 1408 -256 ) (9216 1536 -256 ) (9472 1536 -256 ) (9472 1408 -256 ) 
4 707 708 (9216 1408 -256 ) (9580 1408 -256 ) (9638 1408 -128 ) (9216 1408 -128 ) 
4 708 796 (9216 1408 -256 ) (9216 1024 -256 ) (9216 1024 -128 ) (9216 1408 -128 ) 
4 708 751 (9680 1024 -128 ) (9216 1024 -128 ) (9216 1024 -256 ) (9680 1024 -256 ) 
4 708 727 (9472 1024 -256 ) (9216 1024 -256 ) (9216 1408 -256 ) (9472 1408 -256 ) 
3 708 725 (9472 1312 -256 ) (9472 1344 -256 ) (9504 1312 -256 ) 
4 708 726 (9584 1024 -256 ) (9472 1024 -256 ) (9472 1312 -256 ) (9584 1312 -256 ) 
4 708 724 (9680 1024 -256 ) (9584 1024 -256 ) (9584 1408 -256 ) (9680 1408 -256 ) 
4 709 710 (9668 1820 -256 ) (9668 1820 -263.997742 ) (9668 1796 -263.997742 ) (9668 1796 -256 ) 
4 710 711 (9667 1820 -256 ) (9667 1820 -264 ) (9667 1796 -264 ) (9667 1796 -256 ) 
4 711 712 (9666 1820 -256 ) (9666 1820 -264 ) (9666 1796 -264 ) (9666 1796 -256 ) 
4 712 713 (9665 1820 -256 ) (9665 1820 -264 ) (9665 1796 -264 ) (9665 1796 -256 ) 
4 714 715 (9668 1736 -256 ) (9668 1736 -263.997742 ) (9668 1712 -263.997742 ) (9668 1712 -256 ) 
4 715 716 (9667 1736 -256 ) (9667 1736 -264 ) (9667 1712 -264 ) (9667 1712 -256 ) 
4 716 717 (9666 1736 -256 ) (9666 1736 -264 ) (9666 1712 -264 ) (9666 1712 -256 ) 
4 717 718 (9665 1736 -256 ) (9665 1736 -264 ) (9665 1712 -264 ) (9665 1712 -256 ) 
4 719 720 (9668 1652 -256 ) (9668 1652 -263.997742 ) (9668 1628 -263.997742 ) (9668 1628 -256 ) 
4 720 721 (9667 1652 -256 ) (9667 1652 -264 ) (9667 1628 -264 ) (9667 1628 -256 ) 
4 721 722 (9666 1652 -256 ) (9666 1652 -264 ) (9666 1628 -264 ) (9666 1628 -256 ) 
4 722 723 (9665 1652 -256 ) (9665 1652 -264 ) (9665 1628 -264 ) (9665 1628 -256 ) 
4 724 751 (10240 1024 -264 ) (10240 1024 -256 ) (9584 1024 -256 ) (9584 1024 -264 ) 
4 724 736 (9616 1312 -264 ) (9600 1312 -264 ) (9600 1408 -264 ) (9616 1408 -264 ) 
4 724 735 (9632 1312 -264 ) (9616 1312 -264 ) (9616 1408 -264 ) (9632 1408 -264 ) 
4 724 734 (9648 1312 -264 ) (9632 1312 -264 ) (9632 1408 -264 ) (9648 1408 -264 ) 
4 724 733 (9664 1312 -264 ) (9648 1312 -264 ) (9648 1408 -264 ) (9664 1408 -264 ) 
4 724 732 (10240 1408 -264 ) (10240 1312 -264 ) (9664 1312 -264 ) (9664 1408 -264 ) 
4 724 739 (10240 1312 -264 ) (10240 1024 -264 ) (9584 1024 -264 ) (9584 1312 -264 ) 
4 724 726 (9584 1312 -264 ) (9584 1024 -264 ) (9584 1024 -256 ) (9584 1312 -256 ) 
3 725 737 (9472 1312 -264 ) (9472 1344 -264 ) (9504 1312 -264 ) 
4 725 727 (9472 1344 -264 ) (9472 1312 -264 ) (9472 1312 -256 ) (9472 1344 -256 ) 
4 725 726 (9472 1312 -256 ) (9472 1312 -264 ) (9504 1312 -264 ) (9504 1312 -256 ) 
4 726 751 (9584 1024 -256 ) (9472 1024 -256 ) (9472 1024 -264 ) (9584 1024 -264 ) 
4 726 739 (9584 1024 -264 ) (9472 1024 -264 ) (9472 1312 -264 ) (9584 1312 -264 ) 
4 726 727 (9472 1312 -264 ) (9472 1024 -264 ) (9472 1024 -256 ) (9472 1312 -256 ) 
4 727 797 (9216 1568 -264 ) (9216 1024 -264 ) (9216 1024 -256 ) (9216 1568 -256 ) 
4 727 751 (9472 1024 -256 ) (9216 1024 -256 ) (9216 1024 -264 ) (9472 1024 -264 ) 
4 727 738 (9216 1312 -264 ) (9216 1408 -264 ) (9472 1408 -264 ) (9472 1312 -264 ) 
4 727 739 (9216 1024 -264 ) (9216 1312 -264 ) (9472 1312 -264 ) (9472 1024 -264 ) 
4 727 729 (9216 1408 -264 ) (9216 1568 -264 ) (9472 1568 -264 ) (9472 1408 -264 ) 
4 728 799 (9216 1616 -480 ) (9216 1568 -480 ) (9216 1568 -352 ) (9216 1616 -352 ) 
4 728 798 (9216 1568 -352 ) (9216 1568 -288 ) (9216 1616 -288 ) (9216 1616 -352 ) 
4 728 730 (9472 1568 -480 ) (9472 1568 -352 ) (9216 1568 -352 ) (9216 1568 -480 ) 
4 728 729 (9472 1568 -352 ) (9472 1568 -288 ) (9216 1568 -288 ) (9216 1568 -352 ) 
4 729 798 (9216 1408 -352 ) (9216 1408 -288 ) (9216 1568 -288 ) (9216 1568 -352 ) 
4 729 797 (9216 1408 -288 ) (9216 1408 -264 ) (9216 1568 -264 ) (9216 1568 -288 ) 
4 729 740 (9216 1408 -304 ) (9216 1408 -352 ) (9472 1408 -352 ) (9472 1408 -304 ) 
4 729 738 (9472 1408 -264 ) (9216 1408 -264 ) (9216 1408 -304 ) (9472 1408 -304 ) 
4 729 730 (9216 1568 -352 ) (9472 1568 -352 ) (9472 1408 -352 ) (9216 1408 -352 ) 
4 730 799 (9216 1408 -480 ) (9216 1408 -352 ) (9216 1568 -352 ) (9216 1568 -480 ) 
3 730 742 (9389.725586 1408 -480 ) (9472 1408 -480 ) (9472 1408 -456.398987 ) 
5 730 741 (9216 1408 -352 ) (9216 1408 -480 ) (9389.725586 1408 -480 ) (9472 1408 -456.398987 ) (9472 1408 -352 ) 
4 730 731 (9472 1408 -480 ) (9216 1408 -480 ) (9216 1568 -480 ) (9472 1568 -480 ) 
4 731 800 (9216 1536 -512 ) (9216 1408 -512 ) (9216 1408 -480 ) (9216 1568 -480 ) 
4 731 742 (9278.172852 1408 -512 ) (9472 1408 -512 ) (9472 1408 -480 ) (9389.725586 1408 -480 ) 
4 731 741 (9216 1408 -512 ) (9278.172852 1408 -512 ) (9389.725586 1408 -480 ) (9216 1408 -480 ) 
4 732 745 (10003.269531 1408 -304 ) (10049.500977 1408 -304 ) (10047.388672 1312 -304 ) (10000.831055 1312 -304 ) 
4 732 743 (10049.500977 1408 -304 ) (10240 1408 -304 ) (10240 1312 -304 ) (10047.388672 1312 -304 ) 
4 732 740 (9664 1408 -304 ) (10003.269531 1408 -304 ) (10000.831055 1312 -304 ) (9664 1312 -304 ) 
4 732 733 (9664 1408 -264 ) (9664 1408 -296 ) (9664 1312 -296 ) (9664 1312 -264 ) 
4 732 739 (9664 1312 -304 ) (10240 1312 -304 ) (10240 1312 -264 ) (9664 1312 -264 ) 
4 733 734 (9648 1408 -264 ) (9648 1408 -288 ) (9648 1312 -288 ) (9648 1312 -264 ) 
4 733 739 (9664 1312 -296 ) (9664 1312 -264 ) (9648 1312 -264 ) (9648 1312 -296 ) 
4 734 735 (9632 1408 -264 ) (9632 1408 -280 ) (9632 1312 -280 ) (9632 1312 -264 ) 
4 734 739 (9648 1312 -288 ) (9648 1312 -264 ) (9632 1312 -264 ) (9632 1312 -288 ) 
4 735 736 (9616 1408 -264 ) (9616 1408 -272 ) (9616 1312 -272 ) (9616 1312 -264 ) 
4 735 739 (9632 1312 -280 ) (9632 1312 -264 ) (9616 1312 -264 ) (9616 1312 -280 ) 
4 736 739 (9616 1312 -272 ) (9616 1312 -264 ) (9600 1312 -264 ) (9600 1312 -272 ) 
3 737 740 (9504 1312 -304 ) (9472 1312 -304 ) (9472 1344 -304 ) 
4 737 738 (9472 1344 -304 ) (9472 1312 -304 ) (9472 1312 -264 ) (9472 1344 -264 ) 
4 737 739 (9472 1312 -304 ) (9504 1312 -304 ) (9504 1312 -264 ) (9472 1312 -264 ) 
4 738 798 (9216 1408 -288 ) (9216 1408 -304 ) (9216 1312 -304 ) (9216 1312 -288 ) 
4 738 797 (9216 1312 -264 ) (9216 1408 -264 ) (9216 1408 -288 ) (9216 1312 -288 ) 
4 738 740 (9216 1312 -304 ) (9216 1408 -304 ) (9472 1408 -304 ) (9472 1312 -304 ) 
4 738 739 (9216 1312 -304 ) (9472 1312 -304 ) (9472 1312 -264 ) (9216 1312 -264 ) 
4 739 798 (9216 1024 -304 ) (9216 1024 -288 ) (9216 1312 -288 ) (9216 1312 -304 ) 
4 739 797 (9216 1024 -288 ) (9216 1024 -264 ) (9216 1312 -264 ) (9216 1312 -288 ) 
4 739 751 (10240 1024 -304 ) (10240 1024 -264 ) (9216 1024 -264 ) (9216 1024 -304 ) 
4 739 745 (10000.831055 1312 -304 ) (10047.388672 1312 -304 ) (10041.050781 1024 -304 ) (9993.510742 1024 -304 ) 
4 739 743 (10047.388672 1312 -304 ) (10240 1312 -304 ) (10240 1024 -304 ) (10041.050781 1024 -304 ) 
4 739 740 (9216 1024 -304 ) (9216 1312 -304 ) (10000.831055 1312 -304 ) (9993.510742 1024 -304 ) 
4 740 798 (9216 1024 -352 ) (9216 1024 -304 ) (9216 1408 -304 ) (9216 1408 -352 ) 
4 740 751 (9993.510742 1024 -304 ) (9216 1024 -304 ) (9216 1024 -352 ) (9826.180664 1024 -352 ) 
4 740 747 (9836.302734 1024 -349.096008 ) (9826.179688 1024 -352 ) (9828.150391 1101.539795 -352 ) (9834.579102 1101.708984 -350.157043 ) 
3 740 746 (9828.251953 1105.545410 -352 ) (9831.584961 1236.684570 -352 ) (9834.490234 1105.709473 -350.211670 ) 
5 740 745 (9835.939453 1408 -352 ) (10003.268555 1408 -304 ) (9993.508789 1024 -304 ) (9836.302734 1024 -349.096008 ) (9831.584961 1236.684570 -352 ) 
4 740 741 (9216 1408 -352 ) (9835.939453 1408 -352 ) (9826.179688 1024 -352 ) (9216 1024 -352 ) 
4 741 800 (9216 1408 -512 ) (9216 1024 -512 ) (9216 1024 -480 ) (9216 1408 -480 ) 
4 741 799 (9216 1024 -480 ) (9216 1024 -352 ) (9216 1408 -352 ) (9216 1408 -480 ) 
4 741 752 (9216 1024 -352 ) (9216 1024 -512 ) (9268.414062 1024 -512 ) (9826.180664 1024 -352 ) 
4 741 750 (9828.150391 1101.539795 -352 ) (9826.179688 1024 -352 ) (9734.022461 1024 -378.436157 ) (9732.375000 1099.020020 -379.455719 ) 
5 741 749 (9725.589844 1408 -383.654968 ) (9827.785156 1408 -354.339172 ) (9831.584961 1236.684570 -352 ) (9828.251953 1105.545410 -352 ) (9732.287109 1103.020630 -379.510101 ) 
3 741 748 (9827.785156 1408 -354.339172 ) (9835.939453 1408 -352 ) (9831.584961 1236.684570 -352 ) 
4 741 742 (9268.416016 1024 -512 ) (9278.175781 1408 -512 ) (9725.589844 1408 -383.654968 ) (9734.022461 1024 -378.436157 ) 
3 742 752 (9734.022461 1024 -378.436279 ) (9268.414062 1024 -512 ) (9814.263672 1024 -512 ) 
4 742 750 (9732.376953 1099.020020 -379.457977 ) (9734.024414 1024 -378.438416 ) (9740.994141 1024 -390.039551 ) (9739.308594 1099.020020 -390.996216 ) 
4 742 749 (9732.367188 1408 -394.936310 ) (9725.590820 1408 -383.657166 ) (9732.289062 1103.020752 -379.512360 ) (9739.218750 1103.019897 -391.047211 ) 
4 742 744 (9814.261719 1024 -512 ) (9802.693359 1408 -512 ) (9732.367188 1408 -394.936310 ) (9740.994141 1024 -390.039551 ) 
4 743 751 (10240 1024 -352 ) (10240 1024 -304 ) (10041.050781 1024 -304 ) (9873.653320 1024 -352 ) 
4 743 745 (9873.657227 1024 -352 ) (10041.053711 1024 -304 ) (10049.503906 1408 -304 ) (9882.106445 1408 -352 ) 
4 743 744 (9873.651367 1024 -352 ) (9882.101562 1408 -352 ) (10240 1408 -352 ) (10240 1024 -352 ) 
5 744 752 (10240 1024 -512 ) (10240 1024 -352 ) (9873.653320 1024 -352 ) (9740.993164 1024 -390.039520 ) (9814.263672 1024 -512 ) 
4 744 750 (9739.310547 1099.020020 -390.996307 ) (9740.996094 1024 -390.039673 ) (9839.880859 1024 -361.685059 ) (9838.138672 1101.619995 -362.674286 ) 
4 744 749 (9732.369141 1408 -394.936279 ) (9739.220703 1103.019897 -391.047302 ) (9838.048828 1105.619995 -362.725250 ) (9831.263672 1408 -366.578918 ) 
4 744 748 (9839.880859 1024 -361.685059 ) (9873.657227 1024 -352 ) (9882.106445 1408 -352 ) (9831.263672 1408 -366.578918 ) 
5 745 751 (10041.050781 1024 -304 ) (9993.510742 1024 -304 ) (9836.302734 1024 -349.096313 ) (9837.128906 1024 -352 ) (9873.653320 1024 -352 ) 
5 745 748 (9882.101562 1408 -352 ) (9873.651367 1024 -352 ) (9837.127930 1024 -352 ) (9831.585938 1236.664795 -352 ) (9835.940430 1408 -352 ) 
4 745 747 (9835.102539 1101.695801 -352 ) (9837.126953 1024 -352 ) (9836.301758 1024 -349.096527 ) (9834.578125 1101.708984 -350.157562 ) 
3 745 746 (9831.584961 1236.644531 -352 ) (9834.998047 1105.696655 -352 ) (9834.489258 1105.709473 -350.212189 ) 
3 746 749 (9828.252930 1105.545410 -352 ) (9831.585938 1236.664795 -352 ) (9835 1105.696777 -352 ) 
3 747 751 (9836.302734 1024 -349.096313 ) (9826.180664 1024 -352 ) (9837.128906 1024 -352 ) 
4 747 750 (9837.127930 1024 -352 ) (9826.180664 1024 -352 ) (9828.151367 1101.539795 -352 ) (9835.103516 1101.695801 -352 ) 
3 748 752 (9839.880859 1024 -361.684021 ) (9873.653320 1024 -352 ) (9837.128906 1024 -352 ) 
4 748 750 (9838.137695 1101.619995 -362.674133 ) (9839.879883 1024 -361.684875 ) (9837.126953 1024 -352 ) (9835.102539 1101.695801 -352 ) 
5 748 749 (9831.261719 1408 -366.578857 ) (9838.047852 1105.619873 -362.725098 ) (9834.998047 1105.696655 -352 ) (9831.584961 1236.647217 -352 ) (9827.784180 1408 -354.339661 ) 
5 750 752 (9826.180664 1024 -352 ) (9734.022461 1024 -378.436279 ) (9740.993164 1024 -390.039520 ) (9839.880859 1024 -361.684021 ) (9837.128906 1024 -352 ) 
4 751 872 (9216 800 -352 ) (9216 800 -256 ) (9216 1024 -256 ) (9216 1024 -352 ) 
4 751 870 (9216 800 -256 ) (9216 800 -128 ) (9216 1024 -128 ) (9216 1024 -256 ) 
4 751 869 (9216 800 -128 ) (9216 800 0 ) (9216 1024 0 ) (9216 1024 -128 ) 
4 751 868 (9216 800 0 ) (9216 800 896 ) (9216 1024 896 ) (9216 1024 0 ) 
4 751 772 (9216 800 -288 ) (9216 800 -352 ) (9536 800 -352 ) (9536 800 -288 ) 
4 751 770 (9408 800 -256 ) (9408 800 -288 ) (9440 800 -288 ) (9440 800 -256 ) 
4 751 769 (9536 800 1024 ) (9408 800 1024 ) (9408 800 -256 ) (9536 800 -256 ) 
4 751 771 (9408 800 1024 ) (9216 800 1024 ) (9216 800 -288 ) (9408 800 -288 ) 
4 751 768 (9584 800 -280 ) (9584 800 -272 ) (9568 800 -272 ) (9568 800 -280 ) 
4 751 767 (9584 800 -272 ) (9584 800 -264 ) (9552 800 -264 ) (9552 800 -272 ) 
4 751 766 (9584 800 1024 ) (9536 800 1024 ) (9536 800 -264 ) (9584 800 -264 ) 
4 751 765 (9616 800 -296 ) (9616 800 -288 ) (9600 800 -288 ) (9600 800 -296 ) 
4 751 764 (9616 800 1024 ) (9584 800 1024 ) (9584 800 -288 ) (9616 800 -288 ) 
4 751 763 (9724 800 -312 ) (9724 800 -304 ) (9632 800 -304 ) (9632 800 -312 ) 
4 751 762 (9724 800 1024 ) (9616 800 1024 ) (9616 800 -304 ) (9724 800 -304 ) 
4 751 761 (9788 800 -344 ) (9788 800 -336 ) (9772 800 -336 ) (9772 800 -344 ) 
4 751 760 (9788 800 -328 ) (9756 800 -328 ) (9756 800 -336 ) (9788 800 -336 ) 
4 751 755 (10240 800 -352 ) (10240 800 -328 ) (9788 800 -328 ) (9788 800 -352 ) 
4 751 754 (10240 800 -328 ) (10240 800 -320 ) (9740 800 -320 ) (9740 800 -328 ) 
4 751 753 (10240 800 -320 ) (10240 800 1024 ) (9724 800 1024 ) (9724 800 -320 ) 
4 751 752 (10240 800 -352 ) (9216 800 -352 ) (9216 1024 -352 ) (10240 1024 -352 ) 
4 752 881 (9216 800 -512 ) (9216 800 -480 ) (9216 1024 -480 ) (9216 1024 -512 ) 
4 752 880 (9216 800 -480 ) (9216 800 -416 ) (9216 1024 -416 ) (9216 1024 -480 ) 
4 752 878 (9216 800 -416 ) (9216 800 -352 ) (9216 1024 -352 ) (9216 1024 -416 ) 
4 752 773 (9536 800 -352 ) (9216 800 -352 ) (9216 800 -512 ) (9536 800 -512 ) 
4 752 759 (9820 800 -352 ) (9804 800 -352 ) (9804 800 -360 ) (9820 800 -360 ) 
4 752 758 (9836 800 -352 ) (9820 800 -352 ) (9820 800 -368 ) (9836 800 -368 ) 
4 752 757 (9852 800 -352 ) (9836 800 -352 ) (9836 800 -376 ) (9852 800 -376 ) 
4 752 756 (10240 800 -512 ) (10240 800 -352 ) (9852 800 -352 ) (9852 800 -512 ) 
4 753 781 (9724 704 -288 ) (9724 704 -320 ) (9728 704 -320 ) (9728 704 -288 ) 
4 753 778 (9724 704 -128 ) (9724 704 -256 ) (9728 704 -256 ) (9728 704 -128 ) 
4 753 777 (9728 704 1024 ) (9724 704 1024 ) (9724 704 -128 ) (9728 704 -128 ) 
4 753 775 (10240 704 -320 ) (10240 704 0 ) (9728 704 0 ) (9728 704 -320 ) 
4 753 774 (10240 704 0 ) (10240 704 1024 ) (9728 704 1024 ) (9728 704 0 ) 
4 753 763 (9724 800 -304 ) (9724 800 -312 ) (9724 704 -312 ) (9724 704 -304 ) 
4 753 762 (9724 800 1024 ) (9724 800 -304 ) (9724 704 -304 ) (9724 704 1024 ) 
4 753 754 (10240 704 -320 ) (9740 704 -320 ) (9740 800 -320 ) (10240 800 -320 ) 
4 754 775 (10240 704 -328 ) (10240 704 -320 ) (9740 704 -320 ) (9740 704 -328 ) 
4 754 760 (9788 704 -328 ) (9756 704 -328 ) (9756 800 -328 ) (9788 800 -328 ) 
4 754 755 (10240 704 -328 ) (9788 704 -328 ) (9788 800 -328 ) (10240 800 -328 ) 
4 755 775 (10240 704 -352 ) (10240 704 -328 ) (9788 704 -328 ) (9788 704 -352 ) 
4 755 761 (9788 704 -344 ) (9788 704 -336 ) (9788 800 -336 ) (9788 800 -344 ) 
4 755 760 (9788 704 -336 ) (9788 704 -328 ) (9788 800 -328 ) (9788 800 -336 ) 
4 755 759 (9820 704 -352 ) (9804 704 -352 ) (9804 800 -352 ) (9820 800 -352 ) 
4 755 758 (9836 704 -352 ) (9820 704 -352 ) (9820 800 -352 ) (9836 800 -352 ) 
4 755 757 (9852 704 -352 ) (9836 704 -352 ) (9836 800 -352 ) (9852 800 -352 ) 
4 755 756 (10240 704 -352 ) (9852 704 -352 ) (9852 800 -352 ) (10240 800 -352 ) 
4 756 776 (10240 704 -512 ) (10240 704 -352 ) (9852 704 -352 ) (9852 704 -512 ) 
4 756 757 (9852 704 -376 ) (9852 704 -352 ) (9852 800 -352 ) (9852 800 -376 ) 
4 757 776 (9852 704 -352 ) (9836 704 -352 ) (9836 704 -376 ) (9852 704 -376 ) 
4 757 758 (9836 704 -368 ) (9836 704 -352 ) (9836 800 -352 ) (9836 800 -368 ) 
4 758 776 (9836 704 -352 ) (9820 704 -352 ) (9820 704 -368 ) (9836 704 -368 ) 
4 758 759 (9820 704 -360 ) (9820 704 -352 ) (9820 800 -352 ) (9820 800 -360 ) 
4 759 776 (9820 704 -352 ) (9804 704 -352 ) (9804 704 -360 ) (9820 704 -360 ) 
4 760 775 (9788 704 -328 ) (9756 704 -328 ) (9756 704 -336 ) (9788 704 -336 ) 
4 760 761 (9772 800 -336 ) (9788 800 -336 ) (9788 704 -336 ) (9772 704 -336 ) 
4 761 775 (9788 704 -344 ) (9788 704 -336 ) (9772 704 -336 ) (9772 704 -344 ) 
4 762 781 (9724 704 -304 ) (9724 704 -288 ) (9616 704 -288 ) (9616 704 -304 ) 
4 762 778 (9724 704 -256 ) (9724 704 -128 ) (9616 704 -128 ) (9616 704 -256 ) 
4 762 777 (9724 704 -128 ) (9724 704 1024 ) (9616 704 1024 ) (9616 704 -128 ) 
4 762 765 (9616 800 -288 ) (9616 800 -296 ) (9616 704 -296 ) (9616 704 -288 ) 
4 762 764 (9616 800 1024 ) (9616 800 -288 ) (9616 704 -288 ) (9616 704 1024 ) 
4 762 763 (9632 800 -304 ) (9724 800 -304 ) (9724 704 -304 ) (9632 704 -304 ) 
4 763 781 (9724 704 -312 ) (9724 704 -304 ) (9632 704 -304 ) (9632 704 -312 ) 
4 764 778 (9616 704 -256 ) (9616 704 -128 ) (9584 704 -128 ) (9584 704 -256 ) 
4 764 777 (9616 704 -128 ) (9616 704 1024 ) (9584 704 1024 ) (9584 704 -128 ) 
4 764 768 (9584 800 -272 ) (9584 800 -280 ) (9584 704 -280 ) (9584 704 -272 ) 
4 764 767 (9584 800 -264 ) (9584 800 -272 ) (9584 704 -272 ) (9584 704 -264 ) 
4 764 766 (9584 800 1024 ) (9584 800 -264 ) (9584 704 -264 ) (9584 704 1024 ) 
4 764 765 (9600 800 -288 ) (9616 800 -288 ) (9616 704 -288 ) (9600 704 -288 ) 
4 765 781 (9616 704 -296 ) (9616 704 -288 ) (9600 704 -288 ) (9600 704 -296 ) 
4 766 778 (9584 704 -256 ) (9584 704 -128 ) (9536 704 -128 ) (9536 704 -256 ) 
4 766 777 (9584 704 -128 ) (9584 704 1024 ) (9536 704 1024 ) (9536 704 -128 ) 
4 766 769 (9536 800 1024 ) (9536 800 -256 ) (9536 704 -256 ) (9536 704 1024 ) 
4 766 767 (9552 800 -264 ) (9584 800 -264 ) (9584 704 -264 ) (9552 704 -264 ) 
4 767 768 (9568 800 -272 ) (9584 800 -272 ) (9584 704 -272 ) (9568 704 -272 ) 
4 769 778 (9536 704 -256 ) (9536 704 -128 ) (9408 704 -128 ) (9408 704 -256 ) 
4 769 777 (9536 704 -128 ) (9536 704 1024 ) (9408 704 1024 ) (9408 704 -128 ) 
3 769 770 (9408 768 -256 ) (9408 800 -256 ) (9440 800 -256 ) 
4 769 771 (9408 704 -256 ) (9408 704 1024 ) (9408 800 1024 ) (9408 800 -256 ) 
3 770 772 (9408 800 -288 ) (9440 800 -288 ) (9408 768 -288 ) 
4 770 771 (9408 800 -288 ) (9408 768 -288 ) (9408 768 -256 ) (9408 800 -256 ) 
4 771 872 (9216 704 -288 ) (9216 704 -256 ) (9216 800 -256 ) (9216 800 -288 ) 
4 771 870 (9216 704 -256 ) (9216 704 -128 ) (9216 800 -128 ) (9216 800 -256 ) 
4 771 869 (9216 704 -128 ) (9216 704 0 ) (9216 800 0 ) (9216 800 -128 ) 
4 771 868 (9216 704 0 ) (9216 704 896 ) (9216 800 896 ) (9216 800 0 ) 
4 771 780 (9216 704 -256 ) (9216 704 -288 ) (9408 704 -288 ) (9408 704 -256 ) 
4 771 778 (9216 704 -128 ) (9216 704 -256 ) (9408 704 -256 ) (9408 704 -128 ) 
4 771 777 (9216 704 1024 ) (9216 704 -128 ) (9408 704 -128 ) (9408 704 1024 ) 
4 771 772 (9216 800 -288 ) (9408 800 -288 ) (9408 704 -288 ) (9216 704 -288 ) 
4 772 872 (9216 704 -352 ) (9216 704 -288 ) (9216 800 -288 ) (9216 800 -352 ) 
4 772 781 (9216 704 -288 ) (9216 704 -352 ) (9536 704 -352 ) (9536 704 -288 ) 
4 772 773 (9216 800 -352 ) (9536 800 -352 ) (9536 704 -352 ) (9216 704 -352 ) 
4 773 881 (9216 704 -512 ) (9216 704 -480 ) (9216 800 -480 ) (9216 800 -512 ) 
4 773 880 (9216 704 -480 ) (9216 704 -416 ) (9216 800 -416 ) (9216 800 -480 ) 
4 773 878 (9216 704 -416 ) (9216 704 -352 ) (9216 800 -352 ) (9216 800 -416 ) 
4 773 784 (9216 704 -480 ) (9216 704 -512 ) (9536 704 -512 ) (9536 704 -480 ) 
4 773 783 (9216 704 -416 ) (9216 704 -480 ) (9536 704 -480 ) (9536 704 -416 ) 
4 773 782 (9216 704 -352 ) (9216 704 -416 ) (9536 704 -416 ) (9536 704 -352 ) 
4 774 933 (10240 0 0 ) (10240 0 1024 ) (9728 0 1024 ) (9728 0 0 ) 
4 774 779 (9728 280 0 ) (9728 0 0 ) (9728 0 1024 ) (9728 280 1024 ) 
4 774 777 (9728 704 1024 ) (9728 704 0 ) (9728 280 0 ) (9728 280 1024 ) 
4 774 775 (9728 640 0 ) (9728 704 0 ) (10240 704 0 ) (10240 640 0 ) 
4 775 781 (9728 704 -288 ) (9728 704 -352 ) (9728 684 -352 ) (9728 676 -288 ) 
4 775 778 (9728 704 -128 ) (9728 704 -256 ) (9728 672 -256 ) (9728 656 -128 ) 
4 775 777 (9728 704 0 ) (9728 704 -128 ) (9728 656 -128 ) (9728 640 0 ) 
4 775 776 (10240 683.996277 -352 ) (9728 683.996155 -352 ) (9728 704 -352 ) (10240 704 -352 ) 
3 776 784 (9728 704 -480 ) (9728 704 -512 ) (9728 700 -480 ) 
4 776 783 (9728 704 -416 ) (9728 704 -480 ) (9728 700 -480 ) (9728 692 -416 ) 
4 776 782 (9728 704 -352 ) (9728 704 -416 ) (9728 692 -416 ) (9728 684 -352 ) 
4 777 869 (9216 704 0 ) (9216 704 -128 ) (9216 280 -128 ) (9216 280 0 ) 
4 777 868 (9216 704 896 ) (9216 704 0 ) (9216 280 0 ) (9216 280 896 ) 
4 777 779 (9216 280 1024 ) (9216 280 0 ) (9728 280 0 ) (9728 280 1024 ) 
4 777 778 (9728 280 -128 ) (9216 280 -128 ) (9216 704 -128 ) (9728 704 -128 ) 
4 778 870 (9216 704 -128 ) (9216 704 -256 ) (9216 280 -256 ) (9216 280 -128 ) 
4 778 780 (9216 704 -256 ) (9408 704 -256 ) (9408 664 -256 ) (9216 664 -256 ) 
4 779 933 (9728 0 0 ) (9728 0 1024 ) (9216 0 1024 ) (9216 0 0 ) 
4 779 868 (9216 0 0 ) (9216 0 896 ) (9216 280 896 ) (9216 280 0 ) 
4 780 872 (9216 664 -256 ) (9216 704 -256 ) (9216 704 -288 ) (9216 664 -288 ) 
4 780 781 (9216 664 -288 ) (9216 704 -288 ) (9408 704 -288 ) (9408 664 -288 ) 
4 781 879 (9216 616 -288 ) (9216 664 -288 ) (9216 664 -352 ) (9216 616 -352 ) 
4 781 872 (9216 664 -288 ) (9216 704 -288 ) (9216 704 -352 ) (9216 664 -352 ) 
4 781 782 (9728 616 -352 ) (9216 616 -352 ) (9216 704 -352 ) (9728 704 -352 ) 
4 782 879 (9216 664 -416 ) (9216 616 -416 ) (9216 616 -352 ) (9216 664 -352 ) 
4 782 878 (9216 704 -352 ) (9216 704 -416 ) (9216 664 -416 ) (9216 664 -352 ) 
4 782 783 (9216 616 -416 ) (9216 704 -416 ) (9728 704 -416 ) (9728 616 -416 ) 
4 783 880 (9216 432 -416 ) (9216 704 -416 ) (9216 704 -480 ) (9216 432 -480 ) 
4 783 784 (9216 704 -480 ) (9728 704 -480 ) (9728 664 -480 ) (9216 664 -480 ) 
4 784 881 (9216 664 -480 ) (9216 704 -480 ) (9216 704 -512 ) (9216 696 -512 ) 
4 785 868 (9216 1024 0 ) (9216 1024 896 ) (8192 1024 896 ) (8192 1024 0 ) 
4 785 832 (8192 1280 0 ) (8192 1024 0 ) (8192 1024 896 ) (8192 1280 896 ) 
4 785 824 (8192 1516 0 ) (8192 1280 0 ) (8192 1280 896 ) (8192 1516 896 ) 
4 785 801 (8192 2048 896 ) (8192 2048 0 ) (8192 1516 0 ) (8192 1516 896 ) 
4 785 789 (8192 2032 0 ) (8192 2048 0 ) (8320 2048 0 ) (8320 2032 0 ) 
4 785 787 (8704 2048 0 ) (8832 2048 0 ) (8832 2032 0 ) (8704 2032 0 ) 
4 785 788 (8448 2048 0 ) (8576 2048 0 ) (8576 2032 0 ) (8448 2032 0 ) 
4 785 786 (8960 2048 0 ) (9088 2048 0 ) (9088 2032 0 ) (8960 2032 0 ) 
4 785 790 (8192 1024 0 ) (8192 2032 0 ) (9216 2032 0 ) (9216 1024 0 ) 
4 786 791 (8960 2048 -128 ) (9088 2048 -128 ) (9088 2032 -128 ) (8960 2032 -128 ) 
4 786 790 (8960 2032 -128 ) (9088 2032 -128 ) (9088 2032 0 ) (8960 2032 0 ) 
4 787 792 (8704 2048 -128 ) (8832 2048 -128 ) (8832 2032 -128 ) (8704 2032 -128 ) 
4 787 790 (8704 2032 -128 ) (8832 2032 -128 ) (8832 2032 0 ) (8704 2032 0 ) 
4 788 793 (8448 2048 -128 ) (8576 2048 -128 ) (8576 2032 -128 ) (8448 2032 -128 ) 
4 788 790 (8448 2032 -128 ) (8576 2032 -128 ) (8576 2032 0 ) (8448 2032 0 ) 
4 789 794 (8192 2032 -128 ) (8192 2048 -128 ) (8320 2048 -128 ) (8320 2032 -128 ) 
4 789 790 (8192 2032 -128 ) (8320 2032 -128 ) (8320 2032 0 ) (8192 2032 0 ) 
4 790 869 (9216 1024 -128 ) (9216 1024 0 ) (8192 1024 0 ) (8192 1024 -128 ) 
4 790 832 (8192 1280 -128 ) (8192 1024 -128 ) (8192 1024 0 ) (8192 1280 0 ) 
4 790 824 (8192 1516 -128 ) (8192 1280 -128 ) (8192 1280 0 ) (8192 1516 0 ) 
4 790 804 (8192 2032 -128 ) (8192 1516 -128 ) (8192 1516 0 ) (8192 2032 0 ) 
4 790 796 (9216 1024 -128 ) (8192 1024 -128 ) (8192 1536 -128 ) (9216 1536 -128 ) 
4 790 795 (8192 1536 -128 ) (8192 2032 -128 ) (9216 2032 -128 ) (9216 1536 -128 ) 
4 791 795 (8960 2032 -256 ) (9088 2032 -256 ) (9088 2032 -128 ) (8960 2032 -128 ) 
4 792 795 (8704 2032 -256 ) (8832 2032 -256 ) (8832 2032 -128 ) (8704 2032 -128 ) 
4 793 795 (8448 2032 -256 ) (8576 2032 -256 ) (8576 2032 -128 ) (8448 2032 -128 ) 
4 794 795 (8192 2032 -256 ) (8320 2032 -256 ) (8320 2032 -128 ) (8192 2032 -128 ) 
4 795 811 (8192 2032 -256 ) (8192 1536 -256 ) (8192 1536 -128 ) (8192 2032 -128 ) 
4 795 797 (8192 1536 -256 ) (8192 1568 -256 ) (9216 1568 -256 ) (9216 1536 -256 ) 
4 795 796 (8192 1536 -256 ) (9216 1536 -256 ) (9216 1536 -128 ) (8192 1536 -128 ) 
4 796 870 (9216 1024 -256 ) (9216 1024 -128 ) (8192 1024 -128 ) (8192 1024 -256 ) 
4 796 832 (8192 1280 -256 ) (8192 1024 -256 ) (8192 1024 -128 ) (8192 1280 -128 ) 
4 796 824 (8192 1516 -256 ) (8192 1280 -256 ) (8192 1280 -128 ) (8192 1516 -128 ) 
4 796 812 (8192 1536 -256 ) (8192 1516 -256 ) (8192 1516 -128 ) (8192 1536 -128 ) 
4 796 797 (8192 1024 -256 ) (8192 1536 -256 ) (9216 1536 -256 ) (9216 1024 -256 ) 
4 797 873 (8938.630859 1024 -256 ) (8192 1024 -256 ) (8192 1024 -288 ) (8945.323242 1024 -288 ) 
4 797 872 (9216 1024 -288 ) (9216 1024 -256 ) (8938.630859 1024 -256 ) (8945.323242 1024 -288 ) 
4 797 847 (8192 1516 -288 ) (8192 1024 -288 ) (8192 1024 -256 ) (8192 1516 -256 ) 
4 797 815 (8192 1568 -288 ) (8192 1516 -288 ) (8192 1516 -256 ) (8192 1568 -256 ) 
4 797 798 (9216 1024 -288 ) (8192 1024 -288 ) (8192 1568 -288 ) (9216 1568 -288 ) 
4 798 873 (8945.323242 1024 -288 ) (8192 1024 -288 ) (8192 1024 -352 ) (8958.708008 1024 -352 ) 
4 798 872 (9216 1024 -352 ) (9216 1024 -288 ) (8945.323242 1024 -288 ) (8958.708008 1024 -352 ) 
4 798 847 (8192 1024 -352 ) (8192 1024 -288 ) (8192 1516 -288 ) (8192 1516 -352 ) 
4 798 816 (8192 1516 -288 ) (8192 1616 -288 ) (8192 1616 -352 ) (8192 1516 -352 ) 
4 798 799 (8192 1024 -352 ) (8192 1616 -352 ) (9216 1616 -352 ) (9216 1024 -352 ) 
4 799 880 (9216 1024 -480 ) (9216 1024 -416 ) (8192 1024 -416 ) (8192 1024 -480 ) 
4 799 878 (9216 1024 -416 ) (9216 1024 -352 ) (8192 1024 -352 ) (8192 1024 -416 ) 
4 799 850 (8192 1050.984985 -352 ) (8192 1315.937256 -352 ) (8192 1516 -401.909149 ) (8192 1516 -467.787415 ) 
3 799 849 (8192 1315.937256 -352 ) (8192 1516 -352 ) (8192 1516 -401.909149 ) 
5 799 848 (8192 1516 -480 ) (8192 1024 -480 ) (8192 1024 -352 ) (8192 1050.984985 -352 ) (8192 1516 -467.787415 ) 
4 799 817 (8192 1616 -480 ) (8192 1516 -480 ) (8192 1516 -352 ) (8192 1616 -352 ) 
4 799 800 (8192 1024 -480 ) (8192 1568 -480 ) (9216 1568 -480 ) (9216 1024 -480 ) 
4 800 881 (9216 1024 -512 ) (9216 1024 -480 ) (8192 1024 -480 ) (8192 1024 -512 ) 
4 800 848 (8192 1516 -512 ) (8192 1024 -512 ) (8192 1024 -480 ) (8192 1516 -480 ) 
4 800 818 (8192 1536 -512 ) (8192 1516 -512 ) (8192 1516 -480 ) (8192 1568 -480 ) 
4 801 1028 (7168 1516 0 ) (7168 1516 896 ) (7168 2048 896 ) (7168 2048 0 ) 
4 801 843 (7554 1516 896 ) (7168 1516 896 ) (7168 1516 0 ) (7554 1516 0 ) 
4 801 842 (7664 1516 896 ) (7554 1516 896 ) (7554 1516 0 ) (7664 1516 0 ) 
4 801 830 (7712 1516 896 ) (7664 1516 896 ) (7664 1516 0 ) (7712 1516 0 ) 
4 801 825 (7848 1516 896 ) (7712 1516 896 ) (7712 1516 0 ) (7848 1516 0 ) 
4 801 824 (8192 1516 0 ) (8192 1516 896 ) (7848 1516 896 ) (7848 1516 0 ) 
4 801 807 (7664 1516 0 ) (7554 1516 0 ) (7554 2048 0 ) (7664 2048 0 ) 
4 801 805 (7848 1516 0 ) (7664 1516 0 ) (7664 2032 0 ) (7848 2032 0 ) 
4 801 804 (8192 1516 0 ) (7848 1516 0 ) (7848 2032 0 ) (8192 2032 0 ) 
4 801 802 (7936 2048 0 ) (8064 2048 0 ) (8064 2032 0 ) (7936 2032 0 ) 
4 801 803 (7664 2032 0 ) (7664 2048 0 ) (7808 2048 0 ) (7808 2032 0 ) 
4 802 809 (7936 2048 -128 ) (8064 2048 -128 ) (8064 2032 -128 ) (7936 2032 -128 ) 
4 802 804 (7936 2032 -128 ) (8064 2032 -128 ) (8064 2032 0 ) (7936 2032 0 ) 
4 803 810 (7664 2032 -128 ) (7664 2048 -128 ) (7808 2048 -128 ) (7808 2032 -128 ) 
4 803 808 (7664 2048 -128 ) (7664 2032 -128 ) (7664 2032 -96 ) (7664 2048 -96 ) 
4 803 807 (7664 2032 -96 ) (7664 2032 0 ) (7664 2048 0 ) (7664 2048 -96 ) 
4 803 806 (7664 2032 -40 ) (7664 2032 -128 ) (7808 2032 -128 ) (7808 2032 -40 ) 
4 803 805 (7664 2032 0 ) (7664 2032 -40 ) (7808 2032 -40 ) (7808 2032 0 ) 
4 804 824 (8192 1516 -128 ) (8192 1516 0 ) (7848 1516 0 ) (7848 1516 -128 ) 
4 804 812 (8192 1516 -128 ) (7848 1516 -128 ) (7848 1536 -128 ) (8192 1536 -128 ) 
4 804 811 (7848 1536 -128 ) (7848 2032 -128 ) (8192 2032 -128 ) (8192 1536 -128 ) 
4 804 806 (7848 2032 -40 ) (7848 2032 -128 ) (7848 1516 -128 ) (7848 1516 -40 ) 
4 804 805 (7848 2032 0 ) (7848 2032 -40 ) (7848 1516 -40 ) (7848 1516 0 ) 
4 805 830 (7712 1516 0 ) (7664 1516 0 ) (7664 1516 -40 ) (7712 1516 -40 ) 
4 805 825 (7848 1516 0 ) (7712 1516 0 ) (7712 1516 -40 ) (7848 1516 -40 ) 
4 805 807 (7664 1516 -40 ) (7664 1516 0 ) (7664 2032 0 ) (7664 2032 -40 ) 
4 805 806 (7664 1516 -40 ) (7664 2032 -40 ) (7848 2032 -40 ) (7848 1516 -40 ) 
4 806 831 (7664 1516 -40 ) (7664 1516 -128 ) (7712 1516 -128 ) (7712 1516 -40 ) 
4 806 826 (7712 1516 -128 ) (7848 1516 -128 ) (7848 1516 -40 ) (7712 1516 -40 ) 
4 806 813 (7848 1516 -128 ) (7664 1516 -128 ) (7664 1536 -128 ) (7848 1536 -128 ) 
4 806 811 (7664 1536 -128 ) (7664 2032 -128 ) (7848 2032 -128 ) (7848 1536 -128 ) 
4 806 808 (7664 2032 -128 ) (7664 1516 -128 ) (7664 1516 -96 ) (7664 2032 -96 ) 
4 806 807 (7664 1516 -96 ) (7664 1516 -40 ) (7664 2032 -40 ) (7664 2032 -96 ) 
4 807 842 (7664 1516 0 ) (7554 1516 0 ) (7554 1516 -96 ) (7664 1516 -96 ) 
4 807 808 (7554 2048 -96 ) (7664 2048 -96 ) (7664 1516 -96 ) (7554 1516 -96 ) 
4 808 845 (7550 1516 -128 ) (7664 1516 -128 ) (7664 1516 -96 ) (7535.499512 1516 -96 ) 
4 808 814 (7664 1516 -128 ) (7550 1516 -128 ) (7550 1536 -128 ) (7664 1536 -128 ) 
4 808 811 (7550 1536 -128 ) (7550 2032 -128 ) (7664 2032 -128 ) (7664 1536 -128 ) 
4 808 810 (7550 2032 -128 ) (7550 2048 -128 ) (7664 2048 -128 ) (7664 2032 -128 ) 
4 809 811 (7936 2032 -256 ) (8064 2032 -256 ) (8064 2032 -128 ) (7936 2032 -128 ) 
4 810 811 (7608 2032 -256 ) (7808 2032 -256 ) (7808 2032 -128 ) (7550 2032 -128 ) 
4 811 815 (8192 1568 -256 ) (8192 1536 -256 ) (7936 1536 -256 ) (7936 1568 -256 ) 
4 811 814 (7608 1536 -256 ) (7664 1536 -256 ) (7664 1536 -128 ) (7550 1536 -128 ) 
4 811 813 (7664 1536 -256 ) (7848 1536 -256 ) (7848 1536 -128 ) (7664 1536 -128 ) 
4 811 812 (7848 1536 -256 ) (8192 1536 -256 ) (8192 1536 -128 ) (7848 1536 -128 ) 
4 812 824 (8192 1516 -256 ) (8192 1516 -128 ) (7848 1516 -128 ) (7848 1516 -256 ) 
4 812 815 (8192 1516 -256 ) (7936 1516 -256 ) (7936 1536 -256 ) (8192 1536 -256 ) 
4 812 813 (7848 1536 -128 ) (7848 1536 -256 ) (7848 1516 -256 ) (7848 1516 -128 ) 
4 813 831 (7712 1516 -128 ) (7664 1516 -128 ) (7664 1516 -256 ) (7712 1516 -256 ) 
4 813 828 (7712 1516 -136 ) (7712 1516 -256 ) (7840 1516 -256 ) (7840 1516 -136 ) 
4 813 827 (7840 1516 -256 ) (7848 1516 -256 ) (7848 1516 -136 ) (7840 1516 -136 ) 
4 813 826 (7848 1516 -128 ) (7712 1516 -128 ) (7712 1516 -136 ) (7848 1516 -136 ) 
4 813 814 (7664 1536 -128 ) (7664 1536 -256 ) (7664 1516 -256 ) (7664 1516 -128 ) 
4 814 845 (7664 1516 -128 ) (7550 1516 -128 ) (7608 1516 -256 ) (7664 1516 -256 ) 
4 815 847 (8192 1516 -288 ) (8192 1516 -256 ) (7936 1516 -256 ) (7936 1516 -288 ) 
4 815 816 (8192 1516 -288 ) (7936 1516 -288 ) (7936 1568 -288 ) (8192 1568 -288 ) 
4 816 847 (8192 1516 -352 ) (8192 1516 -288 ) (7936 1516 -288 ) (7936 1516 -352 ) 
4 816 817 (8192 1516 -352 ) (7936 1516 -352 ) (7936 1616 -352 ) (8192 1616 -352 ) 
4 817 852 (8092.259766 1516 -401.909393 ) (7967.804199 1516 -401.909698 ) (7969.401367 1516 -467.789856 ) (8093.858887 1516 -467.788483 ) 
4 817 851 (7967.804199 1516 -401.909698 ) (7936 1516 -401.909760 ) (7936 1516 -467.790222 ) (7969.401367 1516 -467.789856 ) 
4 817 850 (8192 1516 -467.787415 ) (8192 1516 -401.909149 ) (8092.259766 1516 -401.909393 ) (8093.858887 1516 -467.788483 ) 
4 817 849 (8192 1516 -401.909149 ) (8192 1516 -352 ) (7936 1516 -352 ) (7936 1516 -401.909760 ) 
4 817 848 (8192 1516 -480 ) (8192 1516 -467.787415 ) (7936 1516 -467.790222 ) (7936 1516 -480 ) 
4 817 818 (8192 1516 -480 ) (7936 1516 -480 ) (7936 1568 -480 ) (8192 1568 -480 ) 
4 818 848 (8192 1516 -512 ) (8192 1516 -480 ) (7936 1516 -480 ) (7936 1516 -512 ) 
4 819 820 (7768 2048 -299 ) (7778.001953 2048 -299 ) (7778.003418 1516 -299 ) (7768 1516 -299 ) 
4 820 822 (7752 1516 -352 ) (7752 1516 -299 ) (7752 2048 -299 ) (7752 2048 -352 ) 
4 820 821 (7752 1516 -352 ) (7752 2048 -352 ) (7823.332520 2048 -352 ) (7823.332520 1516 -352 ) 
4 821 823 (7752 1516 -424 ) (7752 1516 -352 ) (7752 2048 -352 ) (7752 2048 -424 ) 
4 822 823 (7696.666992 2048 -352 ) (7752 2048 -352 ) (7752 1516 -352 ) (7696.666992 1516 -352 ) 
3 824 856 (7936 1344 -256 ) (7936 1280 -256 ) (7904 1280 -256 ) 
4 824 847 (7936 1516 -256 ) (8192 1516 -256 ) (8192 1280 -256 ) (7936 1280 -256 ) 
4 824 834 (7872 1280 -223.993500 ) (7872 1280 -40 ) (7848 1280 -40 ) (7848 1280 -157.993011 ) 
4 824 833 (7872 1280 -40 ) (7872 1280 896 ) (7848 1280 896 ) (7848 1280 -40 ) 
4 824 832 (7872 1280 -256 ) (8192 1280 -256 ) (8192 1280 896 ) (7872 1280 896 ) 
4 824 827 (7848 1516 -256 ) (7848 1280 -256 ) (7848 1280 -136 ) (7848 1516 -136 ) 
4 824 826 (7848 1280 -136 ) (7848 1280 -40 ) (7848 1516 -40 ) (7848 1516 -136 ) 
4 824 825 (7848 1280 -40 ) (7848 1280 896 ) (7848 1516 896 ) (7848 1516 -40 ) 
4 825 833 (7848 1280 -40 ) (7848 1280 896 ) (7712 1280 896 ) (7712 1280 -40 ) 
4 825 830 (7712 1280 -40 ) (7712 1280 896 ) (7712 1516 896 ) (7712 1516 -40 ) 
4 825 826 (7712 1280 -40 ) (7712 1516 -40 ) (7848 1516 -40 ) (7848 1280 -40 ) 
4 826 835 (7848 1280 -136 ) (7848 1280 -40 ) (7712 1280 -40 ) (7712 1280 -136 ) 
4 826 831 (7712 1280 -136 ) (7712 1280 -40 ) (7712 1516 -40 ) (7712 1516 -136 ) 
4 826 829 (7712 1312 -136 ) (7712 1344 -136 ) (7840 1344 -136 ) (7840 1312 -136 ) 
4 826 828 (7712 1344 -136 ) (7712 1516 -136 ) (7840 1516 -136 ) (7840 1344 -136 ) 
4 826 827 (7840 1516 -136 ) (7848 1516 -136 ) (7848 1280 -136 ) (7840 1280 -136 ) 
3 827 837 (7848 1280 -157.993408 ) (7848 1280 -136 ) (7840.001953 1280 -136 ) 
3 827 829 (7840 1312 -136 ) (7840 1344 -136 ) (7840 1344 -224 ) 
4 827 828 (7840 1516 -256 ) (7840 1344 -256 ) (7840 1344 -136 ) (7840 1516 -136 ) 
4 828 831 (7712 1516 -256 ) (7712 1344 -256 ) (7712 1344 -136 ) (7712 1516 -136 ) 
4 828 829 (7840 1344 -224 ) (7840 1344 -136 ) (7712 1344 -136 ) (7712 1344 -224 ) 
3 829 831 (7712 1312 -136 ) (7712 1344 -136 ) (7712 1344 -224 ) 
4 830 842 (7664 1280 -40 ) (7664 1280 896 ) (7664 1516 896 ) (7664 1516 -40 ) 
4 830 840 (7664 1280 896 ) (7664 1280 -40 ) (7680 1280 -40 ) (7680 1280 896 ) 
4 830 833 (7680 1280 -40 ) (7712 1280 -40 ) (7712 1280 896 ) (7680 1280 896 ) 
4 830 831 (7712 1516 -40 ) (7712 1280 -40 ) (7664 1280 -40 ) (7664 1516 -40 ) 
4 831 845 (7664 1516 -256 ) (7664 1424 -256 ) (7664 1424 -96 ) (7664 1516 -96 ) 
4 831 846 (7664 1424 -256 ) (7664 1280 -256 ) (7664 1280 -96 ) (7664 1424 -96 ) 
4 831 842 (7664 1280 -96 ) (7664 1280 -40 ) (7664 1516 -40 ) (7664 1516 -96 ) 
4 831 841 (7664 1280 -40 ) (7664 1280 -256 ) (7680 1280 -256 ) (7680 1280 -40 ) 
3 831 836 (7712 1280 -136 ) (7680 1280 -136 ) (7680 1280 -223.997910 ) 
4 831 835 (7712 1280 -136 ) (7712 1280 -40 ) (7680 1280 -40 ) (7680 1280 -136 ) 
4 832 884 (8192 1024 -256 ) (8192 1024 -128 ) (7872 1024 -128 ) (7872 1024 -256 ) 
4 832 883 (8192 1024 -128 ) (8192 1024 -40 ) (7872 1024 -40 ) (7872 1024 -128 ) 
4 832 882 (8192 1024 -40 ) (8192 1024 896 ) (7872 1024 896 ) (7872 1024 -40 ) 
4 832 862 (7936 1024 -256 ) (7872 1024 -256 ) (7872 1216 -256 ) (7936 1216 -256 ) 
4 832 856 (7872 1216 -256 ) (7904 1280 -256 ) (7936 1280 -256 ) (7936 1216 -256 ) 
4 832 847 (8192 1024 -256 ) (7936 1024 -256 ) (7936 1280 -256 ) (8192 1280 -256 ) 
4 832 838 (7872 1216 -256 ) (7872 1024 -256 ) (7872 1024 -40 ) (7872 1216 -40 ) 
4 832 834 (7872 1280 -40 ) (7872 1280 -223.993484 ) (7872 1216 -224 ) (7872 1216 -40 ) 
4 832 833 (7872 1280 896 ) (7872 1280 -40 ) (7872 1024 -40 ) (7872 1024 896 ) 
4 833 882 (7872 1024 896 ) (7680 1024 896 ) (7680 1024 -40 ) (7872 1024 -40 ) 
4 833 840 (7680 1280 896 ) (7680 1280 -40 ) (7680 1024 -40 ) (7680 1024 896 ) 
4 833 839 (7680 1024 -40 ) (7680 1216 -40 ) (7848 1216 -40 ) (7848 1024 -40 ) 
4 833 838 (7848 1216 -40 ) (7872 1216 -40 ) (7872 1024 -40 ) (7848 1024 -40 ) 
4 833 835 (7680 1216 -40 ) (7680 1280 -40 ) (7848 1280 -40 ) (7848 1216 -40 ) 
4 833 834 (7848 1280 -40 ) (7872 1280 -40 ) (7872 1216 -40 ) (7848 1216 -40 ) 
4 834 838 (7872 1216 -224 ) (7872 1216 -40 ) (7848 1216 -40 ) (7848 1216 -157.998718 ) 
4 834 837 (7848 1216 -157.998734 ) (7848 1216 -136 ) (7848 1280 -136 ) (7848 1280 -157.993011 ) 
4 834 835 (7848 1216 -136 ) (7848 1216 -40 ) (7848 1280 -40 ) (7848 1280 -136 ) 
4 835 841 (7680 1280 -40 ) (7680 1280 -136 ) (7680 1216 -136 ) (7680 1216 -40 ) 
4 835 839 (7848 1216 -40 ) (7680 1216 -40 ) (7680 1216 -136 ) (7848 1216 -136 ) 
4 835 837 (7848 1280 -136 ) (7848 1216 -136 ) (7840 1216 -136 ) (7840.002441 1280 -136 ) 
4 835 836 (7712 1216 -136 ) (7680 1216 -136 ) (7680 1280 -136 ) (7712 1280 -136 ) 
4 836 841 (7680 1280 -136 ) (7680 1280 -223.997910 ) (7680 1216 -224 ) (7680 1216 -136 ) 
3 836 839 (7680 1216 -136 ) (7680 1216 -224 ) (7712 1216 -136 ) 
3 837 839 (7848 1216 -158 ) (7848 1216 -136 ) (7840 1216 -136 ) 
4 838 885 (7848 1024 -256 ) (7872 1024 -256 ) (7872 1024 -40 ) (7848 1024 -40 ) 
4 838 862 (7872 1024 -256 ) (7848 1024 -256 ) (7848 1216 -256 ) (7872 1216 -256 ) 
4 838 839 (7848 1216 -40 ) (7848 1216 -256 ) (7848 1024 -256 ) (7848 1024 -40 ) 
4 839 886 (7680 1024 -40 ) (7680 1024 -256 ) (7848 1024 -256 ) (7848 1024 -40 ) 
4 839 863 (7820 1024 -256 ) (7680 1024 -256 ) (7680 1160 -256 ) (7820 1160 -256 ) 
4 839 862 (7848 1024 -256 ) (7820 1024 -256 ) (7820 1216 -256 ) (7848 1216 -256 ) 
4 839 841 (7680 1216 -256 ) (7680 1024 -256 ) (7680 1024 -40 ) (7680 1216 -40 ) 
4 840 882 (7680 1024 896 ) (7664 1024 896 ) (7664 1024 -40 ) (7680 1024 -40 ) 
4 840 842 (7664 1024 -40 ) (7664 1024 896 ) (7664 1280 896 ) (7664 1280 -40 ) 
4 840 841 (7664 1024 -40 ) (7664 1280 -40 ) (7680 1280 -40 ) (7680 1024 -40 ) 
4 841 891 (7664 1024 -40 ) (7664 1024 -256 ) (7680 1024 -256 ) (7680 1024 -40 ) 
4 841 863 (7680 1024 -256 ) (7664 1024 -256 ) (7664 1160 -256 ) (7680 1160 -256 ) 
4 841 846 (7664 1280 -256 ) (7664 1024 -256 ) (7664 1024 -96 ) (7664 1280 -96 ) 
4 841 842 (7664 1024 -96 ) (7664 1024 -40 ) (7664 1280 -40 ) (7664 1280 -96 ) 
4 842 901 (7596 1024 896 ) (7588 1024 896 ) (7588 1024 -96 ) (7596 1024 -96 ) 
4 842 904 (7588 1024 896 ) (7554 1024 896 ) (7554 1024 -96 ) (7588 1024 -96 ) 
4 842 892 (7596 1024 -40 ) (7596 1024 -96 ) (7664 1024 -96 ) (7664 1024 -40 ) 
4 842 882 (7664 1024 896 ) (7596 1024 896 ) (7596 1024 -40 ) (7664 1024 -40 ) 
4 842 845 (7554 1516 -96 ) (7664 1516 -96 ) (7664 1424 -96 ) (7554 1424 -96 ) 
4 842 846 (7664 1424 -96 ) (7664 1024 -96 ) (7554 1024 -96 ) (7554 1424 -96 ) 
4 842 843 (7554 1424 0 ) (7554 1424 896 ) (7554 1516 896 ) (7554 1516 0 ) 
4 842 844 (7554 1424 -96 ) (7554 1024 -96 ) (7554 1024 896 ) (7554 1424 896 ) 
4 843 1028 (7168 1424 896 ) (7168 1516 896 ) (7168 1516 0 ) (7168 1424 0 ) 
4 843 844 (7554 1424 0 ) (7554 1424 896 ) (7168 1424 896 ) (7168 1424 0 ) 
4 844 1045 (7168 1024 -96 ) (7168 1024 896 ) (7168 1424 896 ) (7168 1424 -96 ) 
4 844 904 (7554 1024 896 ) (7168 1024 896 ) (7168 1024 -96 ) (7554 1024 -96 ) 
4 844 846 (7554 1424 -96 ) (7554 1024 -96 ) (7168 1024 -96 ) (7168 1424 -96 ) 
4 845 846 (7608 1424 -256 ) (7664 1424 -256 ) (7664 1424 -96 ) (7535.499512 1424 -96 ) 
4 846 1045 (7168 1024 -256 ) (7168 1024 -96 ) (7168 1424 -96 ) (7168 1424 -256 ) 
4 846 905 (7168 1024 -128 ) (7168 1024 -256 ) (7596 1024 -256 ) (7596 1024 -128 ) 
4 846 901 (7588 1024 -128 ) (7596 1024 -128 ) (7596 1024 -96 ) (7588 1024 -96 ) 
4 846 904 (7168 1024 -96 ) (7168 1024 -128 ) (7588 1024 -128 ) (7588 1024 -96 ) 
4 846 892 (7596 1024 -256 ) (7664 1024 -256 ) (7664 1024 -96 ) (7596 1024 -96 ) 
4 846 866 (7596 1024 -256 ) (7168 1024 -256 ) (7168 1216 -256 ) (7596 1216 -256 ) 
4 846 863 (7664 1024 -256 ) (7596 1024 -256 ) (7596 1160 -256 ) (7664 1160 -256 ) 
4 846 857 (7168 1216 -256 ) (7168 1344 -256 ) (7596 1344 -256 ) (7596 1216 -256 ) 
4 846 854 (7168 1344 -256 ) (7168 1408 -256 ) (7596 1408 -256 ) (7596 1344 -256 ) 
4 847 916 (8192 1024 -352 ) (8192 1024 -288 ) (7936 1024 -288 ) (7936 1024 -352 ) 
4 847 915 (8192 1024 -288 ) (8192 1024 -256 ) (7936 1024 -256 ) (7936 1024 -288 ) 
4 847 862 (7936 1024 -352 ) (7936 1024 -256 ) (7936 1216 -256 ) (7936 1216 -352 ) 
4 847 858 (7936 1344 -272 ) (7936 1344 -352 ) (7936 1216 -352 ) (7936 1216 -272 ) 
4 847 856 (7936 1216 -256 ) (7936 1344 -256 ) (7936 1344 -272 ) (7936 1216 -272 ) 
5 847 853 (7936 1050.973755 -352 ) (7936 1201.458252 -352 ) (7947.134766 1315.934937 -352 ) (8071.573242 1315.936157 -352 ) (8045.780273 1050.978516 -352 ) 
3 847 851 (7936 1201.458252 -352 ) (7936 1315.934814 -352 ) (7947.134766 1315.934937 -352 ) 
4 847 850 (8071.573242 1315.936157 -352 ) (8192 1315.937256 -352 ) (8192 1050.984985 -352 ) (8045.780273 1050.978516 -352 ) 
4 847 849 (7936 1315.934814 -352 ) (7936 1516 -352 ) (8192 1516 -352 ) (8192 1315.937256 -352 ) 
4 847 848 (7936 1024 -352 ) (7936 1050.973755 -352 ) (8192 1050.984985 -352 ) (8192 1024 -352 ) 
4 848 919 (8192 1024 -512 ) (8192 1024 -480 ) (7936 1024 -480 ) (7936 1024 -512 ) 
4 848 918 (8192 1024 -480 ) (8192 1024 -416 ) (7936 1024 -416 ) (7936 1024 -480 ) 
4 848 917 (8192 1024 -416 ) (8192 1024 -352 ) (7936 1024 -352 ) (7936 1024 -416 ) 
5 848 864 (7936 1216 -512 ) (7936 1024 -512 ) (7936 1024 -352 ) (7936 1050.973755 -352 ) (7936 1216 -393.091064 ) 
4 848 859 (7936 1344 -512 ) (7936 1216 -512 ) (7936 1216 -393.091064 ) (7936 1344 -424.962677 ) 
5 848 853 (7952 1347.550049 -425.846680 ) (7936 1192.663086 -387.280518 ) (7936 1050.972412 -352 ) (8045.780273 1050.977173 -352 ) (8075.900391 1342.300049 -424.538147 ) 
4 848 852 (8093.858887 1516 -467.788666 ) (7969.401367 1516 -467.790039 ) (7952.100098 1348.519531 -426.088104 ) (8076 1343.269409 -424.779510 ) 
3 848 851 (7969.401367 1516 -467.790039 ) (7936 1516 -467.790405 ) (7936 1192.663086 -387.280518 ) 
4 848 850 (8192 1516 -467.787598 ) (8093.858887 1516 -467.788666 ) (8045.780273 1050.977173 -352 ) (8192 1050.983643 -352 ) 
3 849 859 (7936 1315.934814 -352 ) (7936 1344 -352 ) (7936 1344 -359.001343 ) 
4 849 853 (8071.573242 1315.939331 -352 ) (7947.135254 1315.938110 -352 ) (7952 1363.029785 -363.747833 ) (8075.899902 1357.780151 -362.437927 ) 
4 849 852 (7952.100586 1364 -363.989624 ) (7967.804199 1516 -401.908905 ) (8092.259766 1516 -401.908600 ) (8076 1358.749390 -362.679718 ) 
4 849 851 (7947.135254 1315.938110 -352 ) (7936 1315.937988 -352 ) (7936 1516 -401.908966 ) (7967.804199 1516 -401.908905 ) 
4 849 850 (8192 1315.940430 -352 ) (8071.573242 1315.939331 -352 ) (8092.259766 1516 -401.908600 ) (8192 1516 -401.908356 ) 
4 850 853 (8075.900391 1342.300171 -424.537720 ) (8045.780273 1050.980469 -352 ) (8071.572266 1315.929688 -352 ) (8075.899902 1357.779663 -362.440216 ) 
4 850 852 (8093.859375 1516 -467.788452 ) (8076 1343.269531 -424.779083 ) (8076 1358.748779 -362.681976 ) (8092.259766 1516 -401.910950 ) 
4 851 864 (7936 1201.458252 -352 ) (7936 1216 -352 ) (7936 1216 -393.091064 ) (7936 1192.663940 -387.280457 ) 
5 851 859 (7936 1216 -352 ) (7936 1315.934814 -352 ) (7936 1344 -359.001343 ) (7936 1344 -424.962708 ) (7936 1216 -393.091064 ) 
5 851 853 (7936 1192.655396 -387.277466 ) (7952 1347.550049 -425.845642 ) (7952 1363.029053 -363.750732 ) (7947.134277 1315.925781 -352 ) (7936 1201.450928 -352 ) 
4 851 852 (7952.101074 1348.519775 -426.087067 ) (7969.402344 1516 -467.788971 ) (7967.804688 1516 -401.911926 ) (7952.100586 1363.998291 -363.992523 ) 
3 853 864 (7936 1050.973755 -352 ) (7936 1201.458252 -352 ) (7936 1192.663940 -387.280457 ) 
4 854 1046 (7168 1344 -256 ) (7168 1408 -256 ) (7168 1408 -352 ) (7168 1344 -352 ) 
4 854 860 (7168 1344 -272 ) (7168 1344 -352 ) (7596 1344 -352 ) (7596 1344 -272 ) 
4 854 857 (7596 1344 -256 ) (7168 1344 -256 ) (7168 1344 -272 ) (7596 1344 -272 ) 
4 854 855 (7168 1408 -352 ) (7596 1408 -352 ) (7596 1344 -352 ) (7168 1344 -352 ) 
4 855 1048 (7168 1408 -352 ) (7168 1408 -512 ) (7168 1344 -512 ) (7168 1344 -352 ) 
4 855 861 (7168 1344 -512 ) (7596 1344 -512 ) (7596 1344 -352 ) (7168 1344 -352 ) 
4 856 862 (7936 1216 -272 ) (7936 1216 -256 ) (7872 1216 -256 ) (7872 1216 -272 ) 
3 856 858 (7936 1216 -272 ) (7872 1216 -272 ) (7936 1344 -272 ) 
4 857 1046 (7168 1216 -256 ) (7168 1344 -256 ) (7168 1344 -272 ) (7168 1216 -272 ) 
4 857 866 (7596 1216 -256 ) (7168 1216 -256 ) (7168 1216 -272 ) (7596 1216 -272 ) 
4 857 860 (7596 1216 -272 ) (7168 1216 -272 ) (7168 1344 -272 ) (7596 1344 -272 ) 
4 858 862 (7936 1216 -352 ) (7936 1216 -272 ) (7872 1216 -272 ) (7872 1216 -352 ) 
3 858 859 (7936 1216 -352 ) (7872 1216 -352 ) (7936 1344 -352 ) 
4 859 864 (7872 1216 -512 ) (7936 1216 -512 ) (7936 1216 -352 ) (7872 1216 -352 ) 
4 860 1046 (7168 1344 -272 ) (7168 1344 -352 ) (7168 1216 -352 ) (7168 1216 -272 ) 
4 860 866 (7596 1216 -272 ) (7168 1216 -272 ) (7168 1216 -352 ) (7596 1216 -352 ) 
4 860 861 (7168 1344 -352 ) (7680 1344 -352 ) (7680 1216 -352 ) (7168 1216 -352 ) 
4 861 1048 (7168 1344 -352 ) (7168 1344 -512 ) (7168 1216 -512 ) (7168 1216 -352 ) 
4 861 867 (7168 1216 -512 ) (7596 1216 -512 ) (7596 1216 -352 ) (7168 1216 -352 ) 
4 862 920 (7936 1024 -256 ) (7820 1024 -256 ) (7820 1024 -352 ) (7936 1024 -352 ) 
4 862 864 (7820 1216 -352 ) (7936 1216 -352 ) (7936 1024 -352 ) (7820 1024 -352 ) 
4 862 863 (7820 1160 -352 ) (7820 1024 -352 ) (7820 1024 -256 ) (7820 1160 -256 ) 
4 863 921 (7820 1024 -256 ) (7596 1024 -256 ) (7596 1024 -352 ) (7820 1024 -352 ) 
4 863 866 (7596 1160 -352 ) (7596 1024 -352 ) (7596 1024 -256 ) (7596 1160 -256 ) 
4 863 865 (7596 1024 -352 ) (7596 1160 -352 ) (7820 1160 -352 ) (7820 1024 -352 ) 
4 864 923 (7820 1024 -512 ) (7936 1024 -512 ) (7936 1024 -352 ) (7820 1024 -352 ) 
4 864 865 (7820 1024 -352 ) (7820 1160 -352 ) (7820 1160 -512 ) (7820 1024 -512 ) 
4 865 924 (7596 1024 -352 ) (7596 1024 -512 ) (7820 1024 -512 ) (7820 1024 -352 ) 
4 865 867 (7596 1160 -512 ) (7596 1024 -512 ) (7596 1024 -352 ) (7596 1160 -352 ) 
4 866 1046 (7168 1024 -352 ) (7168 1024 -256 ) (7168 1216 -256 ) (7168 1216 -352 ) 
4 866 922 (7596 1024 -256 ) (7168 1024 -256 ) (7168 1024 -352 ) (7596 1024 -352 ) 
4 866 867 (7168 1024 -352 ) (7168 1216 -352 ) (7596 1216 -352 ) (7596 1024 -352 ) 
4 867 1048 (7168 1024 -512 ) (7168 1024 -352 ) (7168 1216 -352 ) (7168 1216 -512 ) 
4 867 925 (7168 1024 -352 ) (7168 1024 -512 ) (7596 1024 -512 ) (7596 1024 -352 ) 
4 868 934 (9216 0 0 ) (9216 0 896 ) (8192 0 896 ) (8192 0 0 ) 
4 868 912 (8192 280 0 ) (8192 0 0 ) (8192 0 896 ) (8192 280 896 ) 
4 868 882 (8192 1024 896 ) (8192 1024 0 ) (8192 280 0 ) (8192 280 896 ) 
4 868 869 (8192 280 0 ) (8192 1024 0 ) (9216 1024 0 ) (9216 280 0 ) 
4 869 883 (8192 1024 -40 ) (8192 1024 -128 ) (8192 280 -128 ) (8192 280 -40 ) 
4 869 882 (8192 1024 0 ) (8192 1024 -40 ) (8192 280 -40 ) (8192 280 0 ) 
4 869 870 (9216 280 -128 ) (8192 280 -128 ) (8192 1024 -128 ) (9216 1024 -128 ) 
4 870 884 (8192 1024 -128 ) (8192 1024 -256 ) (8192 280 -256 ) (8192 280 -128 ) 
4 870 877 (8658.144531 795.012573 -256 ) (8654.138672 791.742432 -256 ) (8654.128906 921.951904 -256 ) (8658.131836 921.880127 -256 ) 
3 870 875 (8810.203125 919.152466 -256 ) (8658.144531 795.012573 -256 ) (8658.131836 921.880127 -256 ) 
5 870 874 (8654.138672 791.742432 -256 ) (8497.667969 664 -256 ) (8192 664 -256 ) (8192 930.240967 -256 ) (8654.128906 921.951904 -256 ) 
4 870 873 (8192 1024 -256 ) (8938.630859 1024 -256 ) (8810.203125 919.152466 -256 ) (8192 930.240967 -256 ) 
4 870 872 (8938.630859 1024 -256 ) (9216 1024 -256 ) (9216 664 -256 ) (8497.667969 664 -256 ) 
4 870 871 (8192 280 -256 ) (8320 280 -256 ) (8320 280 -128 ) (8192 280 -128 ) 
4 871 913 (8192 280 -256 ) (8192 264 -256 ) (8192 264 -128 ) (8192 280 -128 ) 
4 872 879 (9216 664 -352 ) (9216 664 -288 ) (8504.360352 664 -288 ) (8517.744141 664 -352 ) 
4 872 877 (8653.927734 784.982422 -294.578094 ) (8654.138672 791.741638 -256 ) (8658.144531 795.011780 -256 ) (8657.930664 788.168884 -295.055542 ) 
4 872 876 (8657.619141 778.191772 -352 ) (8653.613281 774.921631 -352 ) (8653.857422 782.732666 -307.418579 ) (8657.860352 785.919189 -307.895721 ) 
4 872 875 (8809.648438 902.307495 -352 ) (8657.619141 778.191772 -352 ) (8658.144531 795.011780 -256 ) (8810.204102 919.152466 -256 ) 
4 872 874 (8653.613281 774.921631 -352 ) (8517.746094 664 -352 ) (8497.668945 664 -256 ) (8654.138672 791.741638 -256 ) 
4 872 873 (8958.708984 1024 -352 ) (8809.648438 902.307495 -352 ) (8810.204102 919.152466 -256 ) (8938.631836 1024 -256 ) 
4 872 878 (9216 664 -352 ) (8517.744141 664 -352 ) (8958.708008 1024 -352 ) (9216 1024 -352 ) 
4 873 916 (8192 1024 -288 ) (8192 1024 -352 ) (8192 913.385986 -352 ) (8192 924.622620 -288 ) 
4 873 915 (8192 1024 -256 ) (8192 1024 -288 ) (8192 924.622620 -288 ) (8192 930.240967 -256 ) 
4 873 877 (8657.821289 911.926636 -312.724091 ) (8658.131836 921.880249 -256 ) (8654.128906 921.952026 -256 ) (8653.818359 912 -312.712097 ) 
4 873 876 (8653.603516 905.106506 -352 ) (8657.606445 905.034729 -352 ) (8657.750977 909.673645 -325.563446 ) (8653.748047 909.747498 -325.551788 ) 
4 873 875 (8657.606445 905.034729 -352 ) (8809.645508 902.307617 -352 ) (8810.202148 919.152588 -256 ) (8658.131836 921.880249 -256 ) 
4 873 874 (8192 913.386108 -352 ) (8653.603516 905.106506 -352 ) (8654.128906 921.952026 -256 ) (8192 930.241028 -256 ) 
4 873 878 (8192 913.385986 -352 ) (8192 1024 -352 ) (8958.708008 1024 -352 ) (8809.646484 902.307495 -352 ) 
4 874 916 (8192 913.385986 -352 ) (8192 664 -352 ) (8192 664 -288 ) (8192 924.622620 -288 ) 
4 874 915 (8192 664 -288 ) (8192 664 -256 ) (8192 930.240967 -256 ) (8192 924.622620 -288 ) 
4 874 879 (8192 664 -288 ) (8192 664 -352 ) (8517.744141 664 -352 ) (8504.360352 664 -288 ) 
4 874 877 (8654.136719 791.741211 -256 ) (8653.925781 784.981934 -294.578003 ) (8653.816406 912.001404 -312.712219 ) (8654.126953 921.952942 -256 ) 
4 874 876 (8653.855469 782.732117 -307.418488 ) (8653.611328 774.920898 -352 ) (8653.601562 905.107422 -352 ) (8653.746094 909.748352 -325.551910 ) 
5 874 878 (8517.744141 664 -352 ) (8192 664 -352 ) (8192 913.385986 -352 ) (8653.603516 905.106384 -352 ) (8653.613281 774.923218 -352 ) 
4 875 877 (8658.130859 921.880859 -256 ) (8657.820312 911.927124 -312.724152 ) (8657.929688 788.170471 -295.055786 ) (8658.143555 795.013428 -256 ) 
4 875 876 (8657.750000 909.674133 -325.563507 ) (8657.605469 905.035156 -352 ) (8657.618164 778.193359 -352 ) (8657.859375 785.920776 -307.895935 ) 
3 875 878 (8657.606445 905.034607 -352 ) (8809.646484 902.307495 -352 ) (8657.619141 778.193359 -352 ) 
4 876 878 (8653.603516 905.106384 -352 ) (8657.606445 905.034607 -352 ) (8657.619141 778.193359 -352 ) (8653.613281 774.923218 -352 ) 
4 878 917 (8192 1024 -352 ) (8192 1024 -416 ) (8192 664 -416 ) (8192 664 -352 ) 
4 878 880 (8192 664 -416 ) (8192 1024 -416 ) (9216 1024 -416 ) (9216 664 -416 ) 
4 878 879 (8192 664 -416 ) (9216 664 -416 ) (9216 664 -352 ) (8192 664 -352 ) 
4 879 917 (8192 664 -416 ) (8192 616 -416 ) (8192 616 -352 ) (8192 664 -352 ) 
4 879 916 (8192 616 -352 ) (8192 616 -288 ) (8192 664 -288 ) (8192 664 -352 ) 
4 879 880 (8192 616 -416 ) (8192 664 -416 ) (9216 664 -416 ) (9216 616 -416 ) 
4 880 918 (8192 1024 -416 ) (8192 1024 -480 ) (8192 432 -480 ) (8192 432 -416 ) 
4 880 881 (8192 1024 -480 ) (9216 1024 -480 ) (9216 664 -480 ) (8192 664 -480 ) 
4 881 919 (8192 1024 -480 ) (8192 1024 -512 ) (8192 696 -512 ) (8192 664 -480 ) 
4 882 912 (8192 280 0 ) (8192 280 896 ) (7596 280 896 ) (7596 280 0 ) 
4 882 902 (7596 304 896 ) (7596 672 896 ) (7596 672 0 ) (7596 304 0 ) 
4 882 901 (7596 672 896 ) (7596 1024 896 ) (7596 1024 -40 ) (7596 672 -40 ) 
4 882 903 (7596 280 -40 ) (7596 280 896 ) (7596 304 896 ) (7596 304 -40 ) 
4 882 899 (7872 280 -40 ) (7596 280 -40 ) (7596 560 -40 ) (7872 560 -40 ) 
4 882 897 (7596 560 -40 ) (7596 768 -40 ) (7664 768 -40 ) (7664 560 -40 ) 
4 882 894 (7664 768 -40 ) (7848 768 -40 ) (7848 560 -40 ) (7664 560 -40 ) 
4 882 893 (7848 768 -40 ) (7872 768 -40 ) (7872 560 -40 ) (7848 560 -40 ) 
4 882 892 (7596 768 -40 ) (7596 1024 -40 ) (7664 1024 -40 ) (7664 768 -40 ) 
4 882 891 (7664 1024 -40 ) (7680 1024 -40 ) (7680 768 -40 ) (7664 768 -40 ) 
4 882 889 (7848 768 -40 ) (7746.916016 768 -40 ) (7746.915527 832 -40 ) (7848 832 -40 ) 
4 882 888 (7872 832 -40 ) (7872 768 -40 ) (7848 768 -40 ) (7848 832 -40 ) 
4 882 887 (7746.916016 768 -40 ) (7680 768 -40 ) (7680 832 -40 ) (7746.915527 832 -40 ) 
4 882 886 (7680 1024 -40 ) (7848 1024 -40 ) (7848 832 -40 ) (7680 832 -40 ) 
4 882 885 (7848 1024 -40 ) (7872 1024 -40 ) (7872 832 -40 ) (7848 832 -40 ) 
4 882 883 (8192 280 -40 ) (7872 280 -40 ) (7872 1024 -40 ) (8192 1024 -40 ) 
4 883 899 (7872 280 -128 ) (7872 280 -40 ) (7872 560 -40 ) (7872 560 -128 ) 
4 883 893 (7872 560 -40 ) (7872 768 -40 ) (7872 768 -128 ) (7872 560 -128 ) 
4 883 888 (7872 768 -40 ) (7872 832 -40 ) (7872 832 -128 ) (7872 768 -128 ) 
4 883 885 (7872 832 -40 ) (7872 1024 -40 ) (7872 1024 -128 ) (7872 832 -128 ) 
4 883 884 (8192 280 -128 ) (7872 280 -128 ) (7872 1024 -128 ) (8192 1024 -128 ) 
3 884 926 (7936 832 -256 ) (7936 703.997070 -256 ) (7872 832 -256 ) 
4 884 920 (7872 1024 -256 ) (7936 1024 -256 ) (7936 832 -256 ) (7872 832 -256 ) 
4 884 915 (7936 1024 -256 ) (8192 1024 -256 ) (8192 664 -256 ) (7936 664 -256 ) 
4 884 913 (8064 280 -256 ) (8192 280 -256 ) (8192 280 -128 ) (8064 280 -128 ) 
4 884 900 (7872 560 -256 ) (7872 280 -256 ) (7872 280 -128 ) (7872 560 -128 ) 
4 884 895 (7872 768 -256 ) (7872 560 -256 ) (7872 560 -128 ) (7872 768 -128 ) 
4 884 888 (7872 768 -224 ) (7872 768 -128 ) (7872 832 -128 ) (7872 832 -223.993561 ) 
4 884 885 (7872 1024 -256 ) (7872 832 -256 ) (7872 832 -128 ) (7872 1024 -128 ) 
4 885 920 (7848 1024 -256 ) (7872 1024 -256 ) (7872 832 -256 ) (7848 832 -256 ) 
4 885 888 (7872 832 -223.993500 ) (7872 832 -40 ) (7848 832 -40 ) (7848 832 -157.993011 ) 
4 885 886 (7848 1024 -256 ) (7848 832 -256 ) (7848 832 -40 ) (7848 1024 -40 ) 
4 886 921 (7680 1024 -256 ) (7820 1024 -256 ) (7820 888 -256 ) (7680 888 -256 ) 
4 886 920 (7820 1024 -256 ) (7848 1024 -256 ) (7848 832 -256 ) (7820 832 -256 ) 
4 886 891 (7680 1024 -256 ) (7680 832 -256 ) (7680 832 -40 ) (7680 1024 -40 ) 
3 886 890 (7848 832 -157.993408 ) (7848 832 -136 ) (7840.002441 832 -136 ) 
4 886 889 (7848 832 -136 ) (7848 832 -40 ) (7746.915527 832 -40 ) (7712.006348 832 -136 ) 
3 886 887 (7680 832 -40 ) (7680 832 -224.017792 ) (7746.915527 832 -40 ) 
3 887 896 (7680 768 -128 ) (7680 768 -224.019211 ) (7714.916016 768 -128 ) 
4 887 894 (7746.916016 768 -40 ) (7680 768 -40 ) (7680 768 -128 ) (7714.916016 768 -128 ) 
4 887 891 (7680 768 -224.019211 ) (7680 768 -40 ) (7680 832 -40 ) (7680 832 -224.017792 ) 
4 887 889 (7746.913086 768 -40 ) (7712.003906 768 -136 ) (7712.002930 832 -136 ) (7746.912109 832 -40 ) 
4 888 895 (7872 768 -224 ) (7872 768 -128 ) (7848 768 -128 ) (7848 768 -157.998718 ) 
4 888 893 (7872 768 -128 ) (7872 768 -40 ) (7848 768 -40 ) (7848 768 -128 ) 
4 888 890 (7848 768 -157.998734 ) (7848 768 -136 ) (7848 832 -136 ) (7848 832 -157.993011 ) 
4 888 889 (7848 768 -136 ) (7848 768 -40 ) (7848 832 -40 ) (7848 832 -136 ) 
4 889 896 (7714.916016 768 -128 ) (7712.006836 768 -136 ) (7848 768 -136 ) (7848 768 -128 ) 
4 889 894 (7848 768 -40 ) (7746.916016 768 -40 ) (7714.916016 768 -128 ) (7848 768 -128 ) 
4 889 890 (7840.002441 832 -136 ) (7848 832 -136 ) (7848 768 -136 ) (7840 768 -136 ) 
3 890 896 (7848 768 -158 ) (7848 768 -136 ) (7840 768 -136 ) 
4 891 921 (7664 1024 -256 ) (7680 1024 -256 ) (7680 888 -256 ) (7664 888 -256 ) 
4 891 896 (7664 768 -128 ) (7664 768 -256 ) (7680 768 -256 ) (7680 768 -128 ) 
4 891 894 (7680 768 -40 ) (7664 768 -40 ) (7664 768 -128 ) (7680 768 -128 ) 
4 891 892 (7664 1024 -256 ) (7664 768 -256 ) (7664 768 -40 ) (7664 1024 -40 ) 
4 892 921 (7596 1024 -256 ) (7664 1024 -256 ) (7664 888 -256 ) (7596 888 -256 ) 
4 892 905 (7596 1024 -256 ) (7596 768 -256 ) (7596 768 -128 ) (7596 1024 -128 ) 
4 892 901 (7596 768 -128 ) (7596 768 -40 ) (7596 1024 -40 ) (7596 1024 -128 ) 
4 892 898 (7596 768 -128 ) (7596 768 -256 ) (7664 768 -256 ) (7664 768 -128 ) 
4 892 897 (7664 768 -40 ) (7596 768 -40 ) (7596 768 -128 ) (7664 768 -128 ) 
4 893 899 (7872 560 -128 ) (7872 560 -40 ) (7848 560 -40 ) (7848 560 -128 ) 
4 893 895 (7872 560 -128 ) (7848 560 -128 ) (7848 768 -128 ) (7872 768 -128 ) 
4 893 894 (7848 768 -40 ) (7848 768 -128 ) (7848 560 -128 ) (7848 560 -40 ) 
4 894 899 (7848 560 -40 ) (7664 560 -40 ) (7664 560 -128 ) (7848 560 -128 ) 
4 894 897 (7664 768 -40 ) (7664 768 -128 ) (7664 560 -128 ) (7664 560 -40 ) 
4 894 896 (7848 560 -128 ) (7664 560 -128 ) (7664 768 -128 ) (7848 768 -128 ) 
4 895 900 (7872 560 -256 ) (7872 560 -128 ) (7848 560 -128 ) (7848 560 -256 ) 
4 895 896 (7848 560 -256 ) (7848 560 -128 ) (7848 768 -128 ) (7848 768 -256 ) 
4 896 900 (7848 560 -128 ) (7664 560 -128 ) (7664 560 -256 ) (7848 560 -256 ) 
4 896 898 (7664 768 -128 ) (7664 768 -256 ) (7664 560 -256 ) (7664 560 -128 ) 
4 897 901 (7596 672 -40 ) (7596 768 -40 ) (7596 768 -128 ) (7596 672 -128 ) 
4 897 899 (7664 560 -40 ) (7596 560 -40 ) (7596 560 -128 ) (7664 560 -128 ) 
4 897 898 (7596 768 -128 ) (7664 768 -128 ) (7664 560 -128 ) (7596 560 -128 ) 
4 898 907 (7596 672 -208 ) (7596 672 -144 ) (7596 688 -144 ) (7596 688 -208 ) 
4 898 906 (7596 672 -144 ) (7596 672 -128 ) (7596 688 -128 ) (7596 688 -144 ) 
4 898 910 (7596 688 -256 ) (7596 672 -256 ) (7596 672 -208 ) (7596 688 -208 ) 
4 898 905 (7596 768 -256 ) (7596 688 -256 ) (7596 688 -128 ) (7596 768 -128 ) 
4 898 911 (7596 672 -256 ) (7596 560 -256 ) (7596 560 -128 ) (7596 672 -128 ) 
4 898 900 (7596 560 -128 ) (7596 560 -256 ) (7664 560 -256 ) (7664 560 -128 ) 
4 899 903 (7596 280 -128 ) (7596 280 -40 ) (7596 304 -40 ) (7596 304 -128 ) 
4 899 900 (7596 280 -128 ) (7596 560 -128 ) (7872 560 -128 ) (7872 280 -128 ) 
4 900 911 (7596 560 -256 ) (7596 280 -256 ) (7596 280 -128 ) (7596 560 -128 ) 
4 901 906 (7596 688 -128 ) (7596 672 -128 ) (7588 672 -128 ) (7588 688 -128 ) 
4 901 905 (7588 1024 -128 ) (7596 1024 -128 ) (7596 688 -128 ) (7588 688 -128 ) 
4 901 902 (7588 672 896 ) (7588 672 0 ) (7596 672 0 ) (7596 672 896 ) 
4 901 904 (7588 1024 -128 ) (7588 672 -128 ) (7588 672 896 ) (7588 1024 896 ) 
4 902 904 (7588 304 0 ) (7588 304 896 ) (7588 672 896 ) (7588 672 0 ) 
4 902 903 (7588 304 896 ) (7588 304 0 ) (7596 304 0 ) (7596 304 896 ) 
4 903 912 (7596 280 0 ) (7596 280 896 ) (7588 280 896 ) (7588 280 0 ) 
4 903 911 (7596 304 -128 ) (7596 280 -128 ) (7588 280 -128 ) (7588 304 -128 ) 
4 903 904 (7588 304 -128 ) (7588 280 -128 ) (7588 280 896 ) (7588 304 896 ) 
4 904 1053 (7168 1024 0 ) (7168 1024 -128 ) (7168 280 -128 ) (7168 280 0 ) 
4 904 1052 (7168 1024 896 ) (7168 1024 0 ) (7168 280 0 ) (7168 280 896 ) 
4 904 914 (7168 280 0 ) (7168 280 -128 ) (7416 280 -128 ) (7416 280 0 ) 
4 904 912 (7168 280 896 ) (7168 280 0 ) (7588 280 0 ) (7588 280 896 ) 
4 904 906 (7588 688 -128 ) (7588 672 -128 ) (7168 672 -128 ) (7168 688 -128 ) 
4 904 905 (7168 1024 -128 ) (7588 1024 -128 ) (7588 688 -128 ) (7168 688 -128 ) 
4 904 911 (7588 672 -128 ) (7588 280 -128 ) (7168 280 -128 ) (7168 672 -128 ) 
4 905 1053 (7168 1024 -128 ) (7168 1024 -256 ) (7168 688 -256 ) (7168 688 -128 ) 
4 905 927 (7168 768 -256 ) (7168 832 -256 ) (7596 832 -256 ) (7596 768 -256 ) 
4 905 922 (7168 832 -256 ) (7168 1024 -256 ) (7596 1024 -256 ) (7596 832 -256 ) 
4 905 908 (7428 688 -144 ) (7376 688 -144 ) (7376 688 -208 ) (7428 688 -208 ) 
4 905 909 (7296 688 -144 ) (7168 688 -144 ) (7168 688 -208 ) (7296 688 -208 ) 
4 905 907 (7596 688 -208 ) (7596 688 -144 ) (7508 688 -144 ) (7508 688 -208 ) 
4 905 906 (7596 688 -144 ) (7596 688 -128 ) (7168 688 -128 ) (7168 688 -144 ) 
4 905 910 (7168 688 -256 ) (7596 688 -256 ) (7596 688 -208 ) (7168 688 -208 ) 
4 906 1053 (7168 672 -144 ) (7168 672 -128 ) (7168 688 -128 ) (7168 688 -144 ) 
4 906 908 (7428 672 -144 ) (7376 672 -144 ) (7376 688 -144 ) (7428 688 -144 ) 
4 906 909 (7296 672 -144 ) (7168 672 -144 ) (7168 688 -144 ) (7296 688 -144 ) 
4 906 907 (7596 672 -144 ) (7508 672 -144 ) (7508 688 -144 ) (7596 688 -144 ) 
4 906 911 (7596 672 -144 ) (7596 672 -128 ) (7168 672 -128 ) (7168 672 -144 ) 
4 907 910 (7596 672 -208 ) (7508 672 -208 ) (7508 688 -208 ) (7596 688 -208 ) 
4 907 911 (7596 672 -208 ) (7596 672 -144 ) (7508 672 -144 ) (7508 672 -208 ) 
4 908 911 (7428 672 -144 ) (7376 672 -144 ) (7376 672 -208 ) (7428 672 -208 ) 
4 908 910 (7428 672 -208 ) (7376 672 -208 ) (7376 688 -208 ) (7428 688 -208 ) 
4 909 1053 (7168 672 -208 ) (7168 672 -144 ) (7168 688 -144 ) (7168 688 -208 ) 
4 909 910 (7296 672 -208 ) (7168 672 -208 ) (7168 688 -208 ) (7296 688 -208 ) 
4 909 911 (7296 672 -144 ) (7168 672 -144 ) (7168 672 -208 ) (7296 672 -208 ) 
4 910 1053 (7168 688 -256 ) (7168 672 -256 ) (7168 672 -208 ) (7168 688 -208 ) 
4 910 911 (7168 672 -256 ) (7596 672 -256 ) (7596 672 -208 ) (7168 672 -208 ) 
4 911 1053 (7168 672 -256 ) (7168 280 -256 ) (7168 280 -128 ) (7168 672 -128 ) 
4 911 914 (7168 280 -128 ) (7168 280 -256 ) (7416 280 -256 ) (7416 280 -128 ) 
4 912 1052 (7168 0 0 ) (7168 0 896 ) (7168 280 896 ) (7168 280 0 ) 
4 912 935 (7168 0 896 ) (7168 0 0 ) (8192 0 0 ) (8192 0 896 ) 
4 912 914 (7168 168 0 ) (7168 280 0 ) (7416 280 0 ) (7416 168 0 ) 
4 914 1053 (7168 168 0 ) (7168 280 0 ) (7168 280 -256 ) (7168 168 -256 ) 
4 915 926 (7936 703.997009 -256 ) (7936 832 -256 ) (7936 832 -288 ) (7936 703.997070 -288 ) 
4 915 920 (7936 832 -256 ) (7936 1024 -256 ) (7936 1024 -288 ) (7936 832 -288 ) 
4 915 916 (7936 664 -288 ) (7936 1024 -288 ) (8192 1024 -288 ) (8192 664 -288 ) 
4 916 926 (7936 703.997131 -288 ) (7936 832 -288 ) (7936 832 -352 ) (7936 703.997131 -352 ) 
4 916 920 (7936 832 -288 ) (7936 1024 -288 ) (7936 1024 -352 ) (7936 832 -352 ) 
4 916 917 (8192 616 -352 ) (7936 616 -352 ) (7936 1024 -352 ) (8192 1024 -352 ) 
4 917 929 (7936 768 -416 ) (7936 703.997009 -416 ) (7936 703.997009 -352 ) (7936 768 -352 ) 
4 917 928 (7936 832 -416 ) (7936 768 -416 ) (7936 768 -352 ) (7936 832 -352 ) 
4 917 923 (7936 1024 -352 ) (7936 1024 -416 ) (7936 832 -416 ) (7936 832 -352 ) 
4 917 918 (7936 616 -416 ) (7936 1024 -416 ) (8192 1024 -416 ) (8192 616 -416 ) 
4 918 929 (7936 703.996887 -416 ) (7936 768 -416 ) (7936 768 -480 ) (7936 703.996887 -480 ) 
4 918 928 (7936 768 -416 ) (7936 832 -416 ) (7936 832 -480 ) (7936 768 -480 ) 
4 918 923 (7936 832 -416 ) (7936 1024 -416 ) (7936 1024 -480 ) (7936 832 -480 ) 
4 918 919 (7936 664 -480 ) (7936 1024 -480 ) (8192 1024 -480 ) (8192 664 -480 ) 
4 919 929 (7936 703.996948 -480 ) (7936 768 -480 ) (7936 768 -512 ) (7936 703.996582 -512 ) 
4 919 928 (7936 768 -480 ) (7936 832 -480 ) (7936 832 -512 ) (7936 768 -512 ) 
4 919 923 (7936 832 -480 ) (7936 1024 -480 ) (7936 1024 -512 ) (7936 832 -512 ) 
4 920 926 (7936 832 -352 ) (7936 832 -256 ) (7872 832 -256 ) (7871.998535 832 -352 ) 
4 920 923 (7936 832 -352 ) (7820 832 -352 ) (7820 1024 -352 ) (7936 1024 -352 ) 
4 920 921 (7820 1024 -352 ) (7820 888 -352 ) (7820 888 -256 ) (7820 1024 -256 ) 
4 921 924 (7596 888 -352 ) (7596 1024 -352 ) (7820 1024 -352 ) (7820 888 -352 ) 
4 921 922 (7596 1024 -352 ) (7596 888 -352 ) (7596 888 -256 ) (7596 1024 -256 ) 
4 922 1054 (7168 832 -256 ) (7168 1024 -256 ) (7168 1024 -352 ) (7168 832 -352 ) 
4 922 927 (7596 832 -256 ) (7168 832 -256 ) (7168 832 -352 ) (7596 832 -352 ) 
4 922 925 (7596 832 -352 ) (7168 832 -352 ) (7168 1024 -352 ) (7596 1024 -352 ) 
4 923 928 (7871.998535 832 -512 ) (7936 832 -512 ) (7936 832 -352 ) (7872 832 -352 ) 
4 923 924 (7820 1024 -512 ) (7820 888 -512 ) (7820 888 -352 ) (7820 1024 -352 ) 
4 924 925 (7596 1024 -512 ) (7596 888 -512 ) (7596 888 -352 ) (7596 1024 -352 ) 
4 925 1055 (7168 1024 -352 ) (7168 1024 -512 ) (7168 832 -512 ) (7168 832 -352 ) 
4 925 930 (7168 832 -512 ) (7596 832 -512 ) (7596 832 -352 ) (7168 832 -352 ) 
3 926 929 (7936 768 -352 ) (7936 703.997070 -352 ) (7903.998535 768 -352 ) 
4 926 928 (7871.998535 832 -352 ) (7936 832 -352 ) (7936 768 -352 ) (7903.998535 768 -352 ) 
4 927 1054 (7168 768 -256 ) (7168 832 -256 ) (7168 832 -352 ) (7168 768 -352 ) 
4 927 930 (7168 768 -352 ) (7168 832 -352 ) (7596 832 -352 ) (7596 768 -352 ) 
4 928 929 (7903.998535 768 -512 ) (7936 768 -512 ) (7936 768 -352 ) (7903.998535 768 -352 ) 
4 930 1055 (7168 768 -352 ) (7168 832 -352 ) (7168 832 -512 ) (7168 768 -512 ) 
4 931 932 (11264 0 1024 ) (11264 0 0 ) (11264 -512 0 ) (11264 -512 1024 ) 
4 932 933 (10240 0 1024 ) (10240 0 0 ) (10240 -512 0 ) (10240 -512 1024 ) 
4 933 937 (10240 -1024 0 ) (10240 -1024 1024 ) (9216 -1024 1024 ) (9216 -1024 0 ) 
4 933 934 (9216 0 896 ) (9216 0 0 ) (9216 -1024 0 ) (9216 -1024 896 ) 
4 934 938 (9216 -1024 0 ) (9216 -1024 896 ) (8192 -1024 896 ) (8192 -1024 0 ) 
4 934 936 (8192 -1024 0 ) (8192 -1024 896 ) (8192 -512 896 ) (8192 -512 0 ) 
4 934 935 (8192 -512 896 ) (8192 0 896 ) (8192 0 0 ) (8192 -512 0 ) 
4 935 1069 (7168 -512 0 ) (7168 -512 896 ) (7168 0 896 ) (7168 0 0 ) 
4 935 936 (8192 -512 0 ) (8192 -512 896 ) (7168 -512 896 ) (7168 -512 0 ) 
4 936 1070 (7168 -1024 0 ) (7168 -1024 896 ) (7168 -512 896 ) (7168 -512 0 ) 
4 936 939 (7168 -1024 896 ) (7168 -1024 0 ) (8192 -1024 0 ) (8192 -1024 896 ) 
4 937 938 (9216 -1024 896 ) (9216 -1024 0 ) (9216 -1472 0 ) (9216 -1472 896 ) 
4 938 939 (8192 -1024 896 ) (8192 -1024 0 ) (8192 -1472 0 ) (8192 -1472 896 ) 
4 939 1075 (7168 -1536 896 ) (7168 -1024 896 ) (7168 -1024 0 ) (7168 -1536 0 ) 
4 940 941 (7168 5120 -116 ) (7168 5120 896 ) (6768 5120 896 ) (6768 5120 -116 ) 
4 941 946 (7168 4608 -116 ) (7168 4608 128 ) (7040 4608 128 ) (7040 4608 -116 ) 
4 941 947 (7040 4608 128 ) (6768 4608 128 ) (6768 4608 -116 ) (7040 4608 -116 ) 
4 941 942 (7168 4608 128 ) (7168 4608 896 ) (7164 4608 896 ) (7164 4608 128 ) 
4 941 945 (7164 4608 896 ) (6768 4608 896 ) (6768 4608 128 ) (7164 4608 128 ) 
4 942 946 (7164 4608 128 ) (7168 4608 128 ) (7168 4448 128 ) (7164 4448 128 ) 
4 942 944 (7164 4320 136 ) (7164 4320 128 ) (7168 4320 128 ) (7168 4320 136 ) 
4 942 943 (7164 4320 896 ) (7164 4320 136 ) (7168 4320 136 ) (7168 4320 896 ) 
4 942 945 (7164 4608 128 ) (7164 4320 128 ) (7164 4320 896 ) (7164 4608 896 ) 
4 943 949 (7168 4096 136 ) (7168 4096 896 ) (7164 4096 896 ) (7164 4096 136 ) 
4 943 945 (7164 4096 136 ) (7164 4096 896 ) (7164 4320 896 ) (7164 4320 136 ) 
4 943 944 (7164 4096 136 ) (7164 4320 136 ) (7168 4320 136 ) (7168 4096 136 ) 
4 944 950 (7168 4096 128 ) (7168 4096 136 ) (7164 4096 136 ) (7164 4096 128 ) 
4 944 945 (7164 4320 128 ) (7164 4096 128 ) (7164 4096 136 ) (7164 4320 136 ) 
4 945 951 (7164 4096 896 ) (6144 4096 896 ) (6144 4096 128 ) (7164 4096 128 ) 
4 945 948 (6144 4096 128 ) (6144 4096 896 ) (6144 4608 896 ) (6144 4608 128 ) 
4 945 946 (7040 4608 128 ) (7164 4608 128 ) (7164 4448 128 ) (7040 4448 128 ) 
4 945 947 (6144 4096 128 ) (6144 4608 128 ) (7040 4608 128 ) (7040 4096 128 ) 
4 946 947 (7040 4608 -512 ) (7040 4448 -512 ) (7040 4448 128 ) (7040 4608 128 ) 
4 947 952 (7040 4096 128 ) (6144 4096 128 ) (6144 4096 -512 ) (7040 4096 -512 ) 
4 947 948 (6144 4096 -512 ) (6144 4096 128 ) (6144 4608 128 ) (6144 4608 -512 ) 
4 948 1020 (5120 4096 -512 ) (5120 4096 896 ) (5120 4608 896 ) (5120 4608 -512 ) 
4 948 978 (5636 4096 896 ) (5120 4096 896 ) (5120 4096 -512 ) (5636 4096 -512 ) 
4 948 976 (6144 4096 -512 ) (6144 4096 -128 ) (5636 4096 -128 ) (5636 4096 -512 ) 
4 948 974 (6144 4096 -128 ) (6144 4096 896 ) (5636 4096 896 ) (5636 4096 -128 ) 
4 949 953 (7168 4064 136 ) (7168 4064 896 ) (7164 4064 896 ) (7164 4064 136 ) 
4 949 951 (7164 4064 136 ) (7164 4064 896 ) (7164 4096 896 ) (7164 4096 136 ) 
4 949 950 (7168 4064 136 ) (7164 4064 136 ) (7164 4096 136 ) (7168 4096 136 ) 
4 950 954 (7164 4064 128 ) (7168 4064 128 ) (7168 4064 136 ) (7164 4064 136 ) 
4 950 951 (7164 4096 128 ) (7164 4064 128 ) (7164 4064 136 ) (7164 4096 136 ) 
4 951 974 (6144 4096 896 ) (6144 4096 128 ) (6144 4064 128 ) (6144 4064 896 ) 
4 951 967 (6144 4064 896 ) (6144 4064 128 ) (6980 4064 128 ) (6980 4064 896 ) 
4 951 955 (6980 4064 128 ) (7164 4064 128 ) (7164 4064 896 ) (6980 4064 896 ) 
4 951 952 (7040 4064 128 ) (6144 4064 128 ) (6144 4096 128 ) (7040 4096 128 ) 
4 952 976 (6144 4096 -128 ) (6144 4096 -512 ) (6144 4064 -512 ) (6144 4064 -128 ) 
4 952 974 (6144 4096 128 ) (6144 4096 -128 ) (6144 4064 -128 ) (6144 4064 128 ) 
4 952 968 (6656 4064 -128 ) (6980 4064 -128 ) (6980 4064 0 ) (6656 4064 0 ) 
4 952 967 (6144 4064 128 ) (6144 4064 0 ) (6980 4064 0 ) (6980 4064 128 ) 
4 953 956 (7168 3936 136 ) (7168 3936 896 ) (7164 3936 896 ) (7164 3936 136 ) 
4 953 955 (7164 3936 136 ) (7164 3936 896 ) (7164 4064 896 ) (7164 4064 136 ) 
4 953 954 (7168 3936 136 ) (7164 3936 136 ) (7164 4064 136 ) (7168 4064 136 ) 
4 954 957 (7164 3936 128 ) (7168 3936 128 ) (7168 3936 136 ) (7164 3936 136 ) 
4 954 955 (7164 4064 128 ) (7164 3936 128 ) (7164 3936 136 ) (7164 4064 136 ) 
4 955 967 (6980 4064 896 ) (6980 4064 128 ) (6980 3936 128 ) (6980 3936 896 ) 
4 955 958 (6980 3936 896 ) (6980 3936 128 ) (7164 3936 128 ) (7164 3936 896 ) 
4 956 961 (7168 3232 136 ) (7168 3232 896 ) (7164 3232 896 ) (7164 3232 136 ) 
4 956 958 (7164 3232 136 ) (7164 3232 896 ) (7164 3936 896 ) (7164 3936 136 ) 
4 956 957 (7168 3232 136 ) (7164 3232 136 ) (7164 3936 136 ) (7168 3936 136 ) 
4 957 962 (7164 3232 128 ) (7168 3232 128 ) (7168 3232 136 ) (7164 3232 136 ) 
4 957 958 (7164 3936 128 ) (7164 3232 128 ) (7164 3232 136 ) (7164 3936 136 ) 
4 958 967 (6980 3232 128 ) (6980 3232 896 ) (6980 3936 896 ) (6980 3936 128 ) 
4 958 965 (6980 3232 896 ) (6980 3232 128 ) (7164 3232 128 ) (7164 3232 896 ) 
4 959 960 (6988 3232 -512 ) (6988 3232 -80 ) (6988 3936 -80 ) (6988 3936 -512 ) 
4 960 969 (6980 3936 -512 ) (6980 3232 -512 ) (6980 3232 -128 ) (6980 3936 -128 ) 
4 960 968 (6980 3232 -128 ) (6980 3232 -80 ) (6980 3936 -80 ) (6980 3936 -128 ) 
4 961 965 (7164 3168 136 ) (7164 3168 896 ) (7164 3232 896 ) (7164 3232 136 ) 
4 961 964 (7164 3168 896 ) (7164 3168 136 ) (7168 3168 136 ) (7168 3168 896 ) 
4 961 962 (7168 3168 136 ) (7164 3168 136 ) (7164 3232 136 ) (7168 3232 136 ) 
4 962 963 (7168 3168 128 ) (7164 3168 128 ) (7164 3232 128 ) (7168 3232 128 ) 
4 962 965 (7164 3168 128 ) (7164 3168 136 ) (7164 3232 136 ) (7164 3232 128 ) 
4 962 964 (7164 3168 136 ) (7164 3168 128 ) (7168 3168 128 ) (7168 3168 136 ) 
4 963 964 (7164 3168 128 ) (7164 3168 0 ) (7168 3168 0 ) (7168 3168 128 ) 
4 963 965 (7164 3232 0 ) (7164 3168 0 ) (7164 3168 128 ) (7164 3232 128 ) 
4 964 979 (7168 3072 512 ) (7168 3072 896 ) (7164 3072 896 ) (7164 3072 512 ) 
4 964 966 (7168 3104 0 ) (7168 3072 0 ) (7164 3072 0 ) (7164 3104 0 ) 
4 964 965 (7164 3168 0 ) (7164 3072 0 ) (7164 3072 896 ) (7164 3168 896 ) 
4 965 985 (7116 3072 896 ) (6980 3072 896 ) (6980 3072 0 ) (7116 3072 0 ) 
4 965 980 (7132 3072 896 ) (7116 3072 896 ) (7116 3072 512 ) (7132 3072 512 ) 
4 965 979 (7164 3072 896 ) (7132 3072 896 ) (7132 3072 512 ) (7164 3072 512 ) 
4 965 967 (6980 3072 0 ) (6980 3072 896 ) (6980 3232 896 ) (6980 3232 0 ) 
4 965 966 (6980 3072 0 ) (6980 3104 0 ) (7164 3104 0 ) (7164 3072 0 ) 
4 966 999 (7168 3072 -512 ) (7168 3072 -256 ) (7040 3072 -256 ) (7040 3072 -512 ) 
4 966 990 (7040 3072 -128 ) (6980 3072 -128 ) (6980 3072 -256 ) (7040 3072 -256 ) 
4 966 986 (7040 3072 0 ) (6980 3072 0 ) (6980 3072 -128 ) (7040 3072 -128 ) 
4 966 968 (6980 3072 -128 ) (6980 3072 0 ) (6980 3104 0 ) (6980 3104 -128 ) 
4 967 985 (6144 3072 896 ) (6144 3072 0 ) (6980 3072 0 ) (6980 3072 896 ) 
4 967 975 (6144 3072 0 ) (6144 3072 896 ) (6144 4064 896 ) (6144 4064 0 ) 
4 967 968 (6656 4064 0 ) (6980 4064 0 ) (6980 3072 0 ) (6656 3072 0 ) 
4 968 986 (6656 3072 -128 ) (6980 3072 -128 ) (6980 3072 0 ) (6656 3072 0 ) 
3 968 973 (6784.005371 3193.001953 -128 ) (6828.693359 3216.869629 -128 ) (6879.997559 3222 -128 ) 
3 968 972 (6696 3145.998779 -128 ) (6775.944336 3211.594727 -128 ) (6828.693359 3216.869629 -128 ) 
3 968 970 (6656 3113.178467 -128 ) (6656 3199.600342 -128 ) (6775.944336 3211.594727 -128 ) 
5 968 969 (6980 3936 -128 ) (6980 3232 -128 ) (6656 3199.600342 -128 ) (6656 3924.134766 -128 ) (6755.998047 3936 -128 ) 
4 969 977 (6144 3148.400635 -128 ) (6144 3785.782227 -128 ) (6144 3785.782227 -512 ) (6144 3148.400635 -512 ) 
4 969 973 (6828.694336 3216.870117 -512 ) (6880 3222 -512 ) (6880 3222 -128 ) (6828.694336 3216.870117 -128 ) 
4 969 972 (6775.944824 3211.595215 -512 ) (6828.694336 3216.870117 -512 ) (6828.694336 3216.870117 -128 ) (6775.944824 3211.595215 -128 ) 
4 969 970 (6144 3148.401367 -512 ) (6775.944824 3211.595215 -512 ) (6775.944824 3211.595215 -128 ) (6144 3148.401367 -128 ) 
4 970 1002 (6503.199707 3072 -512 ) (6605.813477 3072 -512 ) (6605.813477 3072 -256 ) (6503.199707 3072 -256 ) 
4 970 1001 (6144 3072 -256 ) (6144 3072 -512 ) (6503.199707 3072 -512 ) (6503.199707 3072 -256 ) 
4 970 991 (6144 3072 -128 ) (6144 3072 -256 ) (6605.813477 3072 -256 ) (6605.813477 3072 -128 ) 
4 970 977 (6144 3072 -512 ) (6144 3072 -128 ) (6144 3148.400635 -128 ) (6144 3148.400635 -512 ) 
4 970 972 (6695.981445 3145.989014 -512 ) (6775.941406 3211.597656 -512 ) (6775.941406 3211.597656 -128 ) (6695.980469 3145.988525 -128 ) 
4 970 971 (6605.808105 3072 -512 ) (6618.009277 3082.011230 -512 ) (6618.010254 3082.012695 -128 ) (6605.807129 3072 -128 ) 
4 971 1002 (6605.813477 3072 -512 ) (6609.794434 3072 -512 ) (6609.794434 3072 -256 ) (6605.813477 3072 -256 ) 
4 971 991 (6609.794434 3072 -256 ) (6609.794434 3072 -128 ) (6605.813477 3072 -128 ) (6605.813477 3072 -256 ) 
4 972 973 (6784.020020 3193.006592 -512 ) (6828.700684 3216.870117 -512 ) (6828.700684 3216.870117 -128 ) (6784.019531 3193.006592 -128 ) 
4 974 978 (5636 4096 896 ) (5636 4096 -128 ) (5636 4064 -128 ) (5636 4064 896 ) 
4 974 976 (5636 4064 -128 ) (5636 4096 -128 ) (6144 4096 -128 ) (6144 4064 -128 ) 
4 974 975 (6144 4064 0 ) (6144 4064 896 ) (5636 4064 896 ) (5636 4064 0 ) 
4 975 1007 (6144 3072 0 ) (6144 3072 896 ) (5636 3072 896 ) (5636 3072 0 ) 
4 975 978 (5636 3072 0 ) (5636 3072 896 ) (5636 4064 896 ) (5636 4064 0 ) 
4 976 978 (5636 4096 -128 ) (5636 4096 -512 ) (5636 4064 -512 ) (5636 4064 -128 ) 
4 977 1012 (6144 3072 -512 ) (6144 3072 -256 ) (5779.188477 3072 -256 ) (5779.188477 3072 -512 ) 
4 977 1009 (6144 3072 -256 ) (6144 3072 -128 ) (5779.188477 3072 -128 ) (5779.188477 3072 -256 ) 
4 978 1022 (5120 3072 -512 ) (5120 3072 896 ) (5120 4096 896 ) (5120 4096 -512 ) 
4 978 1011 (5120 3072 -128 ) (5120 3072 -256 ) (5636 3072 -256 ) (5636 3072 -128 ) 
4 978 1008 (5120 3072 0 ) (5120 3072 -128 ) (5636 3072 -128 ) (5636 3072 0 ) 
4 978 1007 (5120 3072 896 ) (5120 3072 0 ) (5636 3072 0 ) (5636 3072 896 ) 
4 979 1028 (7168 2048 512 ) (7168 2048 896 ) (7132 2048 896 ) (7132 2048 512 ) 
4 979 980 (7132 3072 896 ) (7132 3072 512 ) (7132 2048 512 ) (7132 2048 896 ) 
4 980 1028 (7116 2048 896 ) (7116 2048 512 ) (7132 2048 512 ) (7132 2048 896 ) 
4 980 985 (7116 2048 512 ) (7116 2048 896 ) (7116 3072 896 ) (7116 3072 512 ) 
4 980 984 (7116 2112 512 ) (7116 2272 512 ) (7132 2272 512 ) (7132 2112 512 ) 
4 980 982 (7116 2624 512 ) (7116 2784 512 ) (7132 2784 512 ) (7132 2624 512 ) 
4 980 983 (7116 2336 512 ) (7116 2496 512 ) (7132 2496 512 ) (7132 2336 512 ) 
4 980 981 (7116 2848 512 ) (7116 3008 512 ) (7132 3008 512 ) (7132 2848 512 ) 
4 981 985 (7116 3008 0 ) (7116 2848 0 ) (7116 2848 512 ) (7116 3008 512 ) 
4 982 985 (7116 2784 0 ) (7116 2624 0 ) (7116 2624 512 ) (7116 2784 512 ) 
4 983 985 (7116 2496 0 ) (7116 2336 0 ) (7116 2336 512 ) (7116 2496 512 ) 
4 984 985 (7116 2272 0 ) (7116 2112 0 ) (7116 2112 512 ) (7116 2272 512 ) 
4 985 1028 (6144 2048 896 ) (6144 2048 0 ) (7116 2048 0 ) (7116 2048 896 ) 
4 985 1013 (6144 2720 0 ) (6144 2048 0 ) (6144 2048 896 ) (6144 2720 896 ) 
4 985 1007 (6144 3072 896 ) (6144 3072 0 ) (6144 2720 0 ) (6144 2720 896 ) 
4 985 988 (6144 2208 0 ) (6144 2720 0 ) (6468 2720 0 ) (6596 2208 0 ) 
4 985 989 (6628 2048 0 ) (6144 2048 0 ) (6144 2080 0 ) (6628 2080 0 ) 
4 985 987 (6628 2304 0 ) (6628 2720 0 ) (6656 2720 0 ) (6656 2304 0 ) 
4 985 986 (6656 3072 0 ) (7040 3072 0 ) (7040 2304 0 ) (6656 2304 0 ) 
4 986 996 (7040 2720 -128 ) (7040 2304 -128 ) (6656 2304 -128 ) (6656 2720 -128 ) 
4 986 990 (6980 3072 -128 ) (7040 3072 -128 ) (7040 2720 -128 ) (6980 2720 -128 ) 
4 986 987 (6656 2720 -128 ) (6656 2304 -128 ) (6656 2304 0 ) (6656 2720 0 ) 
4 987 996 (6628 2304 -128 ) (6628 2720 -128 ) (6656 2720 -128 ) (6656 2304 -128 ) 
4 988 1014 (6144 2720 -128 ) (6144 2208 -128 ) (6144 2208 0 ) (6144 2720 0 ) 
4 988 997 (6144 2208 -128 ) (6144 2720 -128 ) (6468 2720 -128 ) (6596 2208 -128 ) 
4 989 1044 (6628 2048 0 ) (6144 2048 0 ) (6144 2048 -128 ) (6628 2048 -128 ) 
4 989 1019 (6144 2080 -128 ) (6144 2048 -128 ) (6144 2048 0 ) (6144 2080 0 ) 
4 989 998 (6628 2048 -128 ) (6144 2048 -128 ) (6144 2080 -128 ) (6628 2080 -128 ) 
4 990 996 (6980 2720 -256 ) (7040 2720 -256 ) (7040 2720 -128 ) (6980 2720 -128 ) 
4 991 1009 (6144 3072 -128 ) (6144 3072 -256 ) (6144 2848 -256 ) (6144 2848 -128 ) 
3 991 1002 (6503.200195 3072 -256 ) (6609.794922 3072 -256 ) (6488.405762 2924.058105 -256 ) 
5 991 1001 (6144 2848 -256 ) (6144 3072 -256 ) (6503.200195 3072 -256 ) (6488.405762 2924.058105 -256 ) (6426 2848 -256 ) 
4 991 994 (6144 2848 -256 ) (6426 2848 -256 ) (6426 2848 -192 ) (6144 2848 -192 ) 
4 991 993 (6521.689941 2964.626221 -256 ) (6554.004883 3004.009521 -256 ) (6554.004883 3004.009521 -128 ) (6521.689941 2964.626221 -128 ) 
4 991 992 (6425.996094 2848 -128 ) (6425.996094 2848 -256 ) (6521.689941 2964.626221 -256 ) (6521.689941 2964.626221 -128 ) 
4 992 1004 (6486.458496 2848 -256 ) (6480.800293 2848 -256 ) (6483.131348 2871.310547 -256 ) (6507.001465 2916.003174 -256 ) 
4 992 1003 (6483.131348 2871.310547 -256 ) (6488.405762 2924.057861 -256 ) (6521.687988 2964.620361 -256 ) (6507.001465 2916.003174 -256 ) 
3 992 1001 (6480.800293 2848 -256 ) (6426 2848 -256 ) (6488.405762 2924.057861 -256 ) 
4 992 994 (6426 2848 -256 ) (6486.458496 2848 -256 ) (6486.458496 2848 -192 ) (6426 2848 -192 ) 
4 992 993 (6506.998535 2915.996582 -256 ) (6521.687500 2964.621094 -256 ) (6521.687500 2964.621094 -128 ) (6506.998535 2915.996582 -128 ) 
3 993 1003 (6507 2916 -256 ) (6521.687988 2964.620361 -256 ) (6554 3004 -256 ) 
4 994 1010 (6144 2848 -256 ) (6144 2720 -256 ) (6144 2720 -192 ) (6144 2848 -192 ) 
3 994 1004 (6480.799805 2848 -256 ) (6486.458496 2848 -256 ) (6478 2820 -256 ) 
5 994 1001 (6144 2720 -256 ) (6144 2848 -256 ) (6480.799805 2848 -256 ) (6478 2820 -256 ) (6447.791992 2720 -256 ) 
4 994 997 (6144 2720 -256 ) (6447.791992 2720 -256 ) (6447.791992 2720 -192 ) (6144 2720 -192 ) 
4 994 995 (6447.792480 2720 -192 ) (6447.792480 2720 -256 ) (6478 2819.997070 -256 ) (6478 2819.997070 -192 ) 
3 995 1001 (6468 2720 -256 ) (6447.791992 2720 -256 ) (6478 2820 -256 ) 
4 995 997 (6447.791992 2720 -256 ) (6468 2720 -256 ) (6468 2720 -192 ) (6447.791992 2720 -192 ) 
4 996 1000 (6628 2720 -256 ) (6980 2720 -256 ) (6980 2304 -256 ) (6628 2304 -256 ) 
4 997 1014 (6144 2720 -256 ) (6144 2208 -256 ) (6144 2208 -128 ) (6144 2720 -128 ) 
4 997 1005 (6144 2208 -256 ) (6144 2720 -256 ) (6468 2720 -256 ) (6596 2208 -256 ) 
4 998 1044 (6628 2048 -128 ) (6144 2048 -128 ) (6144 2048 -256 ) (6628 2048 -256 ) 
4 998 1019 (6144 2080 -256 ) (6144 2048 -256 ) (6144 2048 -128 ) (6144 2080 -128 ) 
4 998 1006 (6144 2048 -256 ) (6144 2080 -256 ) (6628 2080 -256 ) (6628 2048 -256 ) 
4 1001 1012 (6144 3072 -256 ) (6144 3072 -512 ) (6144 2720 -512 ) (6144 2720 -256 ) 
4 1001 1005 (6144 2720 -512 ) (6468 2720 -512 ) (6468 2720 -256 ) (6144 2720 -256 ) 
4 1001 1004 (6478 2819.998291 -512 ) (6483.130859 2871.310059 -512 ) (6483.130859 2871.310059 -256 ) (6478 2819.998291 -256 ) 
4 1001 1003 (6483.130859 2871.310059 -512 ) (6488.405762 2924.057129 -512 ) (6488.405762 2924.057129 -256 ) (6483.130859 2871.310059 -256 ) 
4 1001 1002 (6488.405762 2924.057129 -512 ) (6503.199707 3072 -512 ) (6503.199707 3072 -256 ) (6488.405762 2924.057129 -256 ) 
4 1002 1003 (6488.410156 2924.066406 -256 ) (6488.410156 2924.066406 -512 ) (6554.004395 3004.009033 -512 ) (6554.004395 3004.009033 -256 ) 
4 1003 1004 (6483.132324 2871.311768 -256 ) (6483.132324 2871.311768 -512 ) (6507.001465 2916.003418 -512 ) (6507.001465 2916.003418 -256 ) 
4 1005 1016 (6144 2560 -512 ) (6144 2208 -512 ) (6144 2208 -256 ) (6144 2560 -256 ) 
4 1005 1015 (6144 2720 -512 ) (6144 2560 -512 ) (6144 2560 -256 ) (6144 2720 -256 ) 
4 1006 1049 (6144 2048 -352 ) (6144 2048 -512 ) (6628 2048 -512 ) (6628 2048 -352 ) 
4 1006 1047 (6628 2048 -256 ) (6144 2048 -256 ) (6144 2048 -352 ) (6628 2048 -352 ) 
4 1006 1019 (6144 2080 -512 ) (6144 2048 -512 ) (6144 2048 -256 ) (6144 2080 -256 ) 
4 1007 1023 (5120 3072 896 ) (5120 3072 0 ) (5120 2720 0 ) (5120 2720 896 ) 
4 1007 1013 (6144 2720 0 ) (6144 2720 896 ) (5120 2720 896 ) (5120 2720 0 ) 
4 1007 1008 (5636 2720 0 ) (5120 2720 0 ) (5120 3072 0 ) (5636 3072 0 ) 
4 1008 1023 (5120 3072 0 ) (5120 3072 -128 ) (5120 2720 -128 ) (5120 2720 0 ) 
4 1008 1017 (5604 2720 0 ) (5120 2720 0 ) (5120 2720 -128 ) (5604 2720 -128 ) 
4 1008 1011 (5636 2720 -128 ) (5120 2720 -128 ) (5120 3072 -128 ) (5636 3072 -128 ) 
5 1009 1012 (5764 2848 -256 ) (5764 2943.995850 -256 ) (5779.188477 3072 -256 ) (6144 3072 -256 ) (6144 2848 -256 ) 
4 1009 1010 (5764 2848 -192 ) (5764 2848 -256 ) (6144 2848 -256 ) (6144 2848 -192 ) 
4 1010 1014 (6144 2720 -256 ) (6144 2720 -192 ) (5764 2720 -192 ) (5764 2720 -256 ) 
4 1010 1012 (6144 2720 -256 ) (5764 2720 -256 ) (5764 2848 -256 ) (6144 2848 -256 ) 
4 1011 1023 (5120 3072 -128 ) (5120 3072 -256 ) (5120 2720 -256 ) (5120 2720 -128 ) 
4 1011 1017 (5604 2720 -128 ) (5120 2720 -128 ) (5120 2720 -256 ) (5604 2720 -256 ) 
4 1012 1015 (5764 2720 -512 ) (6144 2720 -512 ) (6144 2720 -256 ) (5764 2720 -256 ) 
4 1013 1050 (6144 2048 0 ) (6144 2048 896 ) (5120 2048 896 ) (5120 2048 0 ) 
4 1013 1023 (5120 2048 0 ) (5120 2048 896 ) (5120 2720 896 ) (5120 2720 0 ) 
4 1013 1017 (5120 2560 0 ) (5120 2720 0 ) (5604 2720 0 ) (5604 2560 0 ) 
4 1013 1018 (5120 2080 0 ) (5120 2560 0 ) (5604 2560 0 ) (5604 2080 0 ) 
4 1013 1014 (5764 2720 0 ) (6144 2720 0 ) (6144 2208 0 ) (5636 2208 0 ) 
4 1013 1019 (5120 2048 0 ) (5120 2080 0 ) (6144 2080 0 ) (6144 2048 0 ) 
4 1014 1016 (6144 2560 -256 ) (6144 2208 -256 ) (5636 2208 -256 ) (5724 2560 -256 ) 
4 1014 1015 (5764 2720 -256 ) (6144 2720 -256 ) (6144 2560 -256 ) (5724 2560 -256 ) 
4 1015 1016 (6144 2560 -256 ) (5724 2560 -256 ) (5724 2560 -512 ) (6144 2560 -512 ) 
4 1017 1023 (5120 2560 0 ) (5120 2720 0 ) (5120 2720 -256 ) (5120 2560 -256 ) 
4 1017 1018 (5604 2560 -256 ) (5604 2560 0 ) (5120 2560 0 ) (5120 2560 -256 ) 
4 1018 1024 (5120 2560 -256 ) (5120 2560 -512 ) (5120 2080 -512 ) (5120 2080 -256 ) 
4 1018 1023 (5120 2080 0 ) (5120 2560 0 ) (5120 2560 -256 ) (5120 2080 -256 ) 
4 1018 1019 (5120 2080 -512 ) (5604 2080 -512 ) (5604 2080 0 ) (5120 2080 0 ) 
4 1019 1051 (6144 2048 -512 ) (6144 2048 -352 ) (5120 2048 -352 ) (5120 2048 -512 ) 
4 1019 1050 (6144 2048 -352 ) (6144 2048 0 ) (5120 2048 0 ) (5120 2048 -352 ) 
4 1019 1024 (5120 2048 -512 ) (5120 2048 -256 ) (5120 2080 -256 ) (5120 2080 -512 ) 
4 1019 1023 (5120 2048 -256 ) (5120 2048 0 ) (5120 2080 0 ) (5120 2080 -256 ) 
4 1020 1022 (5120 4096 -512 ) (5120 4096 896 ) (4096 4096 896 ) (4096 4096 -512 ) 
4 1020 1021 (4096 4096 -512 ) (4096 4096 896 ) (4096 4608 896 ) (4096 4608 -512 ) 
4 1021 1025 (4096 4096 -512 ) (4096 4096 896 ) (3528 4096 896 ) (3528 4096 -512 ) 
4 1022 1025 (4096 4096 896 ) (4096 4096 -512 ) (4096 3072 -512 ) (4096 3072 896 ) 
4 1022 1023 (5120 3072 -256 ) (5120 3072 896 ) (4096 3072 896 ) (4096 3072 -256 ) 
4 1023 1063 (5120 2048 -256 ) (5120 2048 896 ) (4096 2048 896 ) (4096 2048 -256 ) 
4 1023 1026 (4096 2048 -256 ) (4096 2048 896 ) (4096 3072 896 ) (4096 3072 -256 ) 
4 1023 1024 (5120 2560 -256 ) (5120 2048 -256 ) (4096 2048 -256 ) (4096 2560 -256 ) 
4 1024 1063 (5120 2048 -512 ) (5120 2048 -256 ) (4096 2048 -256 ) (4096 2048 -512 ) 
4 1024 1027 (4096 2048 -512 ) (4096 2048 -256 ) (4096 2560 -256 ) (4096 2560 -512 ) 
4 1025 1026 (4096 3072 -256 ) (4096 3072 896 ) (3528 3072 896 ) (3528 3072 -256 ) 
4 1026 1066 (3584 2048 896 ) (3528 2048 896 ) (3528 2048 -256 ) (3584 2048 -256 ) 
4 1026 1065 (4096 2048 -256 ) (4096 2048 896 ) (3584 2048 896 ) (3584 2048 -256 ) 
4 1026 1027 (3584 2560 -256 ) (4096 2560 -256 ) (4096 2048 -256 ) (3584 2048 -256 ) 
4 1027 1065 (4096 2048 -512 ) (4096 2048 -256 ) (3584 2048 -256 ) (3584 2048 -512 ) 
4 1028 1050 (6144 2048 896 ) (6144 2048 0 ) (6144 1424 0 ) (6144 1424 896 ) 
4 1028 1045 (6144 1424 896 ) (6144 1424 0 ) (7168 1424 0 ) (7168 1424 896 ) 
3 1028 1036 (6943.991699 1463.005249 0 ) (6895.354492 1477.697754 0 ) (6855.957520 1510.023804 0 ) 
3 1028 1035 (7040.013672 1433.998657 0 ) (6935.926758 1444.407349 0 ) (6895.354492 1477.697754 0 ) 
3 1028 1034 (6778.031250 1573.963867 0 ) (6738.230469 1606.621094 0 ) (6713.979980 1652.026001 0 ) 
3 1028 1033 (6738.230469 1606.621094 0 ) (6697.094238 1640.374390 0 ) (6667.005371 1739.978027 0 ) 
3 1028 1032 (6935.926758 1444.407349 0 ) (6750.697266 1462.930420 0 ) (6697.094238 1640.374390 0 ) 
3 1028 1031 (6638 1835.993286 0 ) (6628 1869.100830 0 ) (6628 1936.004639 0 ) 
3 1028 1030 (6750.697266 1462.930420 0 ) (6628 1475.200195 0 ) (6628 1869.100830 0 ) 
3 1028 1029 (7140 1424 0 ) (6628 1424 0 ) (6628 1475.200195 0 ) 
4 1028 1044 (6628 1424 0 ) (6144 1424 0 ) (6144 2048 0 ) (6628 2048 0 ) 
4 1029 1045 (6628 1424 -256 ) (7140 1424 -256 ) (7140 1424 0 ) (6628 1424 0 ) 
4 1029 1038 (6750.696777 1462.930420 -96 ) (7040.004395 1434 -96 ) (7039.989258 1434.001099 -256 ) (6750.696777 1462.930420 -256 ) 
4 1029 1037 (6628 1475.200195 -256 ) (6628 1475.200195 -96 ) (6750.696777 1462.930420 -96 ) (6750.696777 1462.930420 -256 ) 
4 1029 1035 (6935.926270 1444.407349 0 ) (7040.013672 1433.998535 0 ) (7040.004883 1434 -96 ) (6935.938477 1444.406128 -96 ) 
4 1029 1032 (6750.696777 1462.930420 0 ) (6935.926270 1444.407349 0 ) (6935.938477 1444.406128 -96 ) (6750.696777 1462.930420 -96 ) 
4 1029 1030 (6628 1475.200195 -96 ) (6628 1475.200195 0 ) (6750.696777 1462.930420 0 ) (6750.696777 1462.930420 -96 ) 
4 1029 1044 (6628 1475.200195 -256 ) (6628 1424 -256 ) (6628 1424 0 ) (6628 1475.200195 0 ) 
3 1030 1037 (6750.698242 1462.926880 -96 ) (6628 1475.196777 -96 ) (6628 1869.100830 -96 ) 
4 1030 1033 (6697.089355 1640.387329 -96 ) (6666.998047 1740 -96 ) (6667.002930 1739.984009 0 ) (6697.093262 1640.375488 0 ) 
4 1030 1032 (6750.695312 1462.933594 0 ) (6750.695312 1462.933594 -96 ) (6697.089355 1640.387329 -96 ) (6697.093262 1640.375488 0 ) 
4 1030 1031 (6638.001953 1835.987549 -96 ) (6628 1869.097412 -96 ) (6628 1869.097168 0 ) (6638.001953 1835.987427 0 ) 
4 1030 1044 (6628 1475.200195 -96 ) (6628 1475.200195 0 ) (6628 1869.100830 0 ) (6628 1869.100830 -96 ) 
3 1031 1039 (6638 1835.993408 -96 ) (6628 1869.100830 -96 ) (6628 1936.004639 -96 ) 
4 1031 1044 (6628 1869.100830 0 ) (6628 1936.004639 0 ) (6628 1936.004639 -96 ) (6628 1869.100830 -96 ) 
3 1032 1040 (6731.262695 1527.265137 -96 ) (6697.090820 1640.386108 -96 ) (6895.374023 1477.690063 -96 ) 
4 1032 1038 (6935.943359 1444.402222 -96 ) (6750.698242 1462.926880 -96 ) (6731.262695 1527.265137 -96 ) (6895.374023 1477.690063 -96 ) 
4 1032 1036 (6895.374023 1477.689819 -96 ) (6855.987305 1510.007812 -96 ) (6855.957031 1510.024170 0 ) (6895.353516 1477.697876 0 ) 
4 1032 1035 (6935.925293 1444.407471 0 ) (6935.937500 1444.406250 -96 ) (6895.374023 1477.689819 -96 ) (6895.353516 1477.697876 0 ) 
4 1032 1034 (6778.006836 1573.993774 -96 ) (6738.228027 1606.633667 -96 ) (6738.229492 1606.623413 0 ) (6778.029297 1573.966431 0 ) 
4 1032 1033 (6738.228027 1606.633667 -96 ) (6697.091309 1640.387695 -96 ) (6697.094727 1640.375977 0 ) (6738.229492 1606.623413 0 ) 
3 1033 1042 (6738.229004 1606.631104 -96 ) (6697.090820 1640.386108 -96 ) (6667 1739.994751 -96 ) 
4 1033 1034 (6738.230469 1606.621094 0 ) (6738.229492 1606.630859 -96 ) (6713.991699 1652.012451 -96 ) (6713.980469 1652.025146 0 ) 
3 1034 1043 (6778.008789 1573.990845 -96 ) (6738.229004 1606.631104 -96 ) (6713.991699 1652.011841 -96 ) 
3 1035 1038 (7040.022461 1433.994263 -96 ) (6935.943359 1444.402222 -96 ) (6895.374023 1477.690063 -96 ) 
4 1035 1036 (6944.006348 1462.997803 -96 ) (6895.377441 1477.687988 -96 ) (6895.356934 1477.696045 0 ) (6943.998047 1463.002197 0 ) 
3 1036 1041 (6944 1463.001099 -96 ) (6895.374023 1477.690063 -96 ) (6855.987305 1510.007568 -96 ) 
4 1037 1042 (6667.001953 1739.991455 -96 ) (6697.090820 1640.385986 -96 ) (6697.089355 1640.390381 -256 ) (6667.001953 1739.991333 -256 ) 
4 1037 1040 (6697.090820 1640.385986 -96 ) (6731.262695 1527.265137 -96 ) (6731.263672 1527.261841 -256 ) (6697.089355 1640.390381 -256 ) 
4 1037 1039 (6628 1869.101929 -256 ) (6628 1869.101562 -96 ) (6638 1835.994141 -96 ) (6638 1835.994385 -256 ) 
4 1037 1038 (6731.262695 1527.265137 -96 ) (6750.697266 1462.929688 -96 ) (6750.697266 1462.929688 -256 ) (6731.263672 1527.261841 -256 ) 
4 1037 1044 (6628 1869.100830 -256 ) (6628 1475.200195 -256 ) (6628 1475.200195 -96 ) (6628 1869.100830 -96 ) 
4 1038 1041 (6895.376953 1477.688232 -96 ) (6944.004883 1462.998535 -96 ) (6944.010254 1462.993774 -256 ) (6895.389160 1477.681396 -256 ) 
4 1038 1040 (6731.261230 1527.261597 -256 ) (6731.260254 1527.265015 -96 ) (6895.376953 1477.688232 -96 ) (6895.389160 1477.681396 -256 ) 
4 1039 1044 (6628 1936.004639 -256 ) (6628 1869.100830 -256 ) (6628 1869.100830 -96 ) (6628 1936.004639 -96 ) 
4 1040 1043 (6777.967285 1574.030640 -256 ) (6738.223145 1606.641724 -256 ) (6738.226074 1606.635864 -96 ) (6778.004883 1573.996826 -96 ) 
4 1040 1042 (6738.223145 1606.641724 -256 ) (6697.088867 1640.393188 -256 ) (6697.089844 1640.388916 -96 ) (6738.226074 1606.635864 -96 ) 
4 1040 1041 (6895.378906 1477.688721 -96 ) (6895.391113 1477.682007 -256 ) (6856.016113 1509.990234 -256 ) (6855.996094 1510.003296 -96 ) 
4 1042 1043 (6738.230469 1606.631470 -96 ) (6738.227539 1606.637329 -256 ) (6714.011230 1651.977417 -256 ) (6713.994141 1652.009644 -96 ) 
4 1044 1050 (6144 2048 0 ) (6144 2048 -256 ) (6144 1424 -256 ) (6144 1424 0 ) 
4 1044 1047 (6144 1424 -256 ) (6144 2048 -256 ) (6628 2048 -256 ) (6628 1424 -256 ) 
4 1044 1045 (6144 1424 0 ) (6144 1424 -256 ) (6628 1424 -256 ) (6628 1424 0 ) 
4 1045 1053 (7168 1024 -256 ) (7168 1024 0 ) (6144 1024 0 ) (6144 1024 -256 ) 
4 1045 1052 (7168 1024 0 ) (7168 1024 896 ) (6144 1024 896 ) (6144 1024 0 ) 
4 1045 1050 (6144 1024 -256 ) (6144 1024 896 ) (6144 1424 896 ) (6144 1424 -256 ) 
4 1045 1046 (7168 1024 -256 ) (6628 1024 -256 ) (6628 1408 -256 ) (7168 1408 -256 ) 
4 1045 1047 (6628 1024 -256 ) (6144 1024 -256 ) (6144 1424 -256 ) (6628 1424 -256 ) 
4 1046 1054 (7168 1024 -352 ) (7168 1024 -256 ) (6628 1024 -256 ) (6628 1024 -352 ) 
4 1046 1048 (7168 1024 -352 ) (6628 1024 -352 ) (6628 1408 -352 ) (7168 1408 -352 ) 
4 1046 1047 (6628 1408 -352 ) (6628 1024 -352 ) (6628 1024 -256 ) (6628 1408 -256 ) 
4 1047 1054 (6628 1024 -256 ) (6144 1024 -256 ) (6144 1024 -352 ) (6628 1024 -352 ) 
4 1047 1050 (6144 1024 -352 ) (6144 1024 -256 ) (6144 2048 -256 ) (6144 2048 -352 ) 
4 1047 1049 (6628 1024 -352 ) (6144 1024 -352 ) (6144 2048 -352 ) (6628 2048 -352 ) 
4 1048 1055 (7168 1024 -512 ) (7168 1024 -352 ) (6628 1024 -352 ) (6628 1024 -512 ) 
4 1048 1049 (6628 1408 -512 ) (6628 1024 -512 ) (6628 1024 -352 ) (6628 1408 -352 ) 
4 1049 1055 (6628 1024 -352 ) (6144 1024 -352 ) (6144 1024 -512 ) (6628 1024 -512 ) 
4 1049 1051 (6144 1024 -512 ) (6144 1024 -352 ) (6144 2048 -352 ) (6144 2048 -512 ) 
4 1050 1063 (5120 1024 -352 ) (5120 1024 896 ) (5120 2048 896 ) (5120 2048 -352 ) 
4 1050 1056 (6144 1024 -352 ) (6144 1024 896 ) (5120 1024 896 ) (5120 1024 -352 ) 
4 1050 1051 (6144 1024 -352 ) (5120 1024 -352 ) (5120 2048 -352 ) (6144 2048 -352 ) 
4 1051 1063 (5120 1024 -512 ) (5120 1024 -352 ) (5120 2048 -352 ) (5120 2048 -512 ) 
4 1051 1057 (6144 1024 -512 ) (6144 1024 -352 ) (5120 1024 -352 ) (5120 1024 -512 ) 
4 1052 1069 (7168 0 0 ) (7168 0 896 ) (6144 0 896 ) (6144 0 0 ) 
4 1052 1058 (6144 768 0 ) (6144 0 0 ) (6144 0 896 ) (6144 768 896 ) 
4 1052 1056 (6144 1024 896 ) (6144 1024 0 ) (6144 768 0 ) (6144 768 896 ) 
4 1052 1053 (6144 168 0 ) (6144 1024 0 ) (7168 1024 0 ) (7168 168 0 ) 
4 1053 1059 (6144 768 -256 ) (6144 168 -256 ) (6144 168 0 ) (6144 768 0 ) 
4 1053 1056 (6144 1024 0 ) (6144 1024 -256 ) (6144 768 -256 ) (6144 768 0 ) 
4 1053 1054 (6144 768 -256 ) (6144 1024 -256 ) (7168 1024 -256 ) (7168 768 -256 ) 
4 1054 1056 (6144 1024 -256 ) (6144 1024 -352 ) (6144 768 -352 ) (6144 768 -256 ) 
4 1054 1055 (7168 768 -352 ) (6144 768 -352 ) (6144 1024 -352 ) (7168 1024 -352 ) 
4 1055 1057 (6144 1024 -352 ) (6144 1024 -512 ) (6144 768 -512 ) (6144 768 -352 ) 
4 1056 1064 (5120 1024 896 ) (5120 1024 -352 ) (5120 768 -352 ) (5120 768 896 ) 
4 1056 1061 (5408 768 -352 ) (5470 768 -352 ) (5470 768 -284 ) (5408 768 -284 ) 
4 1056 1060 (5470 768 0 ) (5408 768 0 ) (5408 768 -284 ) (5470 768 -284 ) 
4 1056 1059 (6144 768 -256 ) (6144 768 0 ) (5470 768 0 ) (5470 768 -256 ) 
4 1056 1062 (5120 768 0 ) (5120 768 -352 ) (5408 768 -352 ) (5408 768 0 ) 
4 1056 1058 (5120 768 896 ) (5120 768 0 ) (6144 768 0 ) (6144 768 896 ) 
4 1056 1057 (6144 768 -352 ) (5120 768 -352 ) (5120 1024 -352 ) (6144 1024 -352 ) 
4 1057 1064 (5120 1024 -352 ) (5120 1024 -512 ) (5120 768 -512 ) (5120 768 -352 ) 
4 1057 1061 (5408 768 -512 ) (5470 768 -512 ) (5470 768 -352 ) (5408 768 -352 ) 
4 1057 1062 (5120 768 -352 ) (5120 768 -512 ) (5408 768 -512 ) (5408 768 -352 ) 
4 1058 1071 (6144 0 0 ) (6144 0 896 ) (5408 0 896 ) (5408 0 0 ) 
4 1058 1072 (5408 0 896 ) (5120 0 896 ) (5120 0 0 ) (5408 0 0 ) 
4 1058 1064 (5120 0 0 ) (5120 0 896 ) (5120 768 896 ) (5120 768 0 ) 
4 1058 1060 (5408 768 0 ) (5470 768 0 ) (5470 168 0 ) (5408 168 0 ) 
4 1058 1059 (5470 768 0 ) (6144 768 0 ) (6144 168 0 ) (5470 168 0 ) 
4 1058 1062 (5120 768 0 ) (5408 768 0 ) (5408 0 0 ) (5120 0 0 ) 
4 1059 1060 (5470 168 -256 ) (5470 168 0 ) (5470 768 0 ) (5470 768 -256 ) 
4 1060 1061 (5408 168 -284 ) (5408 768 -284 ) (5470 768 -284 ) (5470 168 -284 ) 
4 1060 1062 (5408 168 0 ) (5408 768 0 ) (5408 768 -284 ) (5408 168 -284 ) 
4 1061 1073 (5470 0 -284 ) (5408 0 -284 ) (5408 0 -512 ) (5470 0 -512 ) 
4 1061 1062 (5408 768 -284 ) (5408 768 -512 ) (5408 0 -512 ) (5408 0 -284 ) 
4 1062 1073 (5120 0 -284 ) (5120 0 -512 ) (5408 0 -512 ) (5408 0 -284 ) 
4 1062 1072 (5408 0 0 ) (5120 0 0 ) (5120 0 -284 ) (5408 0 -284 ) 
4 1062 1064 (5120 0 -512 ) (5120 0 0 ) (5120 768 0 ) (5120 768 -512 ) 
4 1063 1065 (4096 2048 896 ) (4096 2048 -512 ) (4096 1024 -512 ) (4096 1024 896 ) 
4 1063 1064 (5120 1024 -512 ) (5120 1024 896 ) (4096 1024 896 ) (4096 1024 -512 ) 
4 1064 1077 (5120 0 -512 ) (5120 0 896 ) (4096 0 896 ) (4096 0 -512 ) 
4 1064 1067 (4096 0 -512 ) (4096 0 896 ) (4096 1024 896 ) (4096 1024 -512 ) 
4 1065 1067 (4096 1024 -512 ) (4096 1024 896 ) (3584 1024 896 ) (3584 1024 -512 ) 
4 1065 1066 (3584 1024 -256 ) (3584 1024 896 ) (3584 2048 896 ) (3584 2048 -256 ) 
4 1066 1068 (3584 1024 896 ) (3528 1024 896 ) (3528 1024 -256 ) (3584 1024 -256 ) 
4 1067 1080 (4096 0 -512 ) (4096 0 -256 ) (3584 0 -256 ) (3584 0 -512 ) 
4 1067 1079 (4096 0 -256 ) (4096 0 896 ) (3584 0 896 ) (3584 0 -256 ) 
4 1067 1068 (3584 0 -256 ) (3584 0 896 ) (3584 1024 896 ) (3584 1024 -256 ) 
4 1068 1079 (3584 0 896 ) (3528 0 896 ) (3528 0 -256 ) (3584 0 -256 ) 
4 1069 1071 (6144 0 896 ) (6144 0 0 ) (6144 -512 0 ) (6144 -512 896 ) 
4 1069 1070 (7168 -512 0 ) (7168 -512 896 ) (6144 -512 896 ) (6144 -512 0 ) 
4 1070 1075 (7168 -1024 0 ) (7168 -1024 896 ) (6144 -1024 896 ) (6144 -1024 0 ) 
4 1070 1074 (6144 -1024 0 ) (6144 -1024 896 ) (6144 -512 896 ) (6144 -512 0 ) 
4 1071 1074 (6144 -512 0 ) (6144 -512 896 ) (5408 -512 896 ) (5408 -512 0 ) 
4 1071 1072 (5408 -512 0 ) (5408 -512 896 ) (5408 0 896 ) (5408 0 0 ) 
4 1072 1077 (5120 0 896 ) (5120 0 -284 ) (5120 -512 -284 ) (5120 -512 896 ) 
4 1072 1074 (5408 -512 896 ) (5120 -512 896 ) (5120 -512 0 ) (5408 -512 0 ) 
4 1072 1073 (5408 -512 -284 ) (5120 -512 -284 ) (5120 0 -284 ) (5408 0 -284 ) 
4 1073 1077 (5120 0 -284 ) (5120 0 -512 ) (5120 -512 -512 ) (5120 -512 -284 ) 
4 1074 1078 (5120 -1024 0 ) (5120 -1024 896 ) (5120 -512 896 ) (5120 -512 0 ) 
4 1074 1076 (6144 -1024 0 ) (6144 -1024 896 ) (5120 -1024 896 ) (5120 -1024 0 ) 
4 1075 1076 (6144 -1536 896 ) (6144 -1024 896 ) (6144 -1024 0 ) (6144 -1536 0 ) 
4 1076 1082 (5120 -1536 896 ) (5120 -1024 896 ) (5120 -1024 0 ) (5120 -1536 0 ) 
4 1077 1080 (4096 0 -256 ) (4096 0 -512 ) (4096 -512 -512 ) (4096 -512 -256 ) 
4 1077 1079 (4096 0 896 ) (4096 0 -256 ) (4096 -512 -256 ) (4096 -512 896 ) 
4 1077 1078 (5120 -512 0 ) (5120 -512 896 ) (4096 -512 896 ) (4096 -512 0 ) 
4 1078 1082 (5120 -1024 0 ) (5120 -1024 896 ) (4096 -1024 896 ) (4096 -1024 0 ) 
4 1078 1081 (4096 -1024 0 ) (4096 -1024 896 ) (4096 -512 896 ) (4096 -512 0 ) 
4 1079 1081 (3528 -512 896 ) (3528 -512 0 ) (4096 -512 0 ) (4096 -512 896 ) 
4 1079 1080 (4096 -512 -256 ) (3584 -512 -256 ) (3584 0 -256 ) (4096 0 -256 ) 
4 1081 1083 (4096 -1024 0 ) (4096 -1024 896 ) (3528 -1024 896 ) (3528 -1024 0 ) 
4 1082 1083 (4096 -1024 896 ) (4096 -1024 0 ) (4096 -1536 0 ) (4096 -1536 896 ) 
