PRT1
1310
3770
4 0 3 (3072 11264 -1504 ) (3072 11264 2784 ) (3072 11616 2784 ) (3072 11616 -1504 ) 
4 0 1 (4064 11264 2784 ) (3072 11264 2784 ) (3072 11264 -1504 ) (4064 11264 -1504 ) 
4 1 6 (3072 10240 -1504 ) (3072 10240 2784 ) (3072 11264 2784 ) (3072 11264 -1504 ) 
4 1 2 (4064 10240 2784 ) (3072 10240 2784 ) (3072 10240 -1504 ) (4064 10240 -1504 ) 
4 2 12 (4064 9216 2784 ) (3072 9216 2784 ) (3072 9216 -1504 ) (4064 9216 -1504 ) 
4 2 7 (3072 9216 -1504 ) (3072 9216 2784 ) (3072 10240 2784 ) (3072 10240 -1504 ) 
4 3 6 (3072 11264 -1504 ) (3072 11264 2784 ) (2048 11264 2784 ) (2048 11264 -1504 ) 
4 3 4 (2048 11264 -1504 ) (2048 11264 2784 ) (2048 11616 2784 ) (2048 11616 -1504 ) 
4 4 8 (2048 11264 -1504 ) (2048 11264 2784 ) (1024 11264 2784 ) (1024 11264 -1504 ) 
4 4 5 (1024 11264 -1504 ) (1024 11264 2784 ) (1024 11616 2784 ) (1024 11616 -1504 ) 
4 5 32 (0 11264 -1504 ) (0 11264 2784 ) (0 11616 2784 ) (0 11616 -1504 ) 
4 5 9 (1024 11264 -1504 ) (1024 11264 2784 ) (0 11264 2784 ) (0 11264 -1504 ) 
4 6 8 (2048 11264 2784 ) (2048 11264 -1504 ) (2048 10240 -1504 ) (2048 10240 2784 ) 
4 6 7 (3072 10240 -1504 ) (3072 10240 2784 ) (2048 10240 2784 ) (2048 10240 -1504 ) 
4 7 17 (3072 9216 -1504 ) (3072 9216 2784 ) (2048 9216 2784 ) (2048 9216 -1504 ) 
4 7 10 (2048 9216 -1504 ) (2048 9216 2784 ) (2048 10240 2784 ) (2048 10240 -1504 ) 
4 8 10 (2048 10240 -1504 ) (2048 10240 2784 ) (1024 10240 2784 ) (1024 10240 -1504 ) 
4 8 9 (1024 11264 2784 ) (1024 11264 -1504 ) (1024 10240 -1504 ) (1024 10240 2784 ) 
4 9 35 (0 10240 -1504 ) (0 10240 2784 ) (0 11264 2784 ) (0 11264 -1504 ) 
4 9 11 (1024 10240 -1504 ) (1024 10240 2784 ) (0 10240 2784 ) (0 10240 -1504 ) 
4 10 19 (2048 9216 -1504 ) (2048 9216 2784 ) (1024 9216 2784 ) (1024 9216 -1504 ) 
4 10 11 (1024 10240 2784 ) (1024 10240 -1504 ) (1024 9216 -1504 ) (1024 9216 2784 ) 
4 11 36 (0 9216 -1504 ) (0 9216 2784 ) (0 10240 2784 ) (0 10240 -1504 ) 
4 11 20 (1024 9216 -1504 ) (1024 9216 2784 ) (0 9216 2784 ) (0 9216 -1504 ) 
4 12 17 (3072 9216 2784 ) (3072 9216 -1504 ) (3072 8192 -1504 ) (3072 8192 2784 ) 
4 12 13 (4064 8192 2784 ) (3072 8192 2784 ) (3072 8192 -1504 ) (4064 8192 -1504 ) 
4 13 18 (3072 7168 -1504 ) (3072 7168 2784 ) (3072 8192 2784 ) (3072 8192 -1504 ) 
4 13 14 (4064 7168 2784 ) (3072 7168 2784 ) (3072 7168 -1504 ) (4064 7168 -1504 ) 
4 14 23 (3072 6144 -1504 ) (3072 6144 2784 ) (3072 7168 2784 ) (3072 7168 -1504 ) 
4 14 15 (3072 6144 2784 ) (3072 6144 -1504 ) (4064 6144 -1504 ) (4064 6144 2784 ) 
4 15 26 (3072 5120 -1504 ) (3072 5120 2784 ) (3072 6144 2784 ) (3072 6144 -1504 ) 
4 15 16 (3072 5120 2784 ) (3072 5120 -1504 ) (4064 5120 -1504 ) (4064 5120 2784 ) 
4 16 111 (4064 4096 2784 ) (3072 4096 2784 ) (3072 4096 -1504 ) (4064 4096 -1504 ) 
4 16 27 (3072 4096 -1504 ) (3072 4096 2784 ) (3072 5120 2784 ) (3072 5120 -1504 ) 
4 17 19 (2048 9216 2784 ) (2048 9216 -1504 ) (2048 8192 -1504 ) (2048 8192 2784 ) 
4 17 18 (3072 8192 -1504 ) (3072 8192 2784 ) (2048 8192 2784 ) (2048 8192 -1504 ) 
4 18 23 (3072 7168 -1504 ) (3072 7168 2784 ) (2048 7168 2784 ) (2048 7168 -1504 ) 
4 18 21 (2048 7168 -1504 ) (2048 7168 2784 ) (2048 8192 2784 ) (2048 8192 -1504 ) 
4 19 21 (2048 8192 -1504 ) (2048 8192 2784 ) (1024 8192 2784 ) (1024 8192 -1504 ) 
4 19 20 (1024 9216 2784 ) (1024 9216 -1504 ) (1024 8192 -1504 ) (1024 8192 2784 ) 
4 20 47 (0 8192 -1504 ) (0 8192 2784 ) (0 9216 2784 ) (0 9216 -1504 ) 
4 20 22 (1024 8192 -1504 ) (1024 8192 2784 ) (0 8192 2784 ) (0 8192 -1504 ) 
4 21 24 (2048 7168 -1504 ) (2048 7168 2784 ) (1024 7168 2784 ) (1024 7168 -1504 ) 
4 21 22 (1024 8192 2784 ) (1024 8192 -1504 ) (1024 7168 -1504 ) (1024 7168 2784 ) 
4 22 48 (0 7168 -1504 ) (0 7168 2784 ) (0 8192 2784 ) (0 8192 -1504 ) 
4 22 25 (1024 7168 -1504 ) (1024 7168 2784 ) (0 7168 2784 ) (0 7168 -1504 ) 
4 23 26 (3072 6144 -1504 ) (3072 6144 2784 ) (2048 6144 2784 ) (2048 6144 -1504 ) 
4 23 24 (2048 6144 -1504 ) (2048 6144 2784 ) (2048 7168 2784 ) (2048 7168 -1504 ) 
4 24 28 (2048 6144 -1504 ) (2048 6144 2784 ) (1024 6144 2784 ) (1024 6144 -1504 ) 
4 24 25 (1024 7168 2784 ) (1024 7168 -1504 ) (1024 6144 -1504 ) (1024 6144 2784 ) 
4 25 53 (0 6144 -1504 ) (0 6144 2784 ) (0 7168 2784 ) (0 7168 -1504 ) 
4 25 29 (0 6144 2784 ) (0 6144 -1504 ) (1024 6144 -1504 ) (1024 6144 2784 ) 
4 26 28 (2048 6144 2784 ) (2048 6144 -1504 ) (2048 5120 -1504 ) (2048 5120 2784 ) 
4 26 27 (3072 5120 -1504 ) (3072 5120 2784 ) (2048 5120 2784 ) (2048 5120 -1504 ) 
4 27 116 (3072 4096 -1504 ) (3072 4096 2784 ) (2048 4096 2784 ) (2048 4096 -1504 ) 
4 27 30 (2048 4096 -1504 ) (2048 4096 2784 ) (2048 5120 2784 ) (2048 5120 -1504 ) 
4 28 30 (2048 5120 -1504 ) (2048 5120 2784 ) (1024 5120 2784 ) (1024 5120 -1504 ) 
4 28 29 (1024 6144 2784 ) (1024 6144 -1504 ) (1024 5120 -1504 ) (1024 5120 2784 ) 
4 29 56 (0 5120 -1504 ) (0 5120 2784 ) (0 6144 2784 ) (0 6144 -1504 ) 
4 29 31 (0 5120 2784 ) (0 5120 -1504 ) (1024 5120 -1504 ) (1024 5120 2784 ) 
4 30 119 (2048 4096 -1504 ) (2048 4096 2784 ) (1024 4096 2784 ) (1024 4096 -1504 ) 
4 30 31 (1024 5120 2784 ) (1024 5120 -1504 ) (1024 4096 -1504 ) (1024 4096 2784 ) 
4 31 121 (1024 4096 -1504 ) (1024 4096 2784 ) (0 4096 2784 ) (0 4096 -1504 ) 
4 31 72 (0 4096 -1504 ) (0 4096 64 ) (0 5120 64 ) (0 5120 -1504 ) 
4 31 58 (0 4096 64 ) (0 4096 192 ) (0 5120 192 ) (0 5120 64 ) 
4 31 57 (0 4096 192 ) (0 4096 2784 ) (0 5120 2784 ) (0 5120 192 ) 
4 32 35 (0 11264 -1504 ) (0 11264 2784 ) (-1024 11264 2784 ) (-1024 11264 -1504 ) 
4 32 33 (-1024 11264 -1504 ) (-1024 11264 2784 ) (-1024 11616 2784 ) (-1024 11616 -1504 ) 
4 33 37 (-1024 11264 -1504 ) (-1024 11264 2784 ) (-2048 11264 2784 ) (-2048 11264 -1504 ) 
4 33 34 (-2048 11264 -1504 ) (-2048 11264 2784 ) (-2048 11616 2784 ) (-2048 11616 -1504 ) 
4 34 41 (-3072 11264 -1504 ) (-3072 11264 2784 ) (-3072 11616 2784 ) (-3072 11616 -1504 ) 
4 34 38 (-2048 11264 -1504 ) (-2048 11264 2784 ) (-3072 11264 2784 ) (-3072 11264 -1504 ) 
4 35 37 (-1024 11264 2784 ) (-1024 11264 -1504 ) (-1024 10240 -1504 ) (-1024 10240 2784 ) 
4 35 36 (0 10240 -1504 ) (0 10240 2784 ) (-1024 10240 2784 ) (-1024 10240 -1504 ) 
4 36 47 (0 9216 -1504 ) (0 9216 2784 ) (-1024 9216 2784 ) (-1024 9216 -1504 ) 
4 36 39 (-1024 9216 -1504 ) (-1024 9216 2784 ) (-1024 10240 2784 ) (-1024 10240 -1504 ) 
4 37 39 (-1024 10240 -1504 ) (-1024 10240 2784 ) (-2048 10240 2784 ) (-2048 10240 -1504 ) 
4 37 38 (-2048 11264 2784 ) (-2048 11264 -1504 ) (-2048 10240 -1504 ) (-2048 10240 2784 ) 
4 38 43 (-3072 10240 -1504 ) (-3072 10240 2784 ) (-3072 11264 2784 ) (-3072 11264 -1504 ) 
4 38 40 (-2048 10240 -1504 ) (-2048 10240 2784 ) (-3072 10240 2784 ) (-3072 10240 -1504 ) 
4 39 49 (-1024 9216 -1504 ) (-1024 9216 2784 ) (-2048 9216 2784 ) (-2048 9216 -1504 ) 
4 39 40 (-2048 10240 2784 ) (-2048 10240 -1504 ) (-2048 9216 -1504 ) (-2048 9216 2784 ) 
4 40 50 (-2048 9216 -1504 ) (-2048 9216 2784 ) (-3072 9216 2784 ) (-3072 9216 -1504 ) 
4 40 44 (-3072 9216 -1504 ) (-3072 9216 2784 ) (-3072 10240 2784 ) (-3072 10240 -1504 ) 
4 41 43 (-3072 11264 -1504 ) (-3072 11264 2784 ) (-4096 11264 2784 ) (-4096 11264 -1504 ) 
4 41 42 (-4096 11264 -1504 ) (-4096 11264 2784 ) (-4096 11616 2784 ) (-4096 11616 -1504 ) 
4 42 45 (-4096 11264 -1504 ) (-4096 11264 2784 ) (-4320 11264 2784 ) (-4320 11264 -1504 ) 
4 43 45 (-4096 11264 2784 ) (-4096 11264 -1504 ) (-4096 10240 -1504 ) (-4096 10240 2784 ) 
4 43 44 (-3072 10240 -1504 ) (-3072 10240 2784 ) (-4096 10240 2784 ) (-4096 10240 -1504 ) 
4 44 101 (-3072 9216 -1504 ) (-3072 9216 2784 ) (-4096 9216 2784 ) (-4096 9216 -1504 ) 
4 44 46 (-4096 9216 -1504 ) (-4096 9216 2784 ) (-4096 10240 2784 ) (-4096 10240 -1504 ) 
4 45 46 (-4096 10240 -1504 ) (-4096 10240 2784 ) (-4320 10240 2784 ) (-4320 10240 -1504 ) 
4 46 103 (-4096 9216 -1504 ) (-4096 9216 2784 ) (-4320 9216 2784 ) (-4320 9216 -1504 ) 
4 47 49 (-1024 9216 2784 ) (-1024 9216 -1504 ) (-1024 8192 -1504 ) (-1024 8192 2784 ) 
4 47 48 (0 8192 -1504 ) (0 8192 2784 ) (-1024 8192 2784 ) (-1024 8192 -1504 ) 
4 48 53 (0 7168 -1504 ) (0 7168 2784 ) (-1024 7168 2784 ) (-1024 7168 -1504 ) 
4 48 51 (-1024 7168 -1504 ) (-1024 7168 2784 ) (-1024 8192 2784 ) (-1024 8192 -1504 ) 
4 49 51 (-1024 8192 -1504 ) (-1024 8192 2784 ) (-2048 8192 2784 ) (-2048 8192 -1504 ) 
4 49 50 (-2048 9216 2784 ) (-2048 9216 -1504 ) (-2048 8192 -1504 ) (-2048 8192 2784 ) 
4 50 101 (-3072 9216 2784 ) (-3072 9216 -1504 ) (-3072 8192 -1504 ) (-3072 8192 2784 ) 
4 50 52 (-2048 8192 -1504 ) (-2048 8192 2784 ) (-3072 8192 2784 ) (-3072 8192 -1504 ) 
4 51 54 (-1024 7168 -1504 ) (-1024 7168 2784 ) (-2048 7168 2784 ) (-2048 7168 -1504 ) 
4 51 52 (-2048 8192 2784 ) (-2048 8192 -1504 ) (-2048 7168 -1504 ) (-2048 7168 2784 ) 
4 52 102 (-3072 7168 -1504 ) (-3072 7168 2784 ) (-3072 8192 2784 ) (-3072 8192 -1504 ) 
4 52 55 (-2048 7168 -1504 ) (-2048 7168 2784 ) (-3072 7168 2784 ) (-3072 7168 -1504 ) 
4 53 56 (0 6144 -1504 ) (0 6144 2784 ) (-1024 6144 2784 ) (-1024 6144 -1504 ) 
4 53 54 (-1024 6144 -1504 ) (-1024 6144 2784 ) (-1024 7168 2784 ) (-1024 7168 -1504 ) 
4 54 76 (-1024 6144 -1504 ) (-1024 6144 2784 ) (-2048 6144 2784 ) (-2048 6144 -1504 ) 
4 54 55 (-2048 7168 2784 ) (-2048 7168 -1504 ) (-2048 6144 -1504 ) (-2048 6144 2784 ) 
4 55 105 (-3072 6144 -1504 ) (-3072 6144 2784 ) (-3072 7168 2784 ) (-3072 7168 -1504 ) 
4 55 77 (-3072 6144 2784 ) (-3072 6144 -1504 ) (-2048 6144 -1504 ) (-2048 6144 2784 ) 
4 56 76 (-1024 6144 2784 ) (-1024 6144 -1504 ) (-1024 5120 -1504 ) (-1024 5120 2784 ) 
4 56 73 (-640 5120 64 ) (-1024 5120 64 ) (-1024 5120 -1504 ) (-640 5120 -1504 ) 
4 56 72 (0 5120 -1504 ) (0 5120 64 ) (-640 5120 64 ) (-640 5120 -1504 ) 
4 56 61 (-672 5120 192 ) (-1024 5120 192 ) (-1024 5120 64 ) (-672 5120 64 ) 
4 56 59 (-640 5120 192 ) (-672 5120 192 ) (-672 5120 64 ) (-640 5120 64 ) 
4 56 58 (0 5120 64 ) (0 5120 192 ) (-640 5120 192 ) (-640 5120 64 ) 
4 56 57 (0 5120 192 ) (0 5120 2784 ) (-1024 5120 2784 ) (-1024 5120 192 ) 
4 57 596 (0 4096 192 ) (0 4096 2784 ) (-1024 4096 2784 ) (-1024 4096 192 ) 
4 57 78 (-1024 4096 192 ) (-1024 4096 2784 ) (-1024 5120 2784 ) (-1024 5120 192 ) 
4 57 70 (-1024 4384 192 ) (-1024 4696 192 ) (-1008 4696 192 ) (-1008 4384 192 ) 
4 57 71 (-1008 4096 192 ) (-1024 4096 192 ) (-1024 4352 192 ) (-1008 4352 192 ) 
4 57 68 (-1024 4720 192 ) (-1024 4728 192 ) (-1008 4728 192 ) (-1008 4720 192 ) 
4 57 69 (-1024 4696 192 ) (-1024 4720 192 ) (-1008 4720 192 ) (-1008 4696 192 ) 
4 57 66 (-1008 4384 192 ) (-1008 4696 192 ) (-672 4696 192 ) (-672 4384 192 ) 
4 57 67 (-672 4096 192 ) (-1008 4096 192 ) (-1008 4352 192 ) (-672 4352 192 ) 
4 57 64 (-1008 4696 192 ) (-1008 4728 192 ) (-1000 4728 192 ) (-1000 4696 192 ) 
4 57 63 (-1000 4728 192 ) (-672 4728 192 ) (-672 4696 192 ) (-1000 4696 192 ) 
4 57 61 (-1024 4864 192 ) (-1024 5120 192 ) (-672 5120 192 ) (-672 4864 192 ) 
4 57 62 (-1024 4728 192 ) (-1024 4832 192 ) (-672 4832 192 ) (-672 4728 192 ) 
4 57 59 (-672 4864 192 ) (-672 5120 192 ) (-640 5120 192 ) (-640 4864 192 ) 
4 57 60 (-640 4096 192 ) (-672 4096 192 ) (-672 4352 192 ) (-640 4352 192 ) 
4 57 58 (0 4096 192 ) (-640 4096 192 ) (-640 5120 192 ) (0 5120 192 ) 
4 58 596 (0 4096 64 ) (0 4096 192 ) (-640 4096 192 ) (-640 4096 64 ) 
4 58 72 (-640 5120 64 ) (0 5120 64 ) (0 4096 64 ) (-640 4096 64 ) 
4 58 59 (-640 5120 64 ) (-640 4864 64 ) (-640 4864 192 ) (-640 5120 192 ) 
4 58 60 (-640 4352 64 ) (-640 4096 64 ) (-640 4096 192 ) (-640 4352 192 ) 
4 59 73 (-672 5120 64 ) (-640 5120 64 ) (-640 4864 64 ) (-672 4864 64 ) 
4 59 61 (-672 5120 64 ) (-672 4864 64 ) (-672 4864 192 ) (-672 5120 192 ) 
4 60 596 (-640 4096 192 ) (-672 4096 192 ) (-672 4096 64 ) (-640 4096 64 ) 
4 60 75 (-640 4352 64 ) (-640 4096 64 ) (-672 4096 64 ) (-672 4352 64 ) 
4 60 67 (-672 4352 64 ) (-672 4096 64 ) (-672 4096 192 ) (-672 4352 192 ) 
4 61 79 (-1024 4864 192 ) (-1024 5120 192 ) (-1024 5120 64 ) (-1024 4864 64 ) 
4 61 73 (-1024 4864 64 ) (-1024 5120 64 ) (-672 5120 64 ) (-672 4864 64 ) 
4 62 80 (-1024 4728 192 ) (-1024 4832 192 ) (-1024 4832 64 ) (-1024 4728 64 ) 
4 62 68 (-1008 4728 96 ) (-1008 4728 192 ) (-1024 4728 192 ) (-1024 4728 96 ) 
4 62 64 (-1000 4728 96 ) (-1000 4728 192 ) (-1008 4728 192 ) (-1008 4728 96 ) 
4 62 63 (-1000 4728 64 ) (-672 4728 64 ) (-672 4728 192 ) (-1000 4728 192 ) 
4 63 66 (-1000 4696 64 ) (-672 4696 64 ) (-672 4696 192 ) (-1000 4696 192 ) 
3 63 65 (-1000 4696 80.006210 ) (-1000 4696 96 ) (-1000 4711.993652 96 ) 
4 63 64 (-1000 4728 192 ) (-1000 4728 96 ) (-1000 4696 96 ) (-1000 4696 192 ) 
4 64 68 (-1008 4728 192 ) (-1008 4728 96 ) (-1008 4720 96 ) (-1008 4720 192 ) 
4 64 69 (-1008 4720 96 ) (-1008 4696 96 ) (-1008 4696 192 ) (-1008 4720 192 ) 
4 64 66 (-1008 4696 192 ) (-1008 4696 96 ) (-1000 4696 96 ) (-1000 4696 192 ) 
4 64 65 (-1000 4711.993652 96 ) (-1000 4696 96 ) (-1008 4696 96 ) (-1008 4711.993652 96 ) 
3 65 69 (-1008 4696 80.006210 ) (-1008 4696 96 ) (-1008 4711.993652 96 ) 
4 65 66 (-1008 4696 96 ) (-1008 4696 80.006218 ) (-1000 4696 80.006210 ) (-1000 4696 96 ) 
4 66 70 (-1008 4696 64 ) (-1008 4384 64 ) (-1008 4384 192 ) (-1008 4696 192 ) 
4 67 596 (-672 4096 192 ) (-1008 4096 192 ) (-1008 4096 64 ) (-672 4096 64 ) 
4 67 75 (-672 4352 64 ) (-672 4096 64 ) (-1008 4096 64 ) (-1008 4352 64 ) 
4 67 71 (-1008 4352 64 ) (-1008 4096 64 ) (-1008 4096 192 ) (-1008 4352 192 ) 
4 68 81 (-1024 4720 192 ) (-1024 4728 192 ) (-1024 4728 96 ) (-1024 4720 96 ) 
4 68 69 (-1008 4720 96 ) (-1008 4720 192 ) (-1024 4720 192 ) (-1024 4720 96 ) 
4 69 82 (-1024 4696 192 ) (-1024 4720 192 ) (-1024 4720 72 ) (-1024 4696 72 ) 
4 69 70 (-1008 4696 72 ) (-1008 4696 192 ) (-1024 4696 192 ) (-1024 4696 72 ) 
4 70 83 (-1024 4384 192 ) (-1024 4696 192 ) (-1024 4696 64 ) (-1024 4384 64 ) 
4 71 596 (-1008 4096 192 ) (-1024 4096 192 ) (-1024 4096 64 ) (-1008 4096 64 ) 
4 71 84 (-1024 4096 64 ) (-1024 4096 192 ) (-1024 4352 192 ) (-1024 4352 64 ) 
4 71 75 (-1024 4096 64 ) (-1024 4352 64 ) (-1008 4352 64 ) (-1008 4096 64 ) 
4 72 596 (0 4096 -1504 ) (0 4096 64 ) (-640 4096 64 ) (-640 4096 -1504 ) 
4 72 74 (-640 4864 -1504 ) (-640 4352 -1504 ) (-640 4352 0 ) (-640 4864 0 ) 
4 72 73 (-640 5120 -1504 ) (-640 4864 -1504 ) (-640 4864 64 ) (-640 5120 64 ) 
4 72 75 (-640 4352 -1504 ) (-640 4096 -1504 ) (-640 4096 64 ) (-640 4352 64 ) 
4 73 99 (-1024 5120 0 ) (-1024 5120 -1504 ) (-1024 4864 -1504 ) (-1024 4864 0 ) 
4 73 95 (-1024 4864 64 ) (-1024 5120 64 ) (-1024 5120 0 ) (-1024 4864 0 ) 
4 73 74 (-1024 4864 -1504 ) (-640 4864 -1504 ) (-640 4864 0 ) (-1024 4864 0 ) 
4 74 99 (-1024 4864 0 ) (-1024 4864 -1504 ) (-1024 4352 -1504 ) (-1024 4352 0 ) 
4 74 75 (-1024 4352 -1504 ) (-640 4352 -1504 ) (-640 4352 0 ) (-1024 4352 0 ) 
4 75 596 (-640 4096 64 ) (-1024 4096 64 ) (-1024 4096 -1504 ) (-640 4096 -1504 ) 
4 75 99 (-1024 4096 -1504 ) (-1024 4096 0 ) (-1024 4352 0 ) (-1024 4352 -1504 ) 
4 75 98 (-1024 4096 0 ) (-1024 4096 64 ) (-1024 4352 64 ) (-1024 4352 0 ) 
4 76 99 (-1024 5120 -1504 ) (-1024 5120 0 ) (-2048 5120 0 ) (-2048 5120 -1504 ) 
4 76 95 (-1024 5120 0 ) (-1024 5120 64 ) (-2048 5120 64 ) (-2048 5120 0 ) 
4 76 90 (-1120 5120 192 ) (-2048 5120 192 ) (-2048 5120 64 ) (-1120 5120 64 ) 
4 76 79 (-1024 5120 64 ) (-1024 5120 192 ) (-1120 5120 192 ) (-1120 5120 64 ) 
4 76 78 (-1024 5120 192 ) (-1024 5120 2784 ) (-2048 5120 2784 ) (-2048 5120 192 ) 
4 76 77 (-2048 6144 2784 ) (-2048 6144 -1504 ) (-2048 5120 -1504 ) (-2048 5120 2784 ) 
4 77 107 (-3072 5120 -1504 ) (-3072 5120 2784 ) (-3072 6144 2784 ) (-3072 6144 -1504 ) 
4 77 100 (-3072 5120 2784 ) (-3072 5120 -1504 ) (-2048 5120 -1504 ) (-2048 5120 2784 ) 
4 78 614 (-1024 4096 192 ) (-1024 4096 2784 ) (-2048 4096 2784 ) (-2048 4096 192 ) 
4 78 100 (-2048 5120 2784 ) (-2048 5120 192 ) (-2048 4096 192 ) (-2048 4096 2784 ) 
4 78 93 (-2048 4352 192 ) (-2048 4864 192 ) (-1704 4864 192 ) (-1704 4352 192 ) 
4 78 92 (-1224 4832 192 ) (-1224 4384 192 ) (-1672 4384 192 ) (-1672 4832 192 ) 
4 78 91 (-1192 4864 192 ) (-1152 4864 192 ) (-1152 4352 192 ) (-1192 4352 192 ) 
4 78 90 (-2048 4864 192 ) (-2048 5120 192 ) (-1120 5120 192 ) (-1120 4864 192 ) 
4 78 94 (-1120 4096 192 ) (-2048 4096 192 ) (-2048 4352 192 ) (-1120 4352 192 ) 
4 78 88 (-1120 4384 192 ) (-1120 4696 192 ) (-1040 4696 192 ) (-1040 4384 192 ) 
4 78 89 (-1040 4096 192 ) (-1120 4096 192 ) (-1120 4352 192 ) (-1040 4352 192 ) 
4 78 85 (-1048 4728 192 ) (-1040 4728 192 ) (-1040 4696 192 ) (-1048 4696 192 ) 
4 78 87 (-1120 4696 192 ) (-1120 4728 192 ) (-1048 4728 192 ) (-1048 4696 192 ) 
4 78 83 (-1040 4384 192 ) (-1040 4696 192 ) (-1024 4696 192 ) (-1024 4384 192 ) 
4 78 84 (-1024 4096 192 ) (-1040 4096 192 ) (-1040 4352 192 ) (-1024 4352 192 ) 
4 78 81 (-1040 4720 192 ) (-1040 4728 192 ) (-1024 4728 192 ) (-1024 4720 192 ) 
4 78 82 (-1040 4696 192 ) (-1040 4720 192 ) (-1024 4720 192 ) (-1024 4696 192 ) 
4 78 79 (-1120 4864 192 ) (-1120 5120 192 ) (-1024 5120 192 ) (-1024 4864 192 ) 
4 78 80 (-1120 4728 192 ) (-1120 4832 192 ) (-1024 4832 192 ) (-1024 4728 192 ) 
4 79 95 (-1120 5120 64 ) (-1024 5120 64 ) (-1024 4864 64 ) (-1120 4864 64 ) 
4 79 90 (-1120 5120 64 ) (-1120 4864 64 ) (-1120 4864 192 ) (-1120 5120 192 ) 
4 80 85 (-1040 4728 96 ) (-1040 4728 192 ) (-1048 4728 192 ) (-1048 4728 96 ) 
4 80 87 (-1120 4728 192 ) (-1120 4728 64 ) (-1048 4728 64 ) (-1048 4728 192 ) 
4 80 81 (-1024 4728 96 ) (-1024 4728 192 ) (-1040 4728 192 ) (-1040 4728 96 ) 
4 81 85 (-1040 4728 192 ) (-1040 4728 96 ) (-1040 4720 96 ) (-1040 4720 192 ) 
4 81 82 (-1040 4720 192 ) (-1040 4720 96 ) (-1024 4720 96 ) (-1024 4720 192 ) 
3 82 86 (-1040 4696 80.006332 ) (-1040 4696 96 ) (-1040 4711.993652 96 ) 
4 82 85 (-1040 4696 96 ) (-1040 4696 192 ) (-1040 4720 192 ) (-1040 4720 96 ) 
4 82 83 (-1040 4696 192 ) (-1040 4696 72 ) (-1024 4696 72 ) (-1024 4696 192 ) 
4 83 88 (-1040 4696 64 ) (-1040 4384 64 ) (-1040 4384 192 ) (-1040 4696 192 ) 
4 84 614 (-1024 4096 64 ) (-1024 4096 192 ) (-1040 4096 192 ) (-1040 4096 64 ) 
4 84 98 (-1024 4352 64 ) (-1024 4096 64 ) (-1040 4096 64 ) (-1040 4352 64 ) 
4 84 89 (-1040 4352 64 ) (-1040 4096 64 ) (-1040 4096 192 ) (-1040 4352 192 ) 
4 85 88 (-1040 4696 96 ) (-1040 4696 192 ) (-1048 4696 192 ) (-1048 4696 96 ) 
4 85 86 (-1040 4696 96 ) (-1048 4696 96 ) (-1048 4711.993652 96 ) (-1040 4711.993652 96 ) 
4 85 87 (-1048 4728 192 ) (-1048 4728 96 ) (-1048 4696 96 ) (-1048 4696 192 ) 
4 86 88 (-1040 4696 80.006210 ) (-1040 4696 96 ) (-1048 4696 96 ) (-1048 4696 80.006218 ) 
3 86 87 (-1048 4696 80.006210 ) (-1048 4696 96 ) (-1048 4711.993652 96 ) 
4 87 88 (-1120 4696 192 ) (-1120 4696 64 ) (-1048 4696 64 ) (-1048 4696 192 ) 
4 89 614 (-1040 4096 192 ) (-1120 4096 192 ) (-1120 4096 64 ) (-1040 4096 64 ) 
4 89 98 (-1040 4096 64 ) (-1120 4096 64 ) (-1120 4352 64 ) (-1040 4352 64 ) 
4 89 94 (-1120 4352 64 ) (-1120 4096 64 ) (-1120 4096 192 ) (-1120 4352 192 ) 
4 90 100 (-2048 5120 192 ) (-2048 5120 64 ) (-2048 4864 64 ) (-2048 4864 192 ) 
4 90 95 (-2048 5120 64 ) (-1120 5120 64 ) (-1120 4864 64 ) (-2048 4864 64 ) 
4 90 93 (-2048 4864 64 ) (-1704 4864 64 ) (-1704 4864 192 ) (-2048 4864 192 ) 
4 90 91 (-1192 4864 64 ) (-1152 4864 64 ) (-1152 4864 192 ) (-1192 4864 192 ) 
4 91 96 (-1152 4352 64 ) (-1192 4352 64 ) (-1192 4864 64 ) (-1152 4864 64 ) 
4 91 94 (-1192 4352 64 ) (-1152 4352 64 ) (-1152 4352 192 ) (-1192 4352 192 ) 
4 93 100 (-2048 4864 64 ) (-2048 4352 64 ) (-2048 4352 192 ) (-2048 4864 192 ) 
4 93 97 (-1704 4352 64 ) (-2048 4352 64 ) (-2048 4864 64 ) (-1704 4864 64 ) 
4 93 94 (-2048 4352 64 ) (-1704 4352 64 ) (-1704 4352 192 ) (-2048 4352 192 ) 
4 94 614 (-1120 4096 192 ) (-2048 4096 192 ) (-2048 4096 64 ) (-1120 4096 64 ) 
4 94 100 (-2048 4352 64 ) (-2048 4096 64 ) (-2048 4096 192 ) (-2048 4352 192 ) 
4 94 98 (-1120 4352 64 ) (-1120 4096 64 ) (-2048 4096 64 ) (-2048 4352 64 ) 
4 95 100 (-2048 5120 64 ) (-2048 5120 0 ) (-2048 4864 0 ) (-2048 4864 64 ) 
4 95 99 (-2048 4864 0 ) (-2048 5120 0 ) (-1024 5120 0 ) (-1024 4864 0 ) 
4 95 96 (-1192 4864 0 ) (-1152 4864 0 ) (-1152 4864 64 ) (-1192 4864 64 ) 
4 95 97 (-2048 4864 0 ) (-1704 4864 0 ) (-1704 4864 64 ) (-2048 4864 64 ) 
4 96 99 (-1192 4864 0 ) (-1152 4864 0 ) (-1152 4352 0 ) (-1192 4352 0 ) 
4 96 98 (-1192 4352 0 ) (-1152 4352 0 ) (-1152 4352 64 ) (-1192 4352 64 ) 
4 97 100 (-2048 4864 0 ) (-2048 4352 0 ) (-2048 4352 64 ) (-2048 4864 64 ) 
4 97 99 (-2048 4352 0 ) (-2048 4864 0 ) (-1704 4864 0 ) (-1704 4352 0 ) 
4 97 98 (-2048 4352 0 ) (-1704 4352 0 ) (-1704 4352 64 ) (-2048 4352 64 ) 
4 98 614 (-1024 4096 0 ) (-1024 4096 64 ) (-2048 4096 64 ) (-2048 4096 0 ) 
4 98 100 (-2048 4352 0 ) (-2048 4096 0 ) (-2048 4096 64 ) (-2048 4352 64 ) 
4 98 99 (-1024 4096 0 ) (-2048 4096 0 ) (-2048 4352 0 ) (-1024 4352 0 ) 
4 99 614 (-1024 4096 -1504 ) (-1024 4096 0 ) (-2048 4096 0 ) (-2048 4096 -1504 ) 
4 99 100 (-2048 5120 0 ) (-2048 5120 -1504 ) (-2048 4096 -1504 ) (-2048 4096 0 ) 
4 100 616 (-2048 4096 -1504 ) (-2048 4096 2784 ) (-3072 4096 2784 ) (-3072 4096 -1504 ) 
4 100 108 (-3072 4096 -1504 ) (-3072 4096 2784 ) (-3072 5120 2784 ) (-3072 5120 -1504 ) 
4 101 103 (-4096 9216 2784 ) (-4096 9216 -1504 ) (-4096 8192 -1504 ) (-4096 8192 2784 ) 
4 101 102 (-3072 8192 -1504 ) (-3072 8192 2784 ) (-4096 8192 2784 ) (-4096 8192 -1504 ) 
4 102 105 (-3072 7168 -1504 ) (-3072 7168 2784 ) (-4096 7168 2784 ) (-4096 7168 -1504 ) 
4 102 104 (-4096 7168 -1504 ) (-4096 7168 2784 ) (-4096 8192 2784 ) (-4096 8192 -1504 ) 
4 103 104 (-4096 8192 -1504 ) (-4096 8192 2784 ) (-4320 8192 2784 ) (-4320 8192 -1504 ) 
4 104 106 (-4096 7168 -1504 ) (-4096 7168 2784 ) (-4320 7168 2784 ) (-4320 7168 -1504 ) 
4 105 107 (-3072 6144 -1504 ) (-3072 6144 2784 ) (-4096 6144 2784 ) (-4096 6144 -1504 ) 
4 105 106 (-4096 6144 -1504 ) (-4096 6144 2784 ) (-4096 7168 2784 ) (-4096 7168 -1504 ) 
4 106 109 (-4096 6144 -1504 ) (-4096 6144 2784 ) (-4320 6144 2784 ) (-4320 6144 -1504 ) 
4 107 109 (-4096 6144 2784 ) (-4096 6144 -1504 ) (-4096 5120 -1504 ) (-4096 5120 2784 ) 
4 107 108 (-3072 5120 -1504 ) (-3072 5120 2784 ) (-4096 5120 2784 ) (-4096 5120 -1504 ) 
4 108 956 (-3072 4096 -1504 ) (-3072 4096 2784 ) (-4096 4096 2784 ) (-4096 4096 -1504 ) 
4 108 110 (-4096 4096 -1504 ) (-4096 4096 2784 ) (-4096 5120 2784 ) (-4096 5120 -1504 ) 
4 109 110 (-4096 5120 -1504 ) (-4096 5120 2784 ) (-4320 5120 2784 ) (-4320 5120 -1504 ) 
4 110 959 (-4096 4096 -1504 ) (-4096 4096 2784 ) (-4320 4096 2784 ) (-4320 4096 -1504 ) 
4 111 116 (3072 4096 2784 ) (3072 4096 -1504 ) (3072 4000 -1504 ) (3072 4000 2784 ) 
4 112 117 (3072 3552 -1504 ) (3072 3072 -1504 ) (3072 3072 2784 ) (3072 3552 2784 ) 
4 112 113 (4064 3072 2784 ) (3072 3072 2784 ) (3072 3072 -1504 ) (4064 3072 -1504 ) 
4 113 118 (3072 2048 -1504 ) (3072 2048 2784 ) (3072 3072 2784 ) (3072 3072 -1504 ) 
4 113 114 (4064 2048 2784 ) (3072 2048 2784 ) (3072 2048 -1504 ) (4064 2048 -1504 ) 
4 114 144 (3072 1024 -1504 ) (3072 1024 2784 ) (3072 2048 2784 ) (3072 2048 -1504 ) 
4 114 115 (4064 1024 2784 ) (3072 1024 2784 ) (3072 1024 -1504 ) (4064 1024 -1504 ) 
4 115 352 (4064 0 2784 ) (3072 0 2784 ) (3072 0 -1504 ) (4064 0 -1504 ) 
4 115 145 (3072 0 -1504 ) (3072 0 2784 ) (3072 1024 2784 ) (3072 1024 -1504 ) 
4 116 119 (2048 4096 2784 ) (2048 4096 -1504 ) (2048 4000 -1504 ) (2048 4000 2784 ) 
4 117 120 (2048 3552 -1504 ) (2048 3072 -1504 ) (2048 3072 2784 ) (2048 3552 2784 ) 
4 117 118 (3072 3072 -1504 ) (3072 3072 2784 ) (2048 3072 2784 ) (2048 3072 -1504 ) 
4 118 144 (3072 2048 -1504 ) (3072 2048 2784 ) (2048 2048 2784 ) (2048 2048 -1504 ) 
4 118 129 (2048 2048 256 ) (2048 2048 352 ) (2048 2304 320 ) (2048 2304 288 ) 
4 118 128 (2048 2048 -1504 ) (2048 2048 256 ) (2048 2304 288 ) (2048 2304 -1504 ) 
4 118 127 (2048 2048 352 ) (2048 2048 2784 ) (2048 2304 2784 ) (2048 2304 320 ) 
4 118 126 (2048 2304 2784 ) (2048 3072 2784 ) (2048 3072 -1504 ) (2048 2304 -1504 ) 
4 119 121 (1024 4096 2784 ) (1024 4096 -1504 ) (1024 4000 -1504 ) (1024 4000 2784 ) 
4 120 126 (2048 3072 -1504 ) (2048 3072 2784 ) (1024 3072 2784 ) (1024 3072 -1504 ) 
4 120 125 (1024 3072 208 ) (1024 3072 272 ) (1024 3328 288 ) (1024 3328 224 ) 
4 120 124 (1024 3328 -1504 ) (1024 3072 -1504 ) (1024 3072 208 ) (1024 3328 224 ) 
4 120 123 (1024 3072 272 ) (1024 3072 2784 ) (1024 3328 2784 ) (1024 3328 288 ) 
4 120 122 (1024 3552 -1504 ) (1024 3328 -1504 ) (1024 3328 2784 ) (1024 3552 2784 ) 
4 121 596 (0 4096 2784 ) (0 4096 -1504 ) (0 4000 -1504 ) (0 4000 2784 ) 
4 122 597 (0 3552 -1504 ) (0 3328 -1504 ) (0 3328 2784 ) (0 3552 2784 ) 
4 122 125 (1024 3328 224 ) (1024 3328 288 ) (96 3328 288 ) (96 3328 224 ) 
4 122 124 (0 3328 -1504 ) (1024 3328 -1504 ) (1024 3328 224 ) (0 3328 224 ) 
4 122 123 (1024 3328 288 ) (1024 3328 2784 ) (0 3328 2784 ) (0 3328 288 ) 
4 123 598 (0 3072 272 ) (0 3072 2784 ) (0 3328 2784 ) (0 3328 288 ) 
4 123 130 (1024 3072 272 ) (1024 3072 2784 ) (0 3072 2784 ) (0 3072 272 ) 
4 123 125 (1024 3072 272 ) (128 3072 272 ) (96 3328 288 ) (1024 3328 288 ) 
4 124 599 (0 3328 -1504 ) (0 3072 -1504 ) (0 3072 208 ) (0 3328 224 ) 
4 124 138 (1024 3072 -1504 ) (1024 3072 192 ) (0 3072 192 ) (0 3072 -1504 ) 
4 124 132 (1024 3072 192 ) (1024 3072 208 ) (0 3072 208 ) (0 3072 192 ) 
4 124 125 (1024 3328 224 ) (96 3328 224 ) (128 3072 208 ) (1024 3072 208 ) 
4 125 137 (192 3072 256 ) (128 3072 256 ) (128 3072 208 ) (192 3072 208 ) 
4 125 133 (1024 3072 208 ) (1024 3072 256 ) (192 3072 256 ) (192 3072 208 ) 
4 125 131 (1024 3072 256 ) (1024 3072 272 ) (128 3072 272 ) (128 3072 256 ) 
4 126 138 (1024 3072 192 ) (1024 3072 -1504 ) (1024 2304 -1504 ) (1024 2304 192 ) 
5 126 133 (1024 3072 256 ) (1024 3072 208 ) (1024 2816 192 ) (1024 2304 192 ) (1024 2304 256 ) 
3 126 132 (1024 3072 208 ) (1024 3072 192 ) (1024 2816 192 ) 
3 126 131 (1024 3072 272 ) (1024 3072 256 ) (1024 2816 256 ) 
5 126 130 (1024 3072 2784 ) (1024 3072 272 ) (1024 2816 256 ) (1024 2304 256 ) (1024 2304 2784 ) 
4 126 129 (2048 2304 288 ) (2048 2304 320 ) (1264 2304 320 ) (1264 2304 288 ) 
4 126 128 (1024 2304 -1504 ) (2048 2304 -1504 ) (2048 2304 288 ) (1024 2304 288 ) 
4 126 127 (2048 2304 320 ) (2048 2304 2784 ) (1024 2304 2784 ) (1024 2304 320 ) 
4 127 147 (2048 2048 352 ) (2048 2048 2784 ) (1024 2048 2784 ) (1024 2048 352 ) 
4 127 139 (1024 2048 352 ) (1024 2048 2784 ) (1024 2304 2784 ) (1024 2304 320 ) 
4 127 129 (2048 2048 352 ) (1272 2048 352 ) (1264 2304 320 ) (2048 2304 320 ) 
4 128 157 (1024 2048 208 ) (1024 2048 160 ) (1224 2048 160 ) (1224 2048 208 ) 
4 128 156 (1024 2048 160 ) (1024 2048 112 ) (1224 2048 112 ) (1224 2048 160 ) 
4 128 153 (1224 2048 256 ) (1024 2048 256 ) (1024 2048 208 ) (1224 2048 208 ) 
4 128 151 (1272 2048 256 ) (1224 2048 256 ) (1224 2048 112 ) (1272 2048 112 ) 
4 128 149 (2048 2048 208 ) (2048 2048 256 ) (1272 2048 256 ) (1272 2048 208 ) 
4 128 150 (2048 2048 112 ) (2048 2048 208 ) (1272 2048 208 ) (1272 2048 112 ) 
4 128 146 (2048 2048 -1504 ) (2048 2048 112 ) (1024 2048 112 ) (1024 2048 -1504 ) 
4 128 140 (1024 2304 -1504 ) (1024 2048 -1504 ) (1024 2048 256 ) (1024 2304 288 ) 
4 128 129 (2048 2304 288 ) (1264 2304 288 ) (1272 2048 256 ) (2048 2048 256 ) 
4 129 149 (2048 2048 256 ) (2048 2048 352 ) (1272 2048 352 ) (1272 2048 256 ) 
3 130 605 (0 2304 256 ) (0 2496 280 ) (0 2496 256 ) 
5 130 603 (0 2496 280 ) (0 3072 352 ) (0 3072 272 ) (0 2816 256 ) (0 2496 256 ) 
4 130 601 (0 2304 256 ) (0 2304 2784 ) (0 3072 2784 ) (0 3072 352 ) 
4 130 143 (96 2304 2784 ) (0 2304 2784 ) (0 2304 256 ) (96 2304 256 ) 
4 130 141 (816 2304 320 ) (96 2304 320 ) (96 2304 288 ) (816 2304 288 ) 
4 130 140 (1024 2304 256 ) (1024 2304 288 ) (96 2304 288 ) (96 2304 256 ) 
4 130 139 (1024 2304 320 ) (1024 2304 2784 ) (96 2304 2784 ) (96 2304 320 ) 
3 130 134 (136 2624 256 ) (144 2688 256 ) (144 2624 256 ) 
4 130 136 (144 2304 256 ) (96 2304 256 ) (120 2496 256 ) (144 2496 256 ) 
5 130 133 (1024 2304 256 ) (144 2304 256 ) (144 2688 256 ) (160 2816 256 ) (1024 2816 256 ) 
4 130 131 (1024 2816 256 ) (160 2816 256 ) (128 3072 272 ) (1024 3072 272 ) 
3 131 137 (128 3072 256 ) (192 3072 256 ) (160 2816 256 ) 
4 131 133 (192 3072 256 ) (1024 3072 256 ) (1024 2816 256 ) (160 2816 256 ) 
3 132 602 (0 3072 208 ) (0 3072 192 ) (0 2816 192 ) 
4 132 138 (0 2816 192 ) (0 3072 192 ) (1024 3072 192 ) (1024 2816 192 ) 
3 132 137 (192 3072 208 ) (128 3072 208 ) (160 2816 192 ) 
4 132 133 (1024 3072 208 ) (192 3072 208 ) (160 2816 192 ) (1024 2816 192 ) 
4 133 140 (1024 2304 192 ) (1024 2304 256 ) (144 2304 256 ) (144 2304 192 ) 
5 133 138 (1024 2304 192 ) (144 2304 192 ) (144 2688 192 ) (160 2816 192 ) (1024 2816 192 ) 
5 133 137 (192 3072 207.997803 ) (160.004883 2816.035156 192 ) (160 2815.998291 192 ) (160 2815.996826 256 ) (192 3072 256 ) 
4 133 135 (144 2624 192 ) (144 2496 192 ) (144 2496 240 ) (144 2624 240 ) 
4 133 134 (144 2687.998047 256 ) (144 2687.998047 192 ) (144 2624 192 ) (144 2624 256 ) 
4 133 136 (144 2496 192 ) (144 2304 192 ) (144 2304 256 ) (144 2496 256 ) 
3 134 138 (136 2624 192 ) (144 2688 192 ) (144 2624 192 ) 
4 134 135 (136.001953 2624 240 ) (136.001953 2624 192 ) (144 2624 192 ) (144 2624 240 ) 
4 135 138 (120 2496 192 ) (136 2624 192 ) (144 2624 192 ) (144 2496 192 ) 
4 135 136 (120.001945 2496 240 ) (120.001945 2496 192 ) (144 2496 192 ) (144 2496 240 ) 
4 136 140 (144 2304 256 ) (96 2304 256 ) (96 2304 192 ) (144 2304 192 ) 
4 136 138 (144 2304 192 ) (96 2304 192 ) (120 2496 192 ) (144 2496 192 ) 
4 138 612 (0 2304 -1504 ) (0 2304 192 ) (0 3072 192 ) (0 3072 -1504 ) 
4 138 142 (96 2304 192 ) (0 2304 192 ) (0 2304 -1504 ) (96 2304 -1504 ) 
4 138 140 (1024 2304 -1504 ) (1024 2304 192 ) (96 2304 192 ) (96 2304 -1504 ) 
4 139 160 (1024 2048 352 ) (1024 2048 2784 ) (96 2048 2784 ) (96 2048 352 ) 
4 139 143 (96 2048 352 ) (96 2048 2784 ) (96 2304 2784 ) (96 2304 320 ) 
4 139 141 (96 2048 352 ) (96 2304 320 ) (816 2304 320 ) (904 2048 352 ) 
4 140 161 (1024 2048 -1504 ) (1024 2048 256 ) (96 2048 256 ) (96 2048 -1504 ) 
4 140 143 (96 2048 224 ) (96 2048 256 ) (96 2304 288 ) (96 2304 256 ) 
4 140 142 (96 2304 -1504 ) (96 2048 -1504 ) (96 2048 160 ) (96 2304 192 ) 
4 140 141 (816 2304 288 ) (96 2304 288 ) (96 2048 256 ) (904 2048 256 ) 
4 141 162 (904 2048 352 ) (96 2048 352 ) (96 2048 256 ) (904 2048 256 ) 
4 141 143 (96 2048 256 ) (96 2048 352 ) (96 2304 320 ) (96 2304 288 ) 
4 142 612 (0 2048 -1504 ) (0 2048 160 ) (0 2304 192 ) (0 2304 -1504 ) 
4 142 163 (0 2048 160 ) (0 2048 -1504 ) (96 2048 -1504 ) (96 2048 160 ) 
4 143 601 (0 2048 224 ) (0 2048 2784 ) (0 2304 2784 ) (0 2304 256 ) 
4 143 164 (96 2048 2784 ) (0 2048 2784 ) (0 2048 224 ) (96 2048 224 ) 
5 144 149 (2048 2048 352 ) (2048 2048 208 ) (2048 1024 144 ) (2048 1024 384 ) (2048 1792 384 ) 
4 144 150 (2048 2048 208 ) (2048 2048 112 ) (2048 1024 48 ) (2048 1024 144 ) 
3 144 148 (2048 1024 384 ) (2048 1024 480 ) (2048 1792 384 ) 
4 144 147 (2048 2048 2784 ) (2048 2048 352 ) (2048 1024 480 ) (2048 1024 2784 ) 
4 144 146 (2048 2048 112 ) (2048 2048 -1504 ) (2048 1024 -1504 ) (2048 1024 48 ) 
4 144 145 (3072 1024 -1504 ) (3072 1024 2784 ) (2048 1024 2784 ) (2048 1024 -1504 ) 
4 145 356 (3072 0 -1504 ) (3072 0 2784 ) (2048 0 2784 ) (2048 0 -1504 ) 
4 145 184 (2048 0 0 ) (2048 0 96 ) (2048 1024 96 ) (2048 1024 0 ) 
4 145 188 (2048 0 -1504 ) (2048 0 0 ) (2048 1024 0 ) (2048 1024 -1504 ) 
4 145 173 (2048 0 96 ) (2048 0 2784 ) (2048 1024 2784 ) (2048 1024 96 ) 
4 146 186 (1192 1024 48 ) (1024 1024 48 ) (1024 1024 0 ) (1192 1024 0 ) 
4 146 185 (1335.783813 1024 48 ) (1192 1024 48 ) (1192 1024 0 ) (1335.783813 1024 0 ) 
4 146 184 (2048 1024 0 ) (2048 1024 48 ) (1335.783813 1024 48 ) (1335.783813 1024 0 ) 
4 146 188 (2048 1024 -1504 ) (2048 1024 0 ) (1024 1024 0 ) (1024 1024 -1504 ) 
4 146 165 (1024 1792 -1504 ) (1024 1024 -1504 ) (1024 1024 48 ) (1024 1792 96 ) 
4 146 161 (1024 2048 112 ) (1024 2048 -1504 ) (1024 1792 -1504 ) (1024 1792 96 ) 
3 146 158 (1104 1280 64 ) (1024 1512.727295 78.545456 ) (1024 1280 64 ) 
4 146 157 (1192 1024 48 ) (1448 1024 48 ) (1392 1280 64 ) (1104 1280 64 ) 
5 146 156 (1392 1280 64 ) (1224 2048 112 ) (1024 2048 112 ) (1024 1512.727295 78.545456 ) (1104 1280 64 ) 
3 146 151 (1272 2048 112 ) (1224 2048 112 ) (1280 1792 96 ) 
5 146 150 (1448 1024 48 ) (2048 1024 48 ) (2048 2048 112 ) (1272 2048 112 ) (1280 1792 96 ) 
4 147 181 (1192 1024 2784 ) (1024 1024 2784 ) (1024 1024 480 ) (1192 1024 480 ) 
4 147 179 (1280 1024 2784 ) (1192 1024 2784 ) (1192 1024 480 ) (1280 1024 480 ) 
4 147 176 (1480 1024 2784 ) (1280 1024 2784 ) (1280 1024 480 ) (1480 1024 480 ) 
4 147 173 (2048 1024 480 ) (2048 1024 2784 ) (1480 1024 2784 ) (1480 1024 480 ) 
4 147 168 (1024 1792 384 ) (1024 1024 480 ) (1024 1024 2784 ) (1024 1792 2784 ) 
4 147 160 (1024 2048 2784 ) (1024 2048 352 ) (1024 1792 384 ) (1024 1792 2784 ) 
4 147 152 (1024 1024 480 ) (1024 1792 384 ) (1280 1792 384 ) (1448 1024 480 ) 
4 147 149 (1272 2048 352 ) (2048 2048 352 ) (2048 1792 384 ) (1280 1792 384 ) 
4 147 148 (2048 1792 384 ) (2048 1024 480 ) (1448 1024 480 ) (1280 1792 384 ) 
4 148 176 (1480 1024 480 ) (1448 1024 480 ) (1448 1024 384 ) (1480 1024 384 ) 
4 148 173 (2048 1024 384 ) (2048 1024 480 ) (1480 1024 480 ) (1480 1024 384 ) 
3 148 152 (1448 1024 479.998535 ) (1280 1791.996094 384 ) (1448 1024 384 ) 
6 148 149 (2048 1024 384 ) (1480 1024 384 ) (1391.996094 1280.011230 384 ) (1280.002197 1791.988281 384 ) (1280.001831 1792 384 ) (2048 1792 384 ) 
4 149 173 (2048 1024 144 ) (2048 1024 384 ) (1480 1024 384 ) (1480 1024 144 ) 
3 149 153 (1280 1791.996460 224 ) (1280 1791.996460 192 ) (1391.998291 1280.005005 160 ) 
4 149 151 (1280 1792.001953 192 ) (1280 1792.001953 224 ) (1272 2048 256 ) (1272 2048 208 ) 
6 149 150 (1392.002075 1279.994019 160 ) (1279.995605 1792.023438 192.001465 ) (1271.996338 2048 208 ) (2048 2048 208 ) (2048 1024 144 ) (1480 1024 144 ) 
4 150 184 (2048 1024 48 ) (2048 1024 96 ) (1448 1024 96 ) (1448 1024 48 ) 
4 150 178 (1480 1024 144 ) (1448 1024 144 ) (1448 1024 96 ) (1480 1024 96 ) 
4 150 173 (2048 1024 96 ) (2048 1024 144 ) (1480 1024 144 ) (1480 1024 96 ) 
3 150 159 (1448 1024 128 ) (1448 1024 144 ) (1392 1280 160 ) 
6 150 157 (1280 1791.996460 192 ) (1280 1791.996582 128 ) (1391.996582 1280.013062 64.001648 ) (1448 1024 48 ) (1448 1024 128 ) (1392 1280 160 ) 
3 150 156 (1280 1791.996582 128 ) (1280 1791.996704 96 ) (1391.996582 1280.013062 64.001648 ) 
4 150 151 (1280 1792.001953 96.003906 ) (1280 1792.001953 192 ) (1272 2048 208 ) (1272 2048 112.003159 ) 
4 151 157 (1224 2048 208 ) (1224 2048 160 ) (1280 1791.996704 128 ) (1280 1791.996582 192 ) 
4 151 156 (1224 2048 160 ) (1224 2048 112 ) (1280 1791.996704 96 ) (1280 1791.996704 128 ) 
4 151 153 (1224 2048 256 ) (1224 2048 208 ) (1280 1791.996582 192 ) (1280 1791.996460 224 ) 
4 152 182 (1024 1024 418.594604 ) (1024 1024 384 ) (1192 1024 384 ) (1192 1024 418.594604 ) 
4 152 181 (1192 1024 480 ) (1024 1024 480 ) (1024 1024 418.594604 ) (1192 1024 418.594604 ) 
4 152 179 (1280 1024 480 ) (1192 1024 480 ) (1192 1024 384 ) (1280 1024 384 ) 
4 152 176 (1448 1024 480 ) (1280 1024 480 ) (1280 1024 384 ) (1448 1024 384 ) 
3 152 168 (1024 1024 384 ) (1024 1024 480 ) (1024 1792 384 ) 
3 152 155 (1024 1024 384 ) (1024 1512.727295 384 ) (1192 1024 384 ) 
3 152 154 (1024 1512.727295 384 ) (1024 1645.714478 384 ) (1104 1280 384 ) 
4 153 167 (1024 1792 192 ) (1024 1645.714478 182.857147 ) (1024 1645.714478 205.714310 ) (1024 1792 224 ) 
4 153 161 (1024 2048 256 ) (1024 2048 208 ) (1024 1792 192 ) (1024 1792 224 ) 
5 153 157 (1024 2048 208 ) (1223.996338 2048 208 ) (1391.996338 1280 160 ) (1104 1280 160 ) (1024 1645.714478 182.857147 ) 
4 154 169 (1024 1645.714478 205.714310 ) (1024 1512.727295 189.090912 ) (1024 1512.727295 384 ) (1024 1645.714478 384 ) 
5 154 155 (1103.990723 1280.027710 160.003464 ) (1104 1280.001709 160.001846 ) (1103.998413 1280.007446 384 ) (1024 1512.729980 384 ) (1024 1512.728271 189.091049 ) 
4 155 183 (1024 1024 146.962967 ) (1024 1024 144 ) (1192 1024 144 ) (1192 1024 146.962967 ) 
4 155 182 (1024 1024 384 ) (1024 1024 146.962967 ) (1192 1024 146.962967 ) (1192 1024 384 ) 
5 155 169 (1024 1280 160 ) (1024 1024 144 ) (1024 1024 384 ) (1024 1512.727295 384 ) (1024 1512.727295 189.090912 ) 
4 156 166 (1024 1792 96 ) (1024 1512.727295 78.545456 ) (1024 1512.727295 93.090912 ) (1024 1792 128 ) 
4 156 161 (1024 2048 160 ) (1024 2048 112 ) (1024 1792 96 ) (1024 1792 128 ) 
3 156 158 (1024 1512.729492 93.091187 ) (1024 1512.729492 78.545593 ) (1104 1280 64 ) 
6 156 157 (1024 2048 160 ) (1024 1645.714600 109.714325 ) (1103.994263 1280.026001 64.003250 ) (1104.003174 1280 64 ) (1392 1280 64 ) (1224 2048 160 ) 
4 157 185 (1192 1024 48 ) (1335.783813 1024 48 ) (1335.783813 1024 96 ) (1192 1024 96 ) 
4 157 184 (1335.783813 1024 48 ) (1448 1024 48 ) (1448 1024 96 ) (1335.783813 1024 96 ) 
4 157 180 (1280 1024 128 ) (1192 1024 128 ) (1192 1024 96 ) (1280 1024 96 ) 
4 157 178 (1448 1024 96 ) (1448 1024 128 ) (1280 1024 128 ) (1280 1024 96 ) 
4 157 167 (1024 1792 128 ) (1024 1645.714478 109.714310 ) (1024 1645.714355 182.857147 ) (1024 1792 192 ) 
4 157 161 (1024 2048 208 ) (1024 2048 160 ) (1024 1792 128 ) (1024 1792 192 ) 
4 157 159 (1392 1279.996094 160 ) (1104.001343 1279.996094 160 ) (1192 1024 128 ) (1448 1024 128 ) 
3 158 166 (1024 1512.727295 78.545456 ) (1024 1280 64 ) (1024 1512.727295 93.090912 ) 
4 159 180 (1192 1024 128 ) (1280 1024 128 ) (1280 1024 144 ) (1192 1024 144 ) 
4 159 178 (1280 1024 128 ) (1448 1024 128 ) (1448 1024 144 ) (1280 1024 144 ) 
4 160 168 (1024 1792 384 ) (1024 1792 2784 ) (96 1792 2784 ) (96 1792 384 ) 
4 160 164 (96 1792 384 ) (96 1792 2784 ) (96 2048 2784 ) (96 2048 352 ) 
4 160 162 (992 1792 384 ) (96 1792 384 ) (96 2048 352 ) (904 2048 352 ) 
4 161 167 (1024 1792 128 ) (1024 1792 224 ) (992 1792 224 ) (992 1792 128 ) 
4 161 166 (1024 1792 96 ) (1024 1792 128 ) (96 1792 128 ) (96 1792 96 ) 
4 161 165 (1024 1792 -1504 ) (1024 1792 96 ) (96 1792 96 ) (96 1792 -1504 ) 
4 161 164 (96 1792 192 ) (96 1792 224 ) (96 2048 256 ) (96 2048 224 ) 
4 161 163 (96 2048 -1504 ) (96 1792 -1504 ) (96 1792 128 ) (96 2048 160 ) 
4 161 162 (904 2048 256 ) (96 2048 256 ) (96 1792 224 ) (992 1792 224 ) 
4 162 169 (992 1792 384 ) (96 1792 384 ) (96 1792 224 ) (992 1792 224 ) 
4 162 164 (96 1792 224 ) (96 1792 384 ) (96 2048 352 ) (96 2048 256 ) 
4 163 623 (0 1792 96 ) (0 1792 128 ) (0 2048 160 ) (0 2048 112 ) 
4 163 622 (0 1792 -1504 ) (0 1792 96 ) (0 2048 112 ) (0 2048 -1504 ) 
4 163 172 (0 1792 128 ) (0 1792 96 ) (96 1792 96 ) (96 1792 128 ) 
4 163 171 (0 1792 96 ) (0 1792 -1504 ) (96 1792 -1504 ) (96 1792 96 ) 
4 164 620 (0 1792 192 ) (0 1792 2784 ) (0 2048 2784 ) (0 2048 224 ) 
4 164 170 (96 1792 2784 ) (0 1792 2784 ) (0 1792 192 ) (96 1792 192 ) 
4 165 346 (1024 1024 -1504 ) (1024 1024 48 ) (192 1024 48 ) (192 1024 -1504 ) 
4 165 171 (96 1792 96 ) (96 1792 -1504 ) (192 1024 -1504 ) (192 1024 48 ) 
4 165 166 (1024 1792 96 ) (95.996582 1792 96 ) (159.996475 1280 64 ) (1024 1280 64 ) 
3 166 172 (96 1792 128 ) (96 1792 96 ) (160 1280 64 ) 
3 166 167 (1024 1792 128 ) (992 1792 128 ) (1024 1645.714478 109.714310 ) 
4 168 211 (848 1024 424 ) (392 1024 424 ) (392 1024 384 ) (848 1024 384 ) 
4 168 210 (1024 1024 384 ) (1024 1024 424 ) (848 1024 424 ) (848 1024 384 ) 
4 168 213 (392 1024 424 ) (192 1024 424 ) (192 1024 384 ) (392 1024 384 ) 
5 168 195 (400 1024 2784 ) (192 1024 2784 ) (192 1024 424 ) (360 1024 424 ) (400 1024 470.666687 ) 
3 168 194 (360 1024 424 ) (400 1024 424 ) (400 1024 470.666687 ) 
3 168 191 (559.640259 1024 760.420959 ) (839.991211 1024 424 ) (848.001099 1024 424 ) 
6 168 192 (1024 1024 424 ) (1024 1024 2784 ) (400 1024 2784 ) (400 1024 951.989136 ) (559.640259 1024 760.420959 ) (848.001099 1024 424 ) 
3 168 190 (400 1024 951.989136 ) (400 1024 424 ) (839.991211 1024 424 ) 
4 168 170 (96 1792 2784 ) (96 1792 384 ) (192 1024 384 ) (192 1024 2784 ) 
5 168 169 (191.996216 1024 384 ) (95.996094 1792 384 ) (992 1792 384 ) (1024 1645.714478 384 ) (1024 1024 384 ) 
4 169 293 (192 1024 146.962952 ) (192 1024 144 ) (424 1024 144 ) (424 1024 146.962967 ) 
4 169 290 (424 1024 224 ) (416 1024 224 ) (416 1024 146.962967 ) (424 1024 146.962967 ) 
4 169 292 (416 1024 224 ) (192 1024 224 ) (192 1024 146.962952 ) (416 1024 146.962967 ) 
4 169 286 (424 1024 146.962952 ) (424 1024 144 ) (848 1024 144 ) (848 1024 146.962967 ) 
4 169 284 (848 1024 224 ) (424 1024 224 ) (424 1024 146.962952 ) (848 1024 146.962967 ) 
4 169 282 (1024 1024 144 ) (1024 1024 146.962967 ) (848 1024 146.962952 ) (848 1024 144 ) 
4 169 279 (856 1024 224 ) (848 1024 224 ) (848 1024 146.962952 ) (856 1024 146.962952 ) 
4 169 278 (1024 1024 146.962967 ) (1024 1024 224 ) (856 1024 224 ) (856 1024 146.962952 ) 
4 169 226 (1024 1024 224 ) (1024 1024 360 ) (192 1024 360 ) (192 1024 224 ) 
4 169 211 (848 1024 384 ) (392 1024 384 ) (392 1024 360 ) (848 1024 360 ) 
4 169 210 (1024 1024 360 ) (1024 1024 384 ) (848 1024 384 ) (848 1024 360 ) 
4 169 213 (392 1024 384 ) (192 1024 384 ) (192 1024 360 ) (392 1024 360 ) 
5 169 170 (96 1792 384 ) (96 1792 224 ) (160 1280 160 ) (192 1024 144 ) (192 1024 384 ) 
5 170 620 (0 1024 112 ) (0 1024 2784 ) (0 1792 2784 ) (0 1792 192 ) (0 1280 128 ) 
4 170 295 (192 1024 112 ) (192 1024 146.962967 ) (0 1024 146.962967 ) (0 1024 112 ) 
4 170 292 (192 1024 146.962967 ) (192 1024 224 ) (0 1024 224 ) (0 1024 146.962967 ) 
4 170 226 (192 1024 224 ) (192 1024 360 ) (0 1024 360 ) (0 1024 224 ) 
4 170 213 (192 1024 360 ) (192 1024 424 ) (0 1024 424 ) (0 1024 360 ) 
4 170 195 (192 1024 424 ) (192 1024 2784 ) (0 1024 2784 ) (0 1024 424 ) 
4 171 622 (0 1024 -1504 ) (0 1024 48 ) (0 1792 96 ) (0 1792 -1504 ) 
4 171 346 (192 1024 -1504 ) (192 1024 48 ) (0 1024 48 ) (0 1024 -1504 ) 
4 171 172 (160.003922 1280 64 ) (96.003906 1792 96 ) (0 1792 96 ) (0 1280 64 ) 
3 172 623 (0 1792 128 ) (0 1792 96 ) (0 1280 64 ) 
4 173 362 (2048 0 96 ) (2048 0 384 ) (1832 0 384 ) (1832 0 96 ) 
4 173 359 (2048 0 384 ) (2048 0 390.918945 ) (1832 0 390.919189 ) (1832 0 384 ) 
4 173 358 (2048 0 390.918945 ) (2048 0 2784 ) (1832 0 2784 ) (1832 0 390.919189 ) 
4 173 184 (1480 1024 96 ) (2048 1024 96 ) (2048 0 96 ) (1832 0 96 ) 
5 173 178 (1479.998047 1024 96 ) (1596.341553 685.546143 96 ) (1596.341553 685.546204 121.892311 ) (1568 767.996399 128 ) (1479.998047 1024 144 ) 
4 173 176 (1568 768 2784 ) (1480 1024 2784 ) (1479.998169 1024 384 ) (1568 767.994873 384 ) 
4 173 175 (1596.341553 685.546204 121.892311 ) (1596.341919 685.551025 2784 ) (1568 768 2784 ) (1568 767.994324 128 ) 
4 173 174 (1596.341553 685.546143 96 ) (1831.998047 0 96 ) (1832 0 2784 ) (1596.341919 685.551025 2784 ) 
4 174 363 (1540.756714 0 384 ) (1540.756714 0 96 ) (1576 0 96 ) (1576 0 384 ) 
4 174 362 (1576 0 96 ) (1832 0 96 ) (1832 0 384 ) (1576 0 384 ) 
4 174 359 (1540.756714 0 390.919189 ) (1540.756714 0 384 ) (1832 0 384 ) (1832 0 390.918945 ) 
4 174 358 (1832 0 2784 ) (1540.756714 0 2784 ) (1540.756714 0 390.919189 ) (1832 0 390.918945 ) 
3 174 184 (1596.341919 685.550720 96 ) (1832 0 96 ) (1540.756714 0 96 ) 
3 174 178 (1596.342163 685.552734 121.892822 ) (1596.342163 685.552734 96 ) (1568 336 96 ) 
3 174 177 (1540.756836 0 390.918945 ) (1540.756836 0 412.444458 ) (1568 336 400 ) 
4 174 176 (1540.756836 0 412.444458 ) (1540.756836 0 2784 ) (1568 336 2784 ) (1568 336 400 ) 
4 174 175 (1596.342163 685.552673 2784 ) (1596.342163 685.552734 121.892822 ) (1568 336 96 ) (1568 336 2784 ) 
3 175 178 (1568 767.996094 128 ) (1596.341797 685.546875 121.892578 ) (1568 335.997009 96 ) 
4 175 176 (1568 768 2784 ) (1568 768 384 ) (1568 336.003876 400 ) (1568 336.003571 2784 ) 
4 176 358 (1540.756714 0 2784 ) (1280 0 2784 ) (1280 0 412.444336 ) (1540.756714 0 412.444458 ) 
3 176 182 (1280 768 411.675781 ) (1280 768 384 ) (1280 336 400 ) 
5 176 181 (1280 0 412.444458 ) (1280 0 2784 ) (1280 768 2784 ) (1280 768 411.675781 ) (1280 336 400 ) 
4 176 179 (1280 768 2784 ) (1280 1024 2784 ) (1280 1024 384 ) (1280 768 384 ) 
4 176 177 (1280 0 412.444214 ) (1280 335.996277 400 ) (1568 336 400 ) (1540.756714 0 412.444275 ) 
4 177 358 (1280 0 412.444336 ) (1280 0 390.918945 ) (1540.756714 0 390.918945 ) (1540.756714 0 412.444458 ) 
3 177 181 (1280 0 390.918945 ) (1280 0 412.444458 ) (1280 336 400 ) 
3 178 187 (1308.341919 685.550537 96 ) (1280 336 96 ) (1280 768 96 ) 
4 178 185 (1280 1024 96 ) (1335.783813 1024 96 ) (1308.341919 685.550537 96 ) (1280 768 96 ) 
5 178 184 (1335.783813 1024 96 ) (1480 1024 96 ) (1596.341919 685.550720 96 ) (1568 336 96 ) (1280 336 96 ) 
4 178 180 (1280 1024 96 ) (1280 768 96 ) (1280 768 128 ) (1280 1024 144 ) 
4 179 182 (1280 768 384 ) (1280 768 411.675690 ) (1192 1024 418.594727 ) (1192 1024 384 ) 
4 179 181 (1280 768 411.675690 ) (1280 768 2784 ) (1192 1024 2784 ) (1192 1024 418.594727 ) 
3 180 185 (1192 1024 96 ) (1280 1024 96 ) (1280 768 96 ) 
4 181 358 (1280 0 2784 ) (1024 0 2784 ) (1024 0 390.918945 ) (1280 0 390.918915 ) 
4 181 216 (1024 192 396.108093 ) (1024 0 390.918915 ) (1024 0 424 ) (1024 192 424 ) 
4 181 214 (1024 200 396.324310 ) (1024 192 396.108093 ) (1024 192 424 ) (1024 200 424 ) 
4 181 210 (1024 1024 424 ) (1024 1024 418.594482 ) (1024 200 396.324310 ) (1024 200 424 ) 
4 181 209 (1024 40 424 ) (1024 0 424 ) (1024 0 472 ) (1024 40 472 ) 
4 181 207 (1024 0 472 ) (1024 0 480 ) (1024 40 480 ) (1024 40 472 ) 
4 181 205 (1024 104 424 ) (1024 40 424 ) (1024 40 480 ) (1024 104 480 ) 
4 181 203 (1024 152 424 ) (1024 104 424 ) (1024 104 480 ) (1024 152 480 ) 
4 181 201 (1024 0 480 ) (1024 0 2784 ) (1024 152 2784 ) (1024 152 480 ) 
4 181 192 (1024 1024 2784 ) (1024 1024 424 ) (1024 152 424 ) (1024 152 2784 ) 
6 181 182 (1191.998779 1024 418.594543 ) (1280 767.996582 411.675537 ) (1280 336 400 ) (1252.756714 0 390.918884 ) (1024 0 390.918884 ) (1024 1024 418.594543 ) 
4 182 364 (1024 0 384 ) (1024 0 96 ) (1252.756714 0 96 ) (1252.756714 0 384 ) 
4 182 360 (1024 0 390.918945 ) (1024 0 384 ) (1252.756714 0 384 ) (1252.756714 0 390.918915 ) 
4 182 300 (1024 192 96 ) (1024 0 96 ) (1024 0 224 ) (1024 192 224 ) 
4 182 296 (1024 200 96 ) (1024 192 96 ) (1024 192 224 ) (1024 200 224 ) 
4 182 283 (1024 208 96 ) (1024 200 96 ) (1024 200 224 ) (1024 208 224 ) 
5 182 280 (1024 416 101.925949 ) (1024 336 96 ) (1024 208 96 ) (1024 208 224 ) (1024 416 224 ) 
4 182 278 (1024 1024 224 ) (1024 1024 146.963135 ) (1024 416 101.925949 ) (1024 416 224 ) 
4 182 256 (1024 192 224 ) (1024 0 224 ) (1024 0 360 ) (1024 192 360 ) 
4 182 247 (1024 200 224 ) (1024 192 224 ) (1024 192 360 ) (1024 200 360 ) 
4 182 230 (1024 424 224 ) (1024 200 224 ) (1024 200 360 ) (1024 424 360 ) 
4 182 227 (1024 432 224 ) (1024 424 224 ) (1024 424 360 ) (1024 432 360 ) 
4 182 226 (1024 1024 360 ) (1024 1024 224 ) (1024 432 224 ) (1024 432 360 ) 
4 182 216 (1024 192 360 ) (1024 0 360 ) (1024 0 390.918915 ) (1024 192 396.108093 ) 
4 182 214 (1024 200 360 ) (1024 192 360 ) (1024 192 396.108093 ) (1024 200 396.324310 ) 
4 182 210 (1024 1024 418.594482 ) (1024 1024 360 ) (1024 200 360 ) (1024 200 396.324310 ) 
4 182 183 (1024 1024 146.962891 ) (1192 1024 146.962891 ) (1280 768 128 ) (1024 768.003906 128 ) 
3 183 282 (1024 1024 146.963135 ) (1024 1024 144 ) (1024 767.990601 128 ) 
4 184 367 (1288 0 96 ) (1252.756836 0 96 ) (1252.756714 0 0 ) (1288 0 0 ) 
4 184 366 (2048 0 0 ) (2048 0 96 ) (1288 0 96 ) (1288 0 0 ) 
4 184 187 (1280 336 0 ) (1280 336 96 ) (1308.341553 685.551758 96 ) (1308.341797 685.551025 25.892662 ) 
3 184 186 (1308.341919 685.550720 0 ) (1280 336 0 ) (1308.341797 685.551025 25.892662 ) 
4 184 185 (1335.783691 1024 0 ) (1308.341919 685.550720 0 ) (1308.341553 685.551758 96 ) (1335.783325 1024 96 ) 
4 184 188 (1335.783813 1024 0 ) (2048 1024 0 ) (2048 0 0 ) (1252.756836 0 0 ) 
4 185 187 (1308.339844 685.554688 25.892939 ) (1308.339844 685.554688 96 ) (1280 767.997864 96 ) (1280 767.997925 32 ) 
5 185 186 (1192 1024 0 ) (1308.339844 685.554688 0 ) (1308.339844 685.554688 25.892939 ) (1280 768 32 ) (1192 1024 48 ) 
3 185 188 (1192 1024 0 ) (1335.783813 1024 0 ) (1308.341919 685.550415 0 ) 
4 186 346 (1024 1024 48 ) (1024 1024 0 ) (1024 336 0 ) (1024 768 32 ) 
4 186 187 (1280 336 0 ) (1308.341797 685.554688 25.893066 ) (1280.004883 767.989258 32 ) (1280 767.989258 32 ) 
5 186 188 (1024 1024 0 ) (1192 1024 0 ) (1308.341919 685.550415 0 ) (1280 336 0 ) (1024 336 0 ) 
4 188 369 (2048 0 -1504 ) (2048 0 0 ) (1024 0 0 ) (1024 0 -1504 ) 
3 188 347 (1024 0 -24.888916 ) (1024 0 0 ) (1024 336 0 ) 
5 188 346 (1024 1024 0 ) (1024 1024 -1504 ) (1024 0 -1504 ) (1024 0 -24.888916 ) (1024 336 0 ) 
4 189 222 (688 152 424 ) (400 152 424 ) (400 192 424 ) (688 192 424 ) 
4 189 221 (839.991272 152 424 ) (688 152 424 ) (688 192 424 ) (839.991272 192 424 ) 
4 189 200 (400 152 424 ) (839.991211 152 424 ) (799.991211 152 472 ) (400 152 472 ) 
3 189 193 (400 192 424 ) (400 152 424 ) (400 152 470.666687 ) 
4 190 212 (400 200 424 ) (400 440 424 ) (839.991272 440 424 ) (839.991272 200 424 ) 
4 190 211 (400 440 424 ) (400 1024 424 ) (839.991211 1024 424 ) (839.991272 440 424 ) 
3 190 198 (793.324524 152 480 ) (599.432129 152 712.670776 ) (400 152 480 ) 
3 190 197 (599.432129 152 712.670776 ) (400 152 951.989136 ) (400 152 480 ) 
5 190 195 (400 160 470.666656 ) (400 152 480 ) (400 152 951.989136 ) (400 1024 951.989136 ) (400 1024 470.666687 ) 
4 190 194 (400 1024 424 ) (400 200 424 ) (400 160 470.666656 ) (400 1024 470.666687 ) 
5 190 191 (559.690918 152 760.361816 ) (793.325806 152 480 ) (839.992554 200 424 ) (839.992554 1024 424 ) (559.693115 1024 760.359253 ) 
4 190 192 (400 1024 951.990967 ) (400 152 951.990967 ) (559.690918 152 760.361816 ) (559.693115 1024 760.359253 ) 
4 191 212 (839.991272 200.002136 424 ) (839.991272 440 424 ) (848.001038 440 424 ) (848 200 424 ) 
4 191 211 (839.991272 440 424 ) (839.991211 1024 424 ) (848.001099 1024 424 ) (848.001038 440 424 ) 
3 191 201 (800.001099 152 480 ) (559.640259 152 760.420959 ) (793.322754 152 480.002075 ) 
5 191 192 (559.589844 1024 760.484375 ) (559.589844 152 760.484375 ) (800.004944 152 480 ) (848.004883 200 424 ) (848.004883 1024 424 ) 
4 192 218 (904 152 424 ) (848 152 424 ) (848 192 424 ) (904 192 424 ) 
4 192 217 (912 152 424 ) (904 152 424 ) (904 192 424 ) (912 192 424 ) 
4 192 216 (1024 192 424 ) (1024 152 424 ) (912 152 424 ) (912 192 424 ) 
4 192 214 (1024 200 424 ) (1024 192 424 ) (848 192 424 ) (848 200 424 ) 
4 192 210 (1024 1024 424 ) (1024 200 424 ) (848 200 424 ) (848.001099 1024 424 ) 
4 192 203 (848.001099 152 424 ) (1024 152 424 ) (1024 152 480 ) (800.001099 152 480 ) 
6 192 201 (1024 152 480 ) (1024 152 2784 ) (400 152 2784 ) (400 152 951.989136 ) (559.640259 152 760.420959 ) (800.001099 152 480 ) 
4 192 195 (400 152 951.989136 ) (400 152 2784 ) (400 1024 2784 ) (400 1024 951.989136 ) 
4 193 222 (400 152 424 ) (360 152 424 ) (360 192 424 ) (400 192 424 ) 
3 193 200 (360 152 424 ) (400 152 424 ) (400 152 470.666687 ) 
4 194 212 (400 440 424 ) (400 200 424 ) (392 200 424 ) (392 440 424 ) 
4 194 211 (392 1024 424 ) (400 1024 424 ) (400 440 424 ) (392 440 424 ) 
4 194 213 (360 200 424 ) (360 1024 424 ) (392 1024 424 ) (392 200 424 ) 
4 194 195 (359.996124 1024 424 ) (359.996094 200 424 ) (400 159.996887 470.670288 ) (400 1024 470.670258 ) 
4 195 627 (0 1024 480 ) (0 1024 424 ) (0 200 424 ) (0 152 480 ) 
4 195 626 (0 1024 2784 ) (0 1024 480 ) (0 152 480 ) (0 152 2784 ) 
4 195 213 (0 200 424 ) (0 1024 424 ) (360 1024 424 ) (360 200 424 ) 
4 195 201 (0 152 2784 ) (0 152 1431.988770 ) (400 152 951.989136 ) (400 152 2784 ) 
4 195 197 (0 152 1431.988770 ) (0 152 480 ) (400 152 480 ) (400 152 951.989136 ) 
4 195 196 (0 200.003891 424 ) (352 200.003906 424 ) (400 152 480.001312 ) (0 152 480.001312 ) 
3 196 627 (0 200 424 ) (0 152 424 ) (0 152 480 ) 
4 196 223 (352 152 424 ) (0 152 424 ) (0 192 424 ) (352 192 424 ) 
4 196 215 (0 192 424 ) (0 200 424 ) (352 200 424 ) (352 192 424 ) 
4 196 199 (0 152 472 ) (0 152 424 ) (352 152 424 ) (393.142914 152 472 ) 
4 196 197 (0 152 480 ) (0 152 472 ) (393.142914 152 472 ) (400 152 480 ) 
4 197 637 (0 0 472 ) (0 0 480 ) (0 64 480 ) (0 64 472 ) 
4 197 627 (0 64 480 ) (0 152 480 ) (0 152 472 ) (0 64 472 ) 
4 197 626 (0 0 480 ) (0 0 1431.988770 ) (0 152 1431.988770 ) (0 152 480 ) 
5 197 394 (0 0 1431.988770 ) (0 0 472 ) (393.142883 0 472 ) (400 0 480 ) (400 0 951.989136 ) 
3 197 388 (400 0 580.822632 ) (400 0 539.200012 ) (429.723785 0 539.200012 ) 
5 197 386 (450.742920 0 539.200012 ) (524.800049 0 625.599976 ) (400 0 625.599976 ) (400 0 580.822632 ) (429.723785 0 539.200012 ) 
3 197 384 (400 0 480 ) (450.742920 0 539.200012 ) (400 0 539.200012 ) 
4 197 383 (524.800049 0 625.599976 ) (599.432129 0 712.670776 ) (400 0 951.989136 ) (400 0 625.599976 ) 
4 197 201 (599.432617 152 712.671326 ) (0 152 1431.989990 ) (0 0 1431.989990 ) (599.432556 0 712.671387 ) 
4 197 199 (0 152 472 ) (393.142883 152 472 ) (393.142853 0 472 ) (0 0 472 ) 
4 197 198 (399.995850 152 480 ) (599.431335 152 712.673157 ) (599.431335 0 712.673157 ) (399.995850 0 480 ) 
4 198 386 (524.800049 0 625.599976 ) (450.742920 0 539.200012 ) (624 0 539.200012 ) (624 0 625.599976 ) 
4 198 384 (450.742920 0 539.200012 ) (400 0 480 ) (624 0 480 ) (624 0 539.200012 ) 
4 198 383 (624 0 683.189331 ) (599.432129 0 712.670776 ) (524.800049 0 625.599976 ) (624 0 625.599976 ) 
3 198 370 (793.324524 0 480 ) (624 0 683.189331 ) (624 0 480 ) 
4 198 201 (793.325500 152 480 ) (599.432617 152 712.671326 ) (599.432556 0 712.671387 ) (793.325500 0 480 ) 
4 199 637 (0 0 424 ) (0 0 472 ) (0 64 472 ) (0 64 424 ) 
4 199 627 (0 64 472 ) (0 152 472 ) (0 152 424 ) (0 64 424 ) 
4 199 394 (0 0 472 ) (0 0 424 ) (352 0 424 ) (393.142853 0 472 ) 
4 199 223 (352 0 424 ) (0 0 424 ) (0 152 424 ) (352 152 424 ) 
3 200 397 (360 0 424 ) (384 0 424 ) (384 0 452.800446 ) 
4 200 396 (384 0 424 ) (400 0 424 ) (400 0 472 ) (384 0 452.800446 ) 
4 200 385 (400 0 424 ) (624 0 424 ) (624 0 472 ) (400 0 472 ) 
3 200 376 (624 0 424 ) (672 0 472 ) (665.142822 0 472 ) 
4 200 375 (624 0 424 ) (839.991272 0 424 ) (799.991211 0 472 ) (672 0 472 ) 
3 200 373 (624 0 424 ) (665.142822 0 472 ) (624 0 472 ) 
4 200 222 (688 0 424 ) (360 0 424 ) (360 152 424 ) (688 152 424 ) 
4 200 221 (839.991272 0 424 ) (688 0 424 ) (688 152 424 ) (839.991272 152 424 ) 
4 200 208 (839.992188 0 424 ) (839.992188 40 424 ) (799.992188 40 472 ) (799.992188 0 472 ) 
3 200 204 (839.992188 64.008163 424 ) (839.992188 104 424 ) (800.001038 104 471.989349 ) 
4 200 202 (839.992188 40 424 ) (839.992188 64.008163 424 ) (799.992188 104.008881 472 ) (799.992188 40 472 ) 
4 201 626 (0 0 1431.988770 ) (0 0 2784 ) (0 152 2784 ) (0 152 1431.988770 ) 
4 201 394 (400 0 2784 ) (0 0 2784 ) (0 0 1431.988770 ) (400 0 951.989136 ) 
4 201 383 (624 0 2784 ) (400 0 2784 ) (400 0 951.989136 ) (624 0 683.189392 ) 
5 201 370 (1024 0 480 ) (1024 0 2784 ) (624 0 2784 ) (624 0 683.189392 ) (793.324585 0 480 ) 
4 201 207 (864 40 480 ) (1024 40 480 ) (1024 0 480 ) (864 0 480 ) 
4 201 205 (1024 104 480 ) (1024 40 480 ) (872 40 480 ) (808 104 480 ) 
4 201 203 (800.001038 152 480 ) (1024 152 480 ) (1024 104 480 ) (800.001038 104 480 ) 
4 202 220 (848 40 424 ) (839.991272 40 424 ) (839.991272 64.009109 424 ) (848 56 424 ) 
3 202 219 (864 40 424 ) (848 40 424 ) (848 56 424 ) 
4 202 208 (799.990906 40 472 ) (839.990906 40 424 ) (864 40 424 ) (864 40 472 ) 
4 202 204 (864 40 472 ) (864 40 424 ) (839.992493 64.008835 424 ) (799.994446 104.009079 472 ) 
5 203 218 (904 104 424 ) (856 104 424 ) (848 111.998894 424 ) (848 152 424 ) (904 152 424 ) 
4 203 217 (912 104 424 ) (904 104 424 ) (904 152 424 ) (912 152 424 ) 
4 203 216 (1024 152 424 ) (1024 104 424 ) (912 104 424 ) (912 152 424 ) 
3 203 206 (848 104 424 ) (854.666565 104 424 ) (848 104 432 ) 
4 203 205 (854.666565 104 424 ) (1024 104 424 ) (1024 104 480 ) (808 104 480 ) 
5 204 220 (848 56 424 ) (839.991272 64.009109 424 ) (839.991272 104 424 ) (840 104 424 ) (848 96 424 ) 
4 204 219 (904 40 424 ) (864 40 424 ) (848 56 424 ) (848 96 424 ) 
3 204 208 (864 40 472 ) (864 40 424 ) (904 40 424 ) 
3 205 218 (856 104 424 ) (904 104 424 ) (904 56 424 ) 
4 205 217 (904 56 424 ) (904 104 424 ) (912 104 424 ) (912 48 424 ) 
5 205 216 (1024 104 424 ) (1024 40 424 ) (918.666748 40 424 ) (912 46.666721 424 ) (912 104 424 ) 
4 205 209 (878.666687 40 472 ) (918.666626 40 424 ) (1024 40 424 ) (1024 40 472 ) 
4 205 207 (1024 40 480 ) (872 40 480 ) (878.666687 40 472 ) (1024 40 472 ) 
4 205 206 (848 104 432.006042 ) (854.671631 104 424 ) (918.672485 40 424 ) (912 40 432.007019 ) 
3 206 216 (918.666748 40 424 ) (912 40 424 ) (912 46.666721 424 ) 
3 206 209 (912 40 424 ) (918.666626 40 424 ) (912 40 432 ) 
4 207 380 (936 0 480 ) (864 0 480 ) (870.857056 0 472 ) (942.857117 0 472 ) 
4 207 379 (1024 0 472 ) (1024 0 480 ) (936 0 480 ) (942.857117 0 472 ) 
4 207 209 (870.857056 40 472 ) (1024 40 472 ) (1024 0 472 ) (870.857117 0 472 ) 
4 208 381 (864 0 472 ) (806.858154 0 472 ) (848 0 424 ) (904 0 424 ) 
4 208 375 (806.858154 0 472 ) (799.991272 0 472 ) (839.991272 0 424 ) (848 0 424 ) 
4 208 220 (848 0 424 ) (839.991272 0 424 ) (839.991272 40 424 ) (848 40 424 ) 
4 208 219 (904 0 424 ) (848 0 424 ) (848 40 424 ) (904 40 424 ) 
4 209 382 (942.857056 0 472 ) (870.857117 0 472 ) (912 0 424 ) (984 0 424 ) 
4 209 379 (1024 0 424 ) (1024 0 472 ) (942.857056 0 472 ) (984 0 424 ) 
4 209 216 (1024 40 424 ) (1024 0 424 ) (912 0 424 ) (912 40 424 ) 
4 210 230 (1024 424 360 ) (1024 200 360 ) (848 200 360 ) (848 424 360 ) 
4 210 227 (1024 432 360 ) (1024 424 360 ) (848 424 360 ) (848 432 360 ) 
4 210 226 (848 1024 360 ) (1024 1024 360 ) (1024 432 360 ) (848 432 360 ) 
4 210 214 (848 200 360 ) (1024 200 360 ) (1024 200 424 ) (848 200 424 ) 
4 210 212 (848 200 368 ) (848 200 424 ) (848 440 424 ) (848 440 368 ) 
4 210 211 (848 1024 360 ) (848 440 360 ) (848 440 424 ) (848 1024 424 ) 
4 211 226 (392 1024 360 ) (848 1024 360 ) (848 440 360 ) (392 440 360 ) 
4 211 212 (392 440 424 ) (392 440 368 ) (848 440 368 ) (848 440 424 ) 
4 211 213 (392 1024 360 ) (392 440 360 ) (392 440 424 ) (392 1024 424 ) 
4 212 213 (392 200 368 ) (392 200 424 ) (392 440 424 ) (392 440 368 ) 
4 213 657 (0 200 424 ) (0 1024 424 ) (0 1024 360 ) (0 200 360 ) 
4 213 246 (0 200 360 ) (0 424 360 ) (392 424 360 ) (392 200 360 ) 
4 213 229 (0 424 360 ) (0 432 360 ) (392 432 360 ) (392 424 360 ) 
4 213 226 (0 432 360 ) (0 1024 360 ) (392 1024 360 ) (392 432 360 ) 
4 213 215 (0 200 360 ) (352 200 360 ) (352 200 424 ) (0 200 424 ) 
4 214 247 (848 200 360 ) (1024 200 360 ) (1024 192 360 ) (848 192 360 ) 
4 214 218 (848 192 360 ) (904 192 360 ) (904 192 424 ) (848 192 424 ) 
4 214 217 (904 192 360 ) (912 192 360 ) (912 192 424 ) (904 192 424 ) 
4 214 216 (912 192 360 ) (1024 192 360 ) (1024 192 424 ) (912 192 424 ) 
4 215 657 (0 192 424 ) (0 200 424 ) (0 200 360 ) (0 192 360 ) 
4 215 277 (0 192 360 ) (0 200 360 ) (352 200 360 ) (352 192 360 ) 
4 215 225 (0 192 360 ) (352 192 360 ) (352 192 400 ) (0 192 400 ) 
4 215 223 (352 192 400 ) (352 192 424 ) (0 192 424 ) (0 192 400 ) 
4 216 400 (1024 0 360 ) (1024 0 424 ) (912 0 424 ) (912 0 360 ) 
4 216 256 (1024 0 360 ) (912 0 360 ) (912 192 360 ) (1024 192 360 ) 
4 216 217 (912 192 424 ) (912 192 360 ) (912 48 360 ) (912 48 424 ) 
4 217 261 (904 112 360 ) (904 192 360 ) (912 192 360 ) (912 120 360 ) 
3 217 260 (912 56 360 ) (912 48 360 ) (908 52 360 ) 
5 217 257 (904 56 360 ) (904 112 360 ) (912 120 360 ) (912 56 360 ) (908 52 360 ) 
4 217 218 (904 192 424 ) (904 192 360 ) (904 56 360 ) (904 56 424 ) 
5 218 261 (848 112 360 ) (848 192 360 ) (904 192 360 ) (904 112 360 ) (876 84 360 ) 
3 218 257 (904 112 360 ) (904 56 360 ) (876 84 360 ) 
4 219 403 (904 0 424 ) (848 0 424 ) (848 0 360 ) (904 0 360 ) 
4 219 264 (904 0 360 ) (848 0 360 ) (848 33 360 ) (904 33 360 ) 
4 219 262 (848 33 360 ) (848 96 360 ) (904 40 360 ) (904 33 360 ) 
4 219 220 (848 96 360 ) (848 0 360 ) (848 0 424 ) (848 96 424 ) 
4 220 404 (848 0 424 ) (840 0 424 ) (840 0 360 ) (848 0 360 ) 
4 220 264 (848 0 360 ) (840 0 360 ) (840 33 360 ) (848 33 360 ) 
4 220 262 (840 33 360 ) (840 104 360 ) (848 96 360 ) (848 33 360 ) 
4 220 221 (840 104 360 ) (840 0 360 ) (840 0 424 ) (840 104 424 ) 
4 221 408 (688 0 400 ) (688 0 360 ) (840 0 360 ) (840 0 400 ) 
4 221 406 (840 0 424 ) (688 0 424 ) (688 0 400 ) (840 0 400 ) 
4 221 272 (840 0 360 ) (688 0 360 ) (688 80 360 ) (840 80 360 ) 
4 221 267 (688 80 360 ) (688 152 360 ) (840 152 360 ) (840 80 360 ) 
4 221 265 (688 152 360 ) (688 192 360 ) (840 192 360 ) (840 152 360 ) 
4 221 222 (688 192 424 ) (688 192 408 ) (688 0 408 ) (688 0 424 ) 
4 222 415 (624 0 424 ) (360 0 424 ) (360 0 408 ) (624 0 408 ) 
4 222 412 (632 0 424 ) (624 0 424 ) (624 0 408 ) (632 0 408 ) 
4 222 407 (688 0 424 ) (632 0 424 ) (632 0 408 ) (688 0 408 ) 
4 223 674 (0 0 400 ) (0 0 424 ) (0 64 424 ) (0 64 400 ) 
4 223 667 (0 64 424 ) (0 72 424 ) (0 72 400 ) (0 64 400 ) 
4 223 663 (0 72 424 ) (0 104 424 ) (0 104 400 ) (0 72 400 ) 
4 223 657 (0 104 424 ) (0 192 424 ) (0 192 400 ) (0 104 400 ) 
4 223 419 (352 0 424 ) (0 0 424 ) (0 0 400 ) (352 0 400 ) 
4 223 225 (0 0 400 ) (0 192 400 ) (352 192 400 ) (352 0 400 ) 
4 224 416 (360 0 360 ) (624 0 360 ) (624 0 400 ) (360 0 400 ) 
4 224 413 (624 0 360 ) (632 0 360 ) (632 0 400 ) (624 0 400 ) 
4 224 409 (632 0 360 ) (680 0 360 ) (680 0 400 ) (632 0 400 ) 
4 224 273 (680 0 360 ) (360 0 360 ) (360 80 360 ) (680 80 360 ) 
4 224 271 (360 80 360 ) (360 152 360 ) (680 152 360 ) (680 80 360 ) 
4 224 266 (360 152 360 ) (360 192 360 ) (680 192 360 ) (680 152 360 ) 
4 225 674 (0 0 360 ) (0 0 400 ) (0 64 400 ) (0 64 360 ) 
4 225 667 (0 64 400 ) (0 72 400 ) (0 72 360 ) (0 64 360 ) 
4 225 665 (0 104 376 ) (0 104 360 ) (0 72 360 ) (0 72 376 ) 
4 225 663 (0 72 400 ) (0 104 400 ) (0 104 376 ) (0 72 376 ) 
4 225 657 (0 104 400 ) (0 192 400 ) (0 192 360 ) (0 104 360 ) 
4 225 419 (0 0 400 ) (0 0 360 ) (352 0 360 ) (352 0 400 ) 
4 225 277 (352 0 360 ) (0 0 360 ) (0 192 360 ) (352 192 360 ) 
4 226 694 (0 432 360 ) (0 1024 360 ) (0 1024 224 ) (0 432 224 ) 
4 226 290 (424 432 224 ) (416 432 224 ) (416 1024 224 ) (424 1024 224 ) 
4 226 292 (416 432 224 ) (0 432 224 ) (0 1024 224 ) (416 1024 224 ) 
4 226 284 (848 432 224 ) (424 432 224 ) (424 1024 224 ) (848 1024 224 ) 
4 226 279 (856 432 224 ) (848 432 224 ) (848 1024 224 ) (856 1024 224 ) 
4 226 278 (1024 1024 224 ) (1024 432 224 ) (856 432 224 ) (856 1024 224 ) 
4 226 229 (0 432 224 ) (392 432 224 ) (392 432 360 ) (0 432 360 ) 
4 226 228 (644 432 244 ) (644 432 352 ) (604 432 352 ) (604 432 244 ) 
4 226 227 (848 432 224 ) (1024 432 224 ) (1024 432 360 ) (848 432 360 ) 
4 227 279 (856 424 224 ) (848 424 224 ) (848 432 224 ) (856 432 224 ) 
4 227 278 (1024 432 224 ) (1024 424 224 ) (856 424 224 ) (856 432 224 ) 
4 227 230 (848 424 224 ) (1024 424 224 ) (1024 424 360 ) (848 424 360 ) 
4 228 235 (644 424 244 ) (644 424 352 ) (604 424 352 ) (604 424 244 ) 
4 229 694 (0 424 360 ) (0 432 360 ) (0 432 224 ) (0 424 224 ) 
4 229 292 (392 424 224 ) (0 424 224 ) (0 432 224 ) (392 432 224 ) 
4 229 246 (0 424 224 ) (392 424 224 ) (392 424 360 ) (0 424 360 ) 
4 230 283 (1024 208 224 ) (1024 200 224 ) (856 200 224 ) (856 208 224 ) 
4 230 280 (1024 416 224 ) (1024 208 224 ) (856 208 224 ) (856 416 224 ) 
4 230 278 (1024 424 224 ) (1024 416 224 ) (856 416 224 ) (856 424 224 ) 
4 230 247 (848 200 224 ) (1024 200 224 ) (1024 200 360 ) (848 200 360 ) 
4 230 232 (848 228 240 ) (848 228 352 ) (848 268 352 ) (848 268 240 ) 
4 230 231 (848 356 240 ) (848 356 352 ) (848 396 352 ) (848 396 240 ) 
4 231 233 (840 356 240 ) (840 356 352 ) (840 396 352 ) (840 396 240 ) 
4 232 233 (840 228 240 ) (840 228 352 ) (840 268 352 ) (840 268 240 ) 
4 233 248 (728 200 352 ) (728 200 232 ) (800 200 232 ) (800 200 352 ) 
4 233 234 (688 304 248 ) (688 304 336 ) (688 392 336 ) (688 392 248 ) 
4 234 239 (680 304 248 ) (680 304 336 ) (680 384 336 ) (680 384 248 ) 
4 234 235 (680 384 336 ) (680 392 336 ) (680 392 248 ) (680 384 248 ) 
4 235 239 (600 384 232 ) (680 384 232 ) (680 384 344 ) (600 384 344 ) 
4 235 237 (680 384 344 ) (680 384 360 ) (600 384 360 ) (600 384 344 ) 
4 236 241 (400 384 344 ) (400 384 232 ) (592 384 232 ) (592 384 344 ) 
4 236 238 (400 384 360 ) (400 384 344 ) (592 384 344 ) (592 384 360 ) 
4 237 242 (600 240 344 ) (680 240 344 ) (680 240 360 ) (600 240 360 ) 
4 237 239 (680 240 344 ) (600 240 344 ) (600 384 344 ) (680 384 344 ) 
4 238 244 (400 332 352 ) (400 380 352 ) (400 380 344 ) (400 332 344 ) 
4 238 245 (400 244 352 ) (400 292 352 ) (400 292 344 ) (400 244 344 ) 
4 238 243 (400 240 360 ) (400 240 344 ) (592 240 344 ) (592 240 360 ) 
4 238 241 (592 240 344 ) (400 240 344 ) (400 384 344 ) (592 384 344 ) 
4 239 242 (600 240 232 ) (680 240 232 ) (680 240 344 ) (600 240 344 ) 
4 239 240 (598 264 344 ) (598 360 344 ) (598 360 232 ) (598 264 232 ) 
4 240 241 (594 264 344 ) (594 360 344 ) (594 360 232 ) (594 264 232 ) 
4 241 244 (400 332 344 ) (400 380 344 ) (400 380 264 ) (400 332 264 ) 
4 241 245 (400 244 344 ) (400 292 344 ) (400 292 264 ) (400 244 264 ) 
4 241 243 (400 240 344 ) (400 240 232 ) (592 240 232 ) (592 240 344 ) 
4 243 252 (408 200 352 ) (408 200 232 ) (480 200 232 ) (480 200 352 ) 
4 244 246 (392 380 264 ) (392 332 264 ) (392 332 352 ) (392 380 352 ) 
4 245 246 (392 292 264 ) (392 244 264 ) (392 244 352 ) (392 292 352 ) 
4 246 694 (0 200 360 ) (0 424 360 ) (0 424 224 ) (0 200 224 ) 
4 246 292 (392 200 224 ) (0 200 224 ) (0 424 224 ) (392 424 224 ) 
4 246 277 (0 200 224 ) (352 200 224 ) (352 200 360 ) (0 200 360 ) 
4 247 296 (1024 200 224 ) (1024 192 224 ) (848 192 224 ) (848 200 224 ) 
4 247 261 (848 192 224 ) (912 192 224 ) (912 192 360 ) (848 192 360 ) 
4 247 256 (912 192 224 ) (1024 192 224 ) (1024 192 360 ) (912 192 360 ) 
4 248 249 (736 198 232 ) (792 198 232 ) (792 198 344.010010 ) (736 198 344.010010 ) 
4 249 250 (736 194 232 ) (792 194 232 ) (792 194 344.010010 ) (736 194 344.010010 ) 
4 250 265 (800 192 232 ) (800 192 352 ) (728 192 352 ) (728 192 232 ) 
4 251 255 (480 194 224 ) (480 192 224 ) (480 192 232 ) (480 194 232 ) 
4 251 254 (480 198 224 ) (480 194 224 ) (480 194 232 ) (480 198 232 ) 
4 251 252 (480 200 232 ) (480 200 224 ) (480 198 224 ) (480 198 232 ) 
4 252 253 (472 198 344.010010 ) (416 198 344.010010 ) (416 198 232 ) (472 198 232 ) 
4 252 254 (408 198 224 ) (480 198 224 ) (480 198 232 ) (408 198 232 ) 
4 253 255 (472 194 344.010010 ) (416 194 344.010010 ) (416 194 232 ) (472 194 232 ) 
4 253 254 (472 194 232 ) (416 194 232 ) (416 198 232 ) (472 198 232 ) 
4 254 255 (408 194 224 ) (480 194 224 ) (480 194 232 ) (408 194 232 ) 
4 255 266 (480 192 232 ) (480 192 352 ) (408 192 352 ) (408 192 232 ) 
4 256 437 (1024 0 224 ) (1024 0 360 ) (912 0 360 ) (912 0 224 ) 
4 256 300 (1024 192 224 ) (1024 0 224 ) (912 0 224 ) (912 192 224 ) 
4 256 263 (912 0 264 ) (912 0 352 ) (912 33 352 ) (912 33 264 ) 
4 256 261 (912 192 360 ) (912 192 224 ) (912 120 224 ) (912 120 360 ) 
4 256 260 (912 56 224 ) (912 48 224 ) (912 48 360 ) (912 56 360 ) 
4 256 259 (912 120 224 ) (912 56 224 ) (912 56 264 ) (912 120 264 ) 
4 256 257 (912 56 352 ) (912 56 360 ) (912 120 360 ) (912 120 352 ) 
4 256 258 (912 56 264 ) (912 56 352 ) (912 120 352 ) (912 120 264 ) 
4 257 261 (912 120 360 ) (912 120 352 ) (876 84 352 ) (876 84 360 ) 
4 257 260 (908 52 352 ) (912 56 352 ) (912 56 360 ) (908 52 360 ) 
4 257 258 (912 56 352 ) (908 52 352 ) (876.001892 83.998009 352 ) (912 119.996094 352 ) 
4 258 262 (900.001038 44 264 ) (900.001038 44 352 ) (868 76 352 ) (868 76 264 ) 
4 258 261 (912 120 352 ) (912 120 264 ) (876 84 264 ) (876 84 352 ) 
4 258 260 (908 52 264 ) (912 56 264 ) (912 56 352 ) (908 52 352 ) 
4 258 259 (912 56 264 ) (908 52 264 ) (876.001892 83.998009 264 ) (912 119.996094 264 ) 
4 259 301 (912 120 224 ) (912 56 224 ) (908 52 224 ) (876 84 224 ) 
4 259 261 (912 120 264 ) (912 120 224 ) (876 84 224 ) (876 84 264 ) 
4 259 260 (908 52 224 ) (912 56 224 ) (912 56 264 ) (908 52 264 ) 
3 260 306 (912 56 224 ) (912 48 224 ) (908 52 224 ) 
5 261 308 (848 192 224 ) (912 192 224 ) (912 120 224 ) (876 84 224 ) (848 112 224 ) 
4 262 272 (840 33 232 ) (840 33 360 ) (840 80 360 ) (840 80 232 ) 
4 262 267 (840 80 360 ) (840 104 360 ) (840 104 232 ) (840 80 232 ) 
4 262 264 (840 33 360 ) (840 33 232 ) (904 33 232 ) (904 33 360 ) 
4 263 438 (904 0 352 ) (904 0 264 ) (912 0 264 ) (912 0 352 ) 
4 263 264 (904 33 352 ) (904 33 264 ) (904 0 264 ) (904 0 352 ) 
4 264 440 (904 0 360 ) (840 0 360 ) (840 0 232 ) (904 0 232 ) 
4 264 272 (840 0 232 ) (840 0 360 ) (840 33 360 ) (840 33 232 ) 
4 265 267 (688 152 232 ) (840 152 232 ) (840 152 360 ) (688 152 360 ) 
4 266 271 (360 152 360 ) (360 152 232 ) (680 152 232 ) (680 152 360 ) 
4 267 272 (688 80 232 ) (840 80 232 ) (840 80 360 ) (688 80 360 ) 
4 267 268 (688 152 352 ) (688 152 232 ) (688 80 232 ) (688 80 352 ) 
4 268 269 (686 144 232 ) (686 88 232 ) (686 88 344.010010 ) (686 144 344.010010 ) 
4 269 270 (682 144 232 ) (682 88 232 ) (682 88 344.010010 ) (682 144 344.010010 ) 
4 270 271 (680 152 352 ) (680 152 232 ) (680 80 232 ) (680 80 352 ) 
4 271 275 (360 136 264 ) (360 88 264 ) (360 88 352 ) (360 136 352 ) 
4 271 273 (360 80 360 ) (360 80 232 ) (680 80 232 ) (680 80 360 ) 
4 272 447 (840 0 360 ) (688 0 360 ) (688 0 232 ) (840 0 232 ) 
4 273 459 (632 0 360 ) (360 0 360 ) (360 0 232 ) (632 0 232 ) 
4 273 449 (680 0 360 ) (632 0 360 ) (632 0 232 ) (680 0 232 ) 
4 273 276 (360 20 352 ) (360 68 352 ) (360 68 264 ) (360 20 264 ) 
4 273 274 (672 40 232 ) (672 0 232 ) (592 0 232 ) (592 40 232 ) 
4 274 483 (592 0 224 ) (632 0 224 ) (632 0 232 ) (592 0 232 ) 
4 274 451 (632 0 224 ) (672 0 224 ) (672 0 232 ) (632 0 232 ) 
4 274 327 (672 0 224 ) (592 0 224 ) (592 8 224 ) (672 8 224 ) 
4 274 325 (592 8 224 ) (592 24 224 ) (672 24 224 ) (672 8 224 ) 
4 275 277 (352 136 264 ) (352 88 264 ) (352 88 352 ) (352 136 352 ) 
4 276 277 (352 68 264 ) (352 20 264 ) (352 20 352 ) (352 68 352 ) 
4 277 694 (0 0 224 ) (0 0 360 ) (0 200 360 ) (0 200 224 ) 
4 277 491 (352 0 360 ) (0 0 360 ) (0 0 224 ) (352 0 224 ) 
4 277 345 (352 0 224 ) (0 0 224 ) (0 200 224 ) (352 200 224 ) 
4 278 282 (856 1024 146.962997 ) (1024 1024 146.962997 ) (1024 767.996704 128 ) (856 767.996704 128 ) 
4 278 280 (856 416 101.925781 ) (1024 416 101.925781 ) (1024 416 224 ) (856 416 224 ) 
4 278 279 (856 1024 146.962769 ) (856 424 102.518372 ) (856 424 224 ) (856 1024 224 ) 
4 279 284 (848 432 224 ) (848 1024 224 ) (848 1024 146.962967 ) (848 432 103.111115 ) 
4 279 282 (848 767.996948 128 ) (848 1024 146.962997 ) (856 1024 146.962997 ) (856 767.996948 128 ) 
4 280 283 (856 208 96 ) (1024 208 96 ) (1024 208 224 ) (856 208 224 ) 
5 280 281 (856 416 216 ) (856 416 101.925781 ) (856 336.002014 96 ) (856 208 96 ) (856 208 216 ) 
5 281 288 (848 336 96 ) (848 216 96 ) (848 216 208 ) (848 408 208 ) (848 408 101.333336 ) 
3 282 286 (848 768 128 ) (848 1024 146.962967 ) (848 1024 144 ) 
4 283 296 (856 200 96 ) (1024 200 96 ) (1024 200 224 ) (856 200 224 ) 
4 284 290 (424 432 224 ) (424 1024 224 ) (424 1024 146.962967 ) (424 432 103.111115 ) 
4 284 286 (424 768.006348 128 ) (424 1024 146.962891 ) (848 1024 146.962708 ) (848 768.015625 128 ) 
4 285 288 (432 408 101.333336 ) (840 408 101.333336 ) (840 408 208 ) (432 408 208 ) 
4 285 287 (840 408 208 ) (840 408 224 ) (432 408 224 ) (432 408 208 ) 
3 286 293 (424 768 128 ) (424 1024 146.962967 ) (424 1024 144 ) 
4 287 289 (432 216 208 ) (840 216 208 ) (840 216 224 ) (432 216 224 ) 
4 287 288 (840 216 208 ) (432 216 208 ) (432 408 208 ) (840 408 208 ) 
5 288 291 (424 336 96 ) (424 216 96 ) (424 216 208 ) (424 408 208 ) (424 408 101.333336 ) 
4 288 289 (432 216 96 ) (840 216 96 ) (840 216 208 ) (432 216 208 ) 
4 289 297 (728 200 96 ) (800 200 96 ) (800 200 216 ) (728 200 216 ) 
4 290 293 (424 1024 146.962677 ) (424 768.024658 128.001541 ) (416 768.024963 128.001556 ) (416 1024 146.962677 ) 
4 290 292 (416 1024 146.961517 ) (416 424 102.517075 ) (416 424 224 ) (416 1024 224 ) 
5 291 292 (416 416 101.924484 ) (416 336.019531 96 ) (416 208 96 ) (416 208 216 ) (416 416 216 ) 
4 292 749 (0 200 224 ) (0 248 224 ) (0 248 96 ) (0 200 96 ) 
5 292 744 (0 248 224 ) (0 1024 224 ) (0 1024 146.962967 ) (0 336 96 ) (0 248 96 ) 
5 292 350 (0 200 96 ) (0 336 96 ) (278 336 96 ) (288 256 96 ) (288 200 96 ) 
3 292 348 (278 336 96 ) (288 336 96 ) (288 256 96 ) 
4 292 345 (0 200 96 ) (352 200 96 ) (352 200 224 ) (0 200 224 ) 
4 292 295 (278 336.003906 96 ) (0 336.003906 96 ) (0 1024 146.962677 ) (192 1024 146.962677 ) 
4 292 293 (224 768 128 ) (192 1024 146.962677 ) (416 1024 146.962677 ) (416 768.024780 128.001556 ) 
3 292 294 (288 336.003906 96 ) (278 336.003906 96 ) (224 768 128 ) 
3 293 295 (224 768 128 ) (192 1024 146.961975 ) (192 1024 144 ) 
3 294 348 (288 336 96 ) (278 336 96 ) (224 768.001404 96 ) 
3 294 295 (224 768 96 ) (277.998322 336.013458 96 ) (224 768 128 ) 
4 295 744 (0 1024 146.962967 ) (0 1024 112 ) (0 768 96 ) (0 336 96 ) 
4 295 350 (0 336 96 ) (0 768 96 ) (224 768 96 ) (278 336 96 ) 
4 296 308 (848 192 96 ) (912 192 96 ) (912 192 224 ) (848 192 224 ) 
4 296 300 (912 192 96 ) (1024 192 96 ) (1024 192 224 ) (912 192 224 ) 
4 297 298 (736 198 96 ) (792 198 96 ) (792 198 208 ) (736 198 208 ) 
4 298 299 (736 194 96 ) (792 194 96 ) (792 194 208 ) (736 194 208 ) 
4 299 311 (728 192 96 ) (800 192 96 ) (800 192 216 ) (728 192 216 ) 
4 300 492 (1024 0 96 ) (1024 0 224 ) (912 0 224 ) (912 0 96 ) 
4 300 312 (912 0 128 ) (912 0 216 ) (912 33 216 ) (912 33 128 ) 
4 300 308 (912 192 224 ) (912 192 96 ) (912 120 96 ) (912 120 224 ) 
4 300 306 (912 56 96 ) (912 48 96 ) (912 48 224 ) (912 56 224 ) 
4 300 304 (912 120 96 ) (912 56 96 ) (912 56 128 ) (912 120 128 ) 
4 300 303 (912 56 128 ) (912 56 216 ) (912 120 216 ) (912 120 128 ) 
4 300 301 (912 56 216 ) (912 56 224 ) (912 120 224 ) (912 120 216 ) 
4 301 308 (912 120 224 ) (912 120 216 ) (876 84 216 ) (876 84 224 ) 
4 301 306 (908 52 216 ) (912 56 216 ) (912 56 224 ) (908 52 224 ) 
4 301 303 (912 55.996094 216 ) (908.001953 51.998024 216 ) (876 84 216 ) (912 120 216 ) 
4 302 313 (889 33 216 ) (889 33 224 ) (825 33 224 ) (825 33 216 ) 
4 302 310 (848 56 216 ) (840 48 216 ) (840 48 224 ) (848 56 224 ) 
4 302 309 (868 76 216 ) (848 56 216 ) (848 56 224 ) (868 76 224 ) 
4 302 311 (840 48 216 ) (825 33 216 ) (825 33 224 ) (840 48 224 ) 
4 302 307 (889 33 224 ) (889 33 216 ) (900 44 216 ) (900 44 224 ) 
4 302 303 (900.002014 43.998081 216 ) (889.003906 33 216 ) (825 33 216 ) (868 76 216 ) 
4 303 313 (889 33 128 ) (889 33 216 ) (825 33 216 ) (825 33 128 ) 
4 303 310 (848 56 128 ) (840 48 128 ) (840 48 216 ) (848 56 216 ) 
4 303 308 (912 120 216 ) (912 120 128 ) (876 84 128 ) (876 84 216 ) 
4 303 309 (868 76 128 ) (848 56 128 ) (848 56 216 ) (868 76 216 ) 
4 303 311 (840 48 128 ) (825 33 128 ) (825 33 216 ) (840 48 216 ) 
4 303 307 (889 33 216 ) (889 33 128 ) (900 44 128 ) (900 44 216 ) 
4 303 306 (908 52 128 ) (912 56 128 ) (912 56 216 ) (908 52 216 ) 
4 303 304 (912 55.996094 128 ) (908.001953 51.998024 128 ) (876 84 128 ) (912 120 128 ) 
4 303 305 (900.002014 43.998081 128 ) (889.003906 33 128 ) (825 33 128 ) (868 76 128 ) 
4 304 308 (912 120 128 ) (912 120 96 ) (876 84 96 ) (876 84 128 ) 
4 304 306 (908 52 96 ) (912 56 96 ) (912 56 128 ) (908 52 128 ) 
4 305 313 (825 33 96 ) (889 33 96 ) (889 33 128 ) (825 33 128 ) 
4 305 310 (848 56 96 ) (840 48 96 ) (840 48 128 ) (848 56 128 ) 
4 305 309 (868 76 96 ) (848 56 96 ) (848 56 128 ) (868 76 128 ) 
4 305 311 (840 48 96 ) (825 33 96 ) (825 33 128 ) (840 48 128 ) 
4 305 307 (889 33 128 ) (889 33 96 ) (900 44 96 ) (900 44 128 ) 
4 307 313 (889 33 96 ) (904 33 96 ) (904 33 224 ) (889 33 224 ) 
4 309 310 (848 96 96 ) (848 55.998043 96 ) (848 55.998039 224 ) (848 96 224 ) 
4 310 311 (840 104 96 ) (840 47.998043 96 ) (840 47.998039 224 ) (840 104 224 ) 
4 311 314 (688 152 96 ) (688 80 96 ) (688 80 216 ) (688 152 216 ) 
4 311 313 (688 33 224 ) (688 33 96 ) (825 33 96 ) (825 33 224 ) 
4 312 493 (904 0 216 ) (904 0 128 ) (912 0 128 ) (912 0 216 ) 
4 312 313 (904 33 216 ) (904 33 128 ) (904 0 128 ) (904 0 216 ) 
4 313 503 (760 0 224 ) (688 0 224 ) (688 0 96 ) (760 0 96 ) 
4 313 495 (904 0 224 ) (760 0 224 ) (760 0 96 ) (904 0 96 ) 
4 314 315 (686 88 208 ) (686 144 208 ) (686 144 96 ) (686 88 96 ) 
4 315 316 (682 88 208 ) (682 144 208 ) (682 144 96 ) (682 88 96 ) 
4 316 317 (680 152 96 ) (680 80 96 ) (680 80 216 ) (680 152 216 ) 
4 317 319 (672 192 96 ) (672 72 96 ) (672 72 216 ) (672 192 216 ) 
4 317 318 (672 72 216 ) (672 72 224 ) (672 192 224 ) (672 192 216 ) 
4 318 322 (600 192 216 ) (600 72 216 ) (600 72 224 ) (600 192 224 ) 
4 318 319 (600 72 216 ) (600 192 216 ) (672 192 216 ) (672 72 216 ) 
4 319 322 (600 192 96 ) (600 72 96 ) (600 72 216 ) (600 192 216 ) 
4 319 320 (664 70 208 ) (608 70 208 ) (608 70 96 ) (664 70 96 ) 
4 320 321 (664 66 208 ) (608 66 208 ) (608 66 96 ) (664 66 96 ) 
4 321 323 (600 64 96 ) (672 64 96 ) (672 64 216 ) (600 64 216 ) 
4 322 335 (592 80 96 ) (592 72 96 ) (592 72 216 ) (592 80 216 ) 
4 322 332 (592 72 216 ) (592 72 224 ) (592 80 224 ) (592 80 216 ) 
4 322 330 (592 112 96 ) (592 80 96 ) (592 80 224 ) (592 112 224 ) 
4 322 329 (592 192 96 ) (592 112 96 ) (592 112 224 ) (592 192 224 ) 
4 323 324 (592 40 208 ) (592 40 96 ) (680 40 96 ) (680 40 208 ) 
4 324 326 (592 24 192 ) (592 24 96 ) (680 24 96 ) (680 24 192 ) 
4 325 327 (592 8 224 ) (592 8 208 ) (680 8 208 ) (680 8 224 ) 
4 326 328 (592 8 176 ) (592 8 96 ) (680 8 96 ) (680 8 176 ) 
4 327 504 (680 0 224 ) (592 0 224 ) (592 0 192 ) (680 0 192 ) 
4 328 505 (592 0 176 ) (592 0 96 ) (680 0 96 ) (680 0 176 ) 
4 329 342 (360 128 216 ) (360 176 216 ) (360 176 128 ) (360 128 128 ) 
4 329 330 (392 112 96 ) (592 112 96 ) (592 112 224 ) (392 112 224 ) 
4 330 335 (584 80 96 ) (592 80 96 ) (592 80 216 ) (584 80 216 ) 
4 330 336 (392 80 96 ) (584 80 96 ) (584 80 216 ) (392 80 216 ) 
4 330 333 (584 80 224 ) (392 80 224 ) (392 80 216 ) (584 80 216 ) 
4 330 332 (592 80 216 ) (592 80 224 ) (584 80 224 ) (584 80 216 ) 
4 331 344 (360 104 96 ) (360 80 96 ) (360 80 128 ) (360 104 128 ) 
4 331 343 (360 80 128 ) (360 80 216 ) (360 104 216 ) (360 104 128 ) 
4 331 341 (360 80 216 ) (360 80 224 ) (360 104 224 ) (360 104 216 ) 
4 331 338 (360 80 216 ) (360 80 96 ) (384 80 96 ) (384 80 216 ) 
4 331 334 (360 80 224 ) (360 80 216 ) (384 80 216 ) (384 80 224 ) 
4 332 335 (584 72 216 ) (584 80 216 ) (592 80 216 ) (592 72 216 ) 
4 332 333 (584 80 224 ) (584 80 216 ) (584 72 216 ) (584 72 224 ) 
4 333 339 (392 8 216 ) (584 8 216 ) (584 8 224 ) (392 8 224 ) 
4 333 336 (584 8 216 ) (392 8 216 ) (392 80 216 ) (584 80 216 ) 
4 334 341 (360 8 216 ) (360 8 224 ) (360 80 224 ) (360 80 216 ) 
4 334 340 (360 8 224 ) (360 8 216 ) (384 8 216 ) (384 8 224 ) 
4 334 338 (384 8 216 ) (360 8 216 ) (360 80 216 ) (384 80 216 ) 
4 335 336 (584 72 216 ) (584 80 216 ) (584 80 96 ) (584 72 96 ) 
4 336 339 (392 8 96 ) (584 8 96 ) (584 8 216 ) (392 8 216 ) 
4 336 337 (390 16 208 ) (390 72 208 ) (390 72 96 ) (390 16 96 ) 
4 337 338 (386 16 208 ) (386 72 208 ) (386 72 96 ) (386 16 96 ) 
4 338 344 (360 80 96 ) (360 8 96 ) (360 8 128 ) (360 80 128 ) 
4 338 343 (360 8 128 ) (360 8 216 ) (360 80 216 ) (360 80 128 ) 
4 338 340 (360 8 216 ) (360 8 96 ) (384 8 96 ) (384 8 216 ) 
4 339 508 (528 0 224 ) (392 0 224 ) (392 0 96 ) (528 0 96 ) 
4 340 509 (384 0 224 ) (360 0 224 ) (360 0 96 ) (384 0 96 ) 
4 340 344 (360 8 96 ) (360 0 96 ) (360 0 128 ) (360 8 128 ) 
4 340 343 (360 0 128 ) (360 0 216 ) (360 8 216 ) (360 8 128 ) 
4 340 341 (360 0 216 ) (360 0 224 ) (360 8 224 ) (360 8 216 ) 
4 341 534 (360 0 224 ) (352 0 224 ) (352 0 216 ) (360 0 216 ) 
4 341 343 (352 0 216 ) (352 104 216 ) (360 104 216 ) (360 0 216 ) 
4 341 345 (352 104 216 ) (352 0 216 ) (352 0 224 ) (352 104 224 ) 
4 342 345 (352 176 128 ) (352 128 128 ) (352 128 216 ) (352 176 216 ) 
4 343 535 (352 0 216 ) (352 0 128 ) (360 0 128 ) (360 0 216 ) 
4 343 344 (352 0 128 ) (352 104 128 ) (360 104 128 ) (360 0 128 ) 
4 343 345 (352 104 128 ) (352 0 128 ) (352 0 216 ) (352 104 216 ) 
4 344 537 (352 0 128 ) (352 0 96 ) (360 0 96 ) (360 0 128 ) 
4 344 345 (352 104 96 ) (352 0 96 ) (352 0 128 ) (352 104 128 ) 
4 345 749 (0 0 96 ) (0 0 224 ) (0 200 224 ) (0 200 96 ) 
4 345 543 (352 0 224 ) (0 0 224 ) (0 0 96 ) (352 0 96 ) 
4 345 350 (288 0 96 ) (0 0 96 ) (0 200 96 ) (288 200 96 ) 
4 346 816 (0 0 -1504 ) (0 0 -40 ) (0 256 -40 ) (0 256 -1504 ) 
4 346 815 (0 1024 -96 ) (0 1024 -1504 ) (0 256 -1504 ) (0 256 -96 ) 
4 346 814 (0 256 -40 ) (0 480 -40 ) (0 480 -96 ) (0 256 -96 ) 
4 346 813 (0 480 -40 ) (0 1024 -40 ) (0 1024 -96 ) (0 480 -96 ) 
5 346 790 (0 0 -40 ) (0 0 -24.888916 ) (0 768 32 ) (0 1024 48 ) (0 1024 -40 ) 
4 346 547 (1024 0 -1504 ) (1024 0 -24.888916 ) (0 0 -24.888901 ) (0 0 -1504 ) 
5 346 351 (0 336.002899 0 ) (0 0 -24.889156 ) (288 0 -24.889158 ) (288 256 -5.926147 ) (278 336.002869 0 ) 
3 346 349 (288 256 -5.926147 ) (288 336 0 ) (278 336.002869 0 ) 
4 346 347 (288 0 -24.889158 ) (1024 0 -24.889160 ) (1024 336.002899 0 ) (288 336.002930 0 ) 
4 347 547 (1024 0 -24.888916 ) (1024 0 0 ) (288 0 0 ) (288 0 -24.888905 ) 
4 347 351 (288 256 -5.925606 ) (288 0 -24.888577 ) (288 0 0 ) (288 256 0 ) 
3 347 349 (288 335.995850 0 ) (288 256 -5.925606 ) (288 256 0 ) 
5 348 350 (288 255.998047 64 ) (288 255.998047 96 ) (223.998932 768.007324 96 ) (223.998932 768.007324 95.996284 ) (277.992584 336.057526 64 ) 
3 349 351 (278 335.996094 0 ) (288 255.998047 -5.925781 ) (288 255.998047 0 ) 
4 350 789 (0 0 64 ) (0 0 96 ) (0 768.057495 96 ) (0 336.057526 64 ) 
4 350 545 (288 0 96 ) (0 0 96 ) (0 0 64 ) (288 0 64 ) 
3 351 791 (0 0 -24.888916 ) (0 0 0 ) (0 336 0 ) 
4 351 547 (0 0 0 ) (0 0 -24.888901 ) (288 0 -24.888905 ) (288 0 0 ) 
4 352 356 (3072 0 2784 ) (3072 0 -1504 ) (3072 -1024 -1504 ) (3072 -1024 2784 ) 
4 352 353 (4064 -1024 2784 ) (3072 -1024 2784 ) (3072 -1024 -1504 ) (4064 -1024 -1504 ) 
4 353 357 (3072 -2048 -1504 ) (3072 -2048 2784 ) (3072 -1024 2784 ) (3072 -1024 -1504 ) 
4 353 354 (4064 -2048 2784 ) (3072 -2048 2784 ) (3072 -2048 -1504 ) (4064 -2048 -1504 ) 
4 354 579 (3072 -3072 -1504 ) (3072 -3072 2784 ) (3072 -2048 2784 ) (3072 -2048 -1504 ) 
4 354 355 (3072 -3072 2784 ) (3072 -3072 -1504 ) (4064 -3072 -1504 ) (4064 -3072 2784 ) 
4 355 593 (3072 -4064 2784 ) (3072 -3072 2784 ) (3072 -3072 -1504 ) (3072 -4064 -1504 ) 
4 356 369 (2048 0 0 ) (2048 0 -1504 ) (2048 -1024 -1504 ) (2048 -1024 0 ) 
4 356 366 (2048 0 96 ) (2048 0 0 ) (2048 -768 0 ) (2048 -768 96 ) 
4 356 368 (2048 -768 0 ) (2048 -1024 0 ) (2048 -1024 96 ) (2048 -768 96 ) 
5 356 362 (2048 0 384 ) (2048 0 96 ) (2048 -768 96 ) (2048 -768 370.162201 ) (2048 -256 384 ) 
3 356 361 (2048 -768 370.162201 ) (2048 -768 384 ) (2048 -256 384 ) 
3 356 359 (2048 0 390.919189 ) (2048 0 384 ) (2048 -256 384 ) 
5 356 358 (2048 0 2784 ) (2048 0 390.919189 ) (2048 -256 384 ) (2048 -768 384 ) (2048 -768 2784 ) 
4 356 365 (2048 -768 96 ) (2048 -1024 96 ) (2048 -1024 2784 ) (2048 -768 2784 ) 
4 356 357 (3072 -1024 -1504 ) (3072 -1024 2784 ) (2048 -1024 2784 ) (2048 -1024 -1504 ) 
4 357 579 (3072 -2048 -1504 ) (3072 -2048 2784 ) (2048 -2048 2784 ) (2048 -2048 -1504 ) 
4 357 548 (2048 -2048 -1504 ) (2048 -2048 2784 ) (2048 -1024 2784 ) (2048 -1024 -1504 ) 
5 358 400 (1024 0 424 ) (1024 0 390.919189 ) (1024 -256 384 ) (1024 -768 384 ) (1024 -768 424 ) 
4 358 379 (1024 0 480 ) (1024 0 424 ) (1024 -768 424 ) (1024 -768 480 ) 
4 358 370 (1024 0 2784 ) (1024 0 480 ) (1024 -768 480 ) (1024 -768 2784 ) 
4 358 364 (1120 -768 384 ) (1024 -768 384 ) (1024 -256 384 ) (1232 -256 384 ) 
4 358 361 (2048 -768 384 ) (1408 -768 384 ) (1520 -256 384 ) (2048 -256 384 ) 
4 358 360 (1232 -256.001984 384 ) (1024 -256.001984 384 ) (1024 0 390.918945 ) (1252.756836 0 390.918945 ) 
4 358 359 (2048 -256.002014 384 ) (1520 -256.001984 384 ) (1540.756714 0 390.918945 ) (2048 0 390.918945 ) 
4 358 365 (2048 -768 384 ) (2048 -768 2784 ) (1024 -768 2784 ) (1024 -768 384 ) 
3 359 363 (1540.756714 0 384 ) (1576 0 384 ) (1520 -256 384 ) 
4 359 362 (1576 0 384 ) (2048 0 384 ) (2048 -256 384 ) (1520 -256 384 ) 
3 360 400 (1024 0 390.919189 ) (1024 0 384 ) (1024 -256 384 ) 
4 360 364 (1024 -256 384 ) (1024 0 384 ) (1252.756836 0 384 ) (1232 -256 384 ) 
4 361 362 (2048 -768 370.162109 ) (1408 -768 370.162109 ) (1520 -256 384 ) (2048 -256 384 ) 
4 361 365 (2048 -768 370.162201 ) (2048 -768 384 ) (1408 -768 384 ) (1408 -768 370.162170 ) 
4 362 366 (1576 0 96 ) (2048 0 96 ) (2048 -768 96 ) (1408 -768 96 ) 
5 362 363 (1576 0 96 ) (1520 -256.005646 96 ) (1520 -256.005463 383.998352 ) (1520.012939 -255.944092 384 ) (1576 0 384 ) 
4 362 365 (1408 -768 96 ) (2048 -768 96 ) (2048 -768 370.162201 ) (1408 -768 370.162170 ) 
3 363 366 (1540.756714 0 96 ) (1576 0 96 ) (1520 -256.001465 96 ) 
4 364 492 (1024 0 224 ) (1024 0 96 ) (1024 -768 96 ) (1024 -768 224 ) 
4 364 454 (1024 -224 224 ) (1024 -768 224 ) (1024 -768 360 ) (1024 -224 360 ) 
4 364 437 (1024 0 360 ) (1024 0 224 ) (1024 -224 224 ) (1024 -224 360 ) 
4 364 400 (1024 0 384 ) (1024 0 360 ) (1024 -768 360 ) (1024 -768 384 ) 
4 364 365 (1024 -768 96 ) (1120 -768 96 ) (1120 -768 384 ) (1024 -768 384 ) 
4 365 548 (2048 -1024 96 ) (2048 -1024 2784 ) (1024 -1024 2784 ) (1024 -1024 96 ) 
4 365 492 (1024 -768 96 ) (1024 -1024 96 ) (1024 -1024 224 ) (1024 -768 224 ) 
4 365 454 (1024 -1024 224 ) (1024 -1024 360 ) (1024 -768 360 ) (1024 -768 224 ) 
4 365 400 (1024 -1024 360 ) (1024 -1024 424 ) (1024 -768 424 ) (1024 -768 360 ) 
4 365 379 (1024 -1024 424 ) (1024 -1024 480 ) (1024 -768 480 ) (1024 -768 424 ) 
4 365 370 (1024 -1024 480 ) (1024 -1024 2784 ) (1024 -768 2784 ) (1024 -768 480 ) 
4 365 368 (2048 -1024 96 ) (1024 -1024 96 ) (1024 -768 96 ) (2048 -768 96 ) 
4 366 369 (1288 0 0 ) (2048 0 0 ) (2048 -768 0 ) (1120 -768 0 ) 
4 366 367 (1288 0 0 ) (1232 -255.993774 0 ) (1232 -255.996155 96 ) (1288 0 96 ) 
4 366 368 (1120 -768 0 ) (2048 -768 0 ) (2048 -768 96 ) (1120 -768 96 ) 
3 367 369 (1252.756836 0 0 ) (1288 0 0 ) (1232 -256 0 ) 
4 368 548 (2048 -1024 0 ) (2048 -1024 96 ) (1024 -1024 96 ) (1024 -1024 0 ) 
4 368 544 (1024 -768 0 ) (1024 -1024 0 ) (1024 -1024 96 ) (1024 -768 96 ) 
4 368 369 (1024 -1024 0 ) (1024 -768 0 ) (2048 -768 0 ) (2048 -1024 0 ) 
4 369 548 (2048 -1024 -1504 ) (2048 -1024 0 ) (1024 -1024 0 ) (1024 -1024 -1504 ) 
4 369 547 (1024 0 0 ) (1024 0 -1504 ) (1024 -1024 -1504 ) (1024 -1024 0 ) 
4 370 549 (1024 -1024 480 ) (1024 -1024 2784 ) (624 -1024 2784 ) (624 -1024 480 ) 
3 370 390 (624 -98.666702 480 ) (624 -104 480 ) (624 -24 592 ) 
5 370 386 (624 0 625.600098 ) (624 0 539.200012 ) (624 -49.333336 480 ) (624 -98.666702 480 ) (624 -24 592 ) 
3 370 384 (624 0 539.200012 ) (624 0 480 ) (624 -49.333336 480 ) 
5 370 383 (624 -1024 480 ) (624 -1024 2784 ) (624 0 2784 ) (624 0 625.600098 ) (624 -104 480 ) 
3 370 380 (864 0 480 ) (936 0 480 ) (864 -72 480 ) 
5 370 379 (1024 -1024 480 ) (800.001038 -1024 480 ) (800.001038 -135.998840 480 ) (936 0 480 ) (1024 0 480 ) 
4 370 374 (800.001038 -1024 480 ) (672 -1024 480 ) (672 -175.988098 480 ) (800.001038 -175.988129 480 ) 
4 370 371 (672 -1024 480 ) (624 -1024 480 ) (624 -56 480 ) (672 -56 480 ) 
4 371 549 (672 -1024 480 ) (624 -1024 480 ) (624 -1024 472 ) (665.142883 -1024 472 ) 
3 371 393 (624 -104 480 ) (624 -104 472 ) (624 -109.714264 472 ) 
3 371 391 (624 -104 480 ) (624 -98.666679 480 ) (624 -104 472 ) 
4 371 387 (624 -98.666679 480 ) (624 -56 480 ) (624 -62.857132 472 ) (624 -104 472 ) 
4 371 383 (624 -1024 472 ) (624 -1024 480 ) (624 -104 480 ) (624 -109.714264 472 ) 
4 371 374 (672 -175.988113 480 ) (672 -1024 480 ) (665.142883 -1024 472 ) (665.142883 -182.845215 472 ) 
4 371 372 (624 -1024 472 ) (624 -62.857178 472 ) (665.138672 -62.857132 472 ) (665.138733 -1024 472 ) 
3 372 549 (624 -1024 472 ) (624 -1024 424 ) (665.142883 -1024 472 ) 
4 372 393 (624 -136 424 ) (624 -144 424 ) (624 -109.714233 472 ) (624 -104 472 ) 
4 372 387 (624 -104 424 ) (624 -136 424 ) (624 -104 472 ) (624 -62.857178 472 ) 
4 372 383 (624 -144 424 ) (624 -1024 424 ) (624 -1024 472 ) (624 -109.714233 472 ) 
4 372 374 (624 -1024 424 ) (624 -223.988159 424 ) (665.142883 -182.845245 472 ) (665.142883 -1024 472 ) 
4 373 385 (624 0 424 ) (624 -96 424 ) (624 -56 472 ) (624 0 472 ) 
4 373 376 (624 -104 424 ) (624 0 424 ) (665.142883 0 472 ) (665.142883 -56 472 ) 
4 374 549 (800.001038 -1024 480 ) (672 -1024 480 ) (624 -1024 424 ) (848 -1024 424 ) 
4 374 414 (632 -1024 424 ) (624 -1024 424 ) (624 -223.988098 424 ) (632 -223.988098 424 ) 
4 374 411 (840 -1024 424 ) (632 -1024 424 ) (632 -223.988098 424 ) (840 -223.988159 424 ) 
4 374 405 (848 -1024 424 ) (840 -1024 424 ) (840 -223.988159 424 ) (848 -223.988159 424 ) 
4 374 379 (848.002808 -1024 424 ) (848.002808 -223.988098 424 ) (800.002808 -175.988129 480 ) (800.002808 -1024 480 ) 
4 375 412 (624 -96 424 ) (624 0 424 ) (632 0 424 ) (632 -96 424 ) 
4 375 407 (632 0 424 ) (688 0 424 ) (688 -104 424 ) (632 -104 424 ) 
4 375 406 (688 0 424 ) (840 0 424 ) (840 -104 424 ) (688 -104 424 ) 
4 375 404 (840 0 424 ) (848 0 424 ) (848 -104 424 ) (840 -104 424 ) 
4 375 381 (848.002808 -104 424 ) (848.002808 0 424 ) (806.859924 0 472 ) (806.859924 -104 472 ) 
4 375 378 (848.003906 -104 424 ) (806.861023 -104 472 ) (799.991272 -104 472 ) (839.991333 -104 424 ) 
4 375 377 (799.991272 -104 472 ) (672 -104 472 ) (632 -104 424 ) (839.991333 -104 424 ) 
4 375 376 (624 0 424 ) (624 -104 424 ) (672 -56 472 ) (672 0 472 ) 
4 377 410 (632 -104 424 ) (839.991333 -104 424 ) (839.991333 -216 424 ) (632 -216 424 ) 
4 377 378 (839.996094 -136.003906 424 ) (839.996094 -104 424 ) (799.996094 -104 472 ) (799.996094 -136.003876 472 ) 
4 378 404 (839.991333 -104 424 ) (848 -104 424 ) (848 -127.998970 424 ) (839.991333 -136.008606 424 ) 
4 378 381 (848.002808 -127.997169 424 ) (848.002808 -104 424 ) (806.859924 -104 472 ) (806.859924 -129.140106 472 ) 
4 379 549 (1024 -1024 424 ) (1024 -1024 480 ) (800.001038 -1024 480 ) (848 -1024 424 ) 
4 379 402 (848 -224 424 ) (848 -144 424 ) (904 -88 424 ) (904 -224 424 ) 
4 379 401 (912 -80 424 ) (912 -224 424 ) (904 -224 424 ) (904 -88 424 ) 
4 379 405 (912 -1024 424 ) (848 -1024 424 ) (848 -224 424 ) (912 -224 424 ) 
5 379 400 (1024 -1024 424 ) (912 -1024 424 ) (912 -72 424 ) (984 0 424 ) (1024 0 424 ) 
4 379 382 (983.996094 0 424 ) (912 -71.996086 424 ) (870.857056 -71.996147 472 ) (942.853210 0 472 ) 
4 379 380 (864 -71.996109 480 ) (935.996094 0 480 ) (942.853210 0 472 ) (870.857056 -71.996147 472 ) 
3 380 382 (942.859375 0 472 ) (870.857117 -72.002258 472 ) (870.857117 0 472 ) 
4 381 403 (848 -127.998978 424 ) (848 0 424 ) (904 0 424 ) (904 -72 424 ) 
3 382 400 (912 0 424 ) (984 0 424 ) (912 -72 424 ) 
4 383 549 (400 -1024 2784 ) (400 -1024 424 ) (624 -1024 424 ) (624 -1024 2784 ) 
4 383 434 (400 -256 424 ) (400 -240 424 ) (624 -240 424 ) (624 -256 424 ) 
4 383 431 (400 -240 424 ) (400 -144 424 ) (624 -144 424 ) (624 -240 424 ) 
4 383 435 (624 -1024 424 ) (400 -1024 424 ) (400 -256 424 ) (624 -256 424 ) 
4 383 399 (400 -109.713776 472 ) (400 -144 424 ) (400 -1024 424 ) (400 -1024 472 ) 
4 383 395 (400 -104 480 ) (400 -109.713776 472 ) (400 -1024 472 ) (400 -1024 480 ) 
5 383 394 (400 0 2784 ) (400 0 625.600098 ) (400 -104 480 ) (400 -1024 480 ) (400 -1024 2784 ) 
4 383 393 (624 -104 480 ) (624 -144 424 ) (512 -143.998047 424 ) (472.002625 -104 479.996307 ) 
3 383 392 (400 -109.709854 472 ) (400 -104 479.994537 ) (406.661530 -104 479.994690 ) 
4 383 390 (624 -24 592 ) (624 -104 480 ) (400 -104 479.994537 ) (400 -24.054367 591.918457 ) 
4 383 386 (624 0 625.600098 ) (624 -24 592 ) (400 -24.054367 591.918457 ) (400 0 625.594604 ) 
3 384 394 (400 0 539.200012 ) (400 0 480 ) (400 -49.333355 480 ) 
4 384 388 (400 0 539.199219 ) (400 -49.333015 480 ) (472 -49.333004 480 ) (429.724304 0 539.199280 ) 
4 384 386 (472 -49.333004 480 ) (624 -49.332977 480 ) (624 0 539.199585 ) (429.724304 0 539.199280 ) 
4 385 415 (400 -96 424 ) (400 0 424 ) (624 0 424 ) (624 -96 424 ) 
4 385 396 (400 0 472 ) (400 0 424 ) (400 -96 424 ) (400 -56 472 ) 
4 385 389 (400 -56 472 ) (400 -96 424 ) (504 -96 424 ) (472 -56 472 ) 
4 386 394 (400 0 625.600098 ) (400 0 580.822571 ) (400 -31.451698 580.822510 ) (400 -24 592 ) 
5 386 390 (624 -98.665375 480 ) (624 -23.980778 592.026917 ) (400 -23.980776 592.026917 ) (400 -31.450384 580.822510 ) (472 -98.665390 480 ) 
5 386 388 (429.722046 0 539.200256 ) (471.998627 -49.333836 480 ) (472 -98.662781 480 ) (400 -31.448669 580.821167 ) (400 0 580.820740 ) 
4 386 387 (624 -98.664055 480 ) (471.996094 -98.664062 480 ) (471.996094 -56 480 ) (624 -56 480 ) 
4 387 420 (624 -104.001785 424 ) (624 -136 424 ) (511.991150 -136 424 ) (511.991150 -104.001785 424 ) 
4 387 393 (624 -135.998703 424 ) (624 -104 471.998047 ) (477.714447 -104 471.998077 ) (511.991150 -135.998718 424 ) 
4 387 391 (624 -104 471.998047 ) (624 -98.665375 480 ) (472 -98.665390 480 ) (477.714447 -104 471.998077 ) 
5 388 394 (400 0 580.822571 ) (400 0 539.200012 ) (400 -49.333355 480 ) (400 -98.666702 480 ) (400 -31.451698 580.822510 ) 
3 388 390 (400 -31.450384 580.822510 ) (400 -98.665390 480 ) (472 -98.665390 480 ) 
4 389 424 (400 -136 424 ) (400 -104 424 ) (504 -104 424 ) (504 -136 424 ) 
4 389 417 (400 -104 424 ) (400 -96 424 ) (504 -96 424 ) (504 -104 424 ) 
4 389 396 (400 -56 472 ) (400 -96 424 ) (400 -136 424 ) (400 -104 472 ) 
3 390 394 (400 -104 480 ) (400 -24 592 ) (400 -98.666687 480 ) 
4 390 391 (624 -104 480 ) (472 -104 480 ) (472 -98.667328 480 ) (624 -98.667328 480 ) 
4 391 393 (477.715851 -104 471.996094 ) (624 -104 471.996094 ) (624 -104 480 ) (472 -104 480 ) 
4 393 422 (512 -136 424 ) (624 -136 424 ) (624 -144 424 ) (512 -144 424 ) 
3 394 984 (0 -192 480 ) (0 -192 424 ) (0 -240 424 ) 
5 394 982 (0 -1024 424 ) (0 -1024 2784 ) (0 -192 2784 ) (0 -192 480 ) (0 -240 424 ) 
4 394 976 (0 -192 2784 ) (0 -80 2784 ) (0 -80 1282.669922 ) (0 -192 1282.669922 ) 
4 394 973 (0 0 1357.333252 ) (0 0 1282.669922 ) (0 -80 1282.669922 ) (0 -80 1357.333252 ) 
4 394 972 (0 -80 2784 ) (0 0 2784 ) (0 0 1357.333252 ) (0 -80 1357.333252 ) 
4 394 969 (0 0 472 ) (0 0 424 ) (0 -192 424 ) (0 -192 472 ) 
4 394 967 (0 0 480 ) (0 0 472 ) (0 -192 472 ) (0 -192 480 ) 
4 394 966 (0 0 1282.669922 ) (0 0 480 ) (0 -192 480 ) (0 -192 1282.669922 ) 
5 394 549 (0 -1024 2784 ) (0 -1024 424 ) (352 -1024 424 ) (400 -1024 480 ) (400 -1024 2784 ) 
4 394 436 (352 -1024 424 ) (0 -1024 424 ) (0 -144 424 ) (352 -144 424 ) 
4 394 428 (0 -144 424 ) (0 -112 424 ) (352 -112 424 ) (352 -144 424 ) 
4 394 426 (0 -112 424 ) (0 -104 424 ) (352 -104 424 ) (352 -112 424 ) 
4 394 419 (0 -104 424 ) (0 0 424 ) (352 0 424 ) (352 -104 424 ) 
4 394 395 (351.997223 -1024 424 ) (351.997192 -144 424 ) (400 -103.997902 480.002930 ) (400 -1024 480.002930 ) 
4 395 549 (352 -1024 424 ) (360 -1024 424 ) (400 -1024 472 ) (400 -1024 480 ) 
4 395 434 (352 -256 424 ) (352 -240 424 ) (360 -240 424 ) (360 -256 424 ) 
4 395 431 (352 -240 424 ) (352 -144 424 ) (360 -144 424 ) (360 -240 424 ) 
4 395 435 (360 -1024 424 ) (352 -1024 424 ) (352 -256 424 ) (360 -256 424 ) 
4 395 399 (360 -1024 424 ) (360 -144 424 ) (400 -109.714005 472 ) (400 -1024 472 ) 
4 396 424 (400 -104 424 ) (400 -136 424 ) (384 -136 424 ) (384 -104 424 ) 
4 396 417 (400 -96 424 ) (400 -104 424 ) (384 -104 424 ) (384 -96 424 ) 
4 396 415 (384 0 424 ) (400 0 424 ) (400 -96 424 ) (384 -96 424 ) 
4 396 398 (384 -130.660294 432 ) (384 -116.796875 452.800781 ) (384 -104 452.800781 ) (384 -104 432 ) 
4 396 397 (384 0 424 ) (384 -104 424 ) (384 -104 452.800781 ) (384 0 452.800781 ) 
4 397 417 (360 -104 424 ) (360 -96 424 ) (384 -96 424 ) (384 -104 424 ) 
4 397 415 (360 -96 424 ) (360 0 424 ) (384 0 424 ) (384 -96 424 ) 
3 397 398 (384 -104 432 ) (384 -104 452.800781 ) (366.666260 -104 432 ) 
3 399 549 (360 -1024 424 ) (400 -1024 424 ) (400 -1024 472 ) 
4 399 434 (360 -256 424 ) (360 -240 424 ) (400 -240 424 ) (400 -256 424 ) 
4 399 431 (360 -240 424 ) (360 -144 424 ) (400 -144 424 ) (400 -240 424 ) 
4 399 435 (400 -1024 424 ) (360 -1024 424 ) (360 -256 424 ) (400 -256 424 ) 
4 400 549 (1024 -1024 360 ) (1024 -1024 424 ) (912 -1024 424 ) (912 -1024 360 ) 
4 400 454 (1024 -224 360 ) (1024 -1024 360 ) (912 -1024 360 ) (912 -224 360 ) 
4 400 437 (1024 0 360 ) (1024 -224 360 ) (912 -224 360 ) (912 0 360 ) 
4 400 401 (912 -80 360 ) (912 -224 360 ) (912 -224 424 ) (912 -80 424 ) 
4 400 405 (912 -224 360 ) (912 -1024 360 ) (912 -1024 424 ) (912 -224 424 ) 
4 401 445 (912 -152 360 ) (912 -224 360 ) (904 -224 360 ) (904 -144 360 ) 
3 401 444 (912 -80 360 ) (912 -88 360 ) (908 -84 360 ) 
5 401 441 (912 -88 360 ) (912 -152 360 ) (904 -144 360 ) (904 -88 360 ) (908 -84 360 ) 
4 401 402 (904 -88 360 ) (904 -224 360 ) (904 -224 424 ) (904 -88 424 ) 
4 401 405 (904 -224 360 ) (912 -224 360 ) (912 -224 424 ) (904 -224 424 ) 
5 402 445 (904 -144 360 ) (904 -224 360 ) (848 -224 360 ) (848 -144 360 ) (876 -116 360 ) 
3 402 441 (904 -88 360 ) (904 -144 360 ) (876 -116 360 ) 
4 402 405 (848 -224 360 ) (904 -224 360 ) (904 -224 424 ) (848 -224 424 ) 
4 403 446 (904 -65 360 ) (904 -72 360 ) (848 -128 360 ) (848 -65 360 ) 
4 403 440 (848 0 360 ) (904 0 360 ) (904 -65 360 ) (848 -65 360 ) 
4 403 404 (848 0 360 ) (848 -128 360 ) (848 -128 424 ) (848 0 424 ) 
4 404 446 (840 -136 360 ) (840 -65 360 ) (848 -65 360 ) (848 -128 360 ) 
4 404 440 (840 -65 360 ) (840 0 360 ) (848 0 360 ) (848 -65 360 ) 
4 404 410 (840 -104 360 ) (840 -136 360 ) (840 -136 424 ) (840 -104 424 ) 
4 404 408 (840 0 360 ) (840 -104 360 ) (840 -104 400 ) (840 0 400 ) 
4 404 406 (840 -104 400 ) (840 -104 424 ) (840 0 424 ) (840 0 400 ) 
4 405 549 (912 -1024 424 ) (840 -1024 424 ) (840 -1024 360 ) (912 -1024 360 ) 
4 405 455 (848 -1024 360 ) (840 -1024 360 ) (840 -224 360 ) (848 -224 360 ) 
4 405 454 (912 -1024 360 ) (848 -1024 360 ) (848 -224 360 ) (912 -224 360 ) 
4 405 411 (840 -224 360 ) (840 -1024 360 ) (840 -1024 424 ) (840 -224 424 ) 
4 406 410 (688 -104 400 ) (840 -104 400 ) (840 -104 424 ) (688 -104 424 ) 
4 406 408 (840 -104 400 ) (688 -104 400 ) (688 0 400 ) (840 0 400 ) 
4 406 407 (688 -104 408 ) (688 -104 424 ) (688 0 424 ) (688 0 408 ) 
4 407 412 (632 -96 424 ) (632 0 424 ) (632 0 408 ) (632 -96 408 ) 
4 407 410 (632 -104 424 ) (632 -104 408 ) (688 -104 408 ) (688 -104 424 ) 
4 408 447 (688 0 360 ) (840 0 360 ) (840 -104 360 ) (688 -104 360 ) 
4 408 410 (688 -104 360 ) (840 -104 360 ) (840 -104 400 ) (688 -104 400 ) 
4 409 449 (632 -96 360 ) (632 0 360 ) (680 0 360 ) (680 -96 360 ) 
4 409 413 (632 0 360 ) (632 -96 360 ) (632 -96 400 ) (632 0 400 ) 
4 410 450 (632 -216 360 ) (632 -104 360 ) (680 -104 360 ) (680 -216 360 ) 
4 410 448 (680 -104 360 ) (688 -104 360 ) (688 -216 360 ) (680 -216 360 ) 
4 410 447 (688 -104 360 ) (840 -104 360 ) (840 -216 360 ) (688 -216 360 ) 
4 411 549 (840 -1024 424 ) (632 -1024 424 ) (632 -1024 360 ) (840 -1024 360 ) 
4 411 455 (840 -1024 360 ) (632 -1024 360 ) (632 -224 360 ) (840 -224 360 ) 
5 411 414 (632 -256 360 ) (632 -1024 360 ) (632 -1024 424 ) (632 -224 424 ) (632 -224 364.571014 ) 
4 412 415 (624 -96 408 ) (624 -96 424 ) (624 0 424 ) (624 0 408 ) 
4 413 459 (624 -96 360 ) (624 0 360 ) (632 0 360 ) (632 -96 360 ) 
4 413 416 (624 0 360 ) (624 -96 360 ) (624 -96 400 ) (624 0 400 ) 
4 414 549 (632 -1024 424 ) (624 -1024 424 ) (624 -1024 360 ) (632 -1024 360 ) 
4 414 482 (632 -1024 360 ) (624 -1024 360 ) (624 -256 360 ) (632 -256 360 ) 
4 414 434 (624 -256 368 ) (624 -256 424 ) (624 -240 424 ) (624 -240 370.285736 ) 
4 414 431 (624 -240 424 ) (624 -224 424 ) (624 -224 372.571442 ) (624 -240 370.285736 ) 
4 414 435 (624 -256 360 ) (624 -1024 360 ) (624 -1024 424 ) (624 -256 424 ) 
4 415 417 (360 -96 424 ) (360 -96 408 ) (504 -96 408 ) (504 -96 424 ) 
4 416 459 (360 0 360 ) (624 0 360 ) (624 -96 360 ) (360 -96 360 ) 
4 416 418 (360 -96 400 ) (360 -96 360 ) (504 -96 360 ) (504 -96 400 ) 
4 417 424 (504 -104 424 ) (384 -104 424 ) (384 -104 408 ) (504 -104 408 ) 
4 418 460 (504 -104 360 ) (360 -104 360 ) (360 -96 360 ) (504 -96 360 ) 
4 418 425 (384 -104 360 ) (504 -104 360 ) (504 -104 400 ) (384 -104 400 ) 
4 419 989 (0 0 400 ) (0 0 360 ) (0 -104 360 ) (0 -104 400 ) 
4 419 987 (0 -104 424 ) (0 0 424 ) (0 0 400 ) (0 -104 400 ) 
4 419 491 (0 -104 360 ) (0 0 360 ) (352 0 360 ) (352 -104 360 ) 
4 419 426 (0 -104 360 ) (352 -104 360 ) (352 -104 424 ) (0 -104 424 ) 
4 420 422 (624 -136 408 ) (624 -136 424 ) (512 -136 424 ) (512 -136 408 ) 
4 421 422 (512 -136 384 ) (624 -136 384 ) (624 -136 400 ) (512 -136 400 ) 
4 422 431 (624 -144 384 ) (624 -144 424 ) (512 -144 424 ) (512 -144 384 ) 
4 423 464 (512 -104 360 ) (624 -104 360 ) (624 -144 360 ) (512 -144 360 ) 
4 423 432 (512 -144 360 ) (624 -144 360 ) (624 -144 376 ) (512 -144 376 ) 
4 425 473 (384 -104 360 ) (408 -104 360 ) (408 -136 360 ) (384 -136 360 ) 
4 425 468 (408 -104 360 ) (480 -104 360 ) (480 -136 360 ) (408 -136 360 ) 
4 425 466 (480 -104 360 ) (504 -104 360 ) (504 -136 360 ) (480 -136 360 ) 
4 426 989 (0 -104 400 ) (0 -104 360 ) (0 -112 360 ) (0 -112 400 ) 
4 426 987 (0 -112 424 ) (0 -104 424 ) (0 -104 400 ) (0 -112 400 ) 
4 426 491 (0 -112 360 ) (0 -104 360 ) (352 -104 360 ) (352 -112 360 ) 
4 426 430 (0 -112 360 ) (352 -112 360 ) (352 -112 376 ) (0 -112 376 ) 
4 426 428 (352 -112 376 ) (352 -112 424 ) (0 -112 424 ) (0 -112 376 ) 
4 427 431 (376 -144 384 ) (376 -144 424 ) (352 -144 424 ) (352 -144 384 ) 
4 427 428 (352 -112 424 ) (352 -112 384 ) (352 -144 384 ) (352 -144 424 ) 
4 428 989 (0 -112 400 ) (0 -112 376 ) (0 -144 376 ) (0 -144 400 ) 
4 428 987 (0 -144 424 ) (0 -112 424 ) (0 -112 400 ) (0 -144 400 ) 
4 428 436 (352 -144 424 ) (0 -144 424 ) (0 -144 376 ) (352 -144 376 ) 
4 428 430 (0 -112 376 ) (352 -112 376 ) (352 -144 376 ) (0 -144 376 ) 
4 429 476 (360 -112 360 ) (376 -112 360 ) (376 -144 360 ) (360 -144 360 ) 
4 429 432 (360 -144 360 ) (376 -144 360 ) (376 -144 376 ) (360 -144 376 ) 
4 430 989 (0 -112 376 ) (0 -112 360 ) (0 -144 360 ) (0 -144 376 ) 
4 430 491 (0 -144 360 ) (0 -112 360 ) (352 -112 360 ) (352 -144 360 ) 
4 430 436 (0 -144 360 ) (352 -144 360 ) (352 -144 376 ) (0 -144 376 ) 
4 431 434 (352 -240 424 ) (352 -240 370.285706 ) (624 -240 370.285706 ) (624 -240 424 ) 
4 431 436 (352 -144 424 ) (352 -144 384 ) (352 -240 370.285706 ) (352 -240 424 ) 
4 432 480 (376 -240 360 ) (360 -240 360 ) (360 -200 360 ) (376 -200 360 ) 
4 432 478 (608 -240 360 ) (376 -240 360 ) (376 -200 360 ) (608 -200 360 ) 
4 432 477 (624 -200 360 ) (624 -240 360 ) (608 -240 360 ) (608 -200 360 ) 
4 432 476 (360 -144 360 ) (376 -144 360 ) (376 -200 360 ) (360 -200 360 ) 
4 432 475 (376 -144 360 ) (384 -144 360 ) (384 -200 360 ) (376 -200 360 ) 
4 432 474 (384 -144 360 ) (408 -144 360 ) (408 -200 360 ) (384 -200 360 ) 
4 432 472 (408 -144 360 ) (480 -144 360 ) (480 -200 360 ) (408 -200 360 ) 
4 432 467 (480 -144 360 ) (504 -144 360 ) (504 -200 360 ) (480 -200 360 ) 
4 432 465 (504 -144 360 ) (512 -144 360 ) (512 -200 360 ) (504 -200 360 ) 
4 432 464 (512 -144 360 ) (624 -144 360 ) (624 -200 360 ) (512 -200 360 ) 
4 432 433 (360 -240 360 ) (624 -240 360 ) (624 -240 362.285706 ) (360 -240 362.285706 ) 
4 433 480 (360 -240 360 ) (376 -240 360 ) (376 -248 360 ) (360 -248 360 ) 
4 433 478 (376 -240 360 ) (608 -240 360 ) (608 -248 360 ) (376 -248 360 ) 
4 433 477 (608 -240 360 ) (624 -240 360 ) (624 -248 360 ) (608 -248 360 ) 
4 434 435 (352 -256 424 ) (352 -256 368 ) (624 -256 368 ) (624 -256 424 ) 
4 434 436 (352 -256 368 ) (352 -256 424 ) (352 -240 424 ) (352 -240 370.285736 ) 
4 435 549 (624 -1024 424 ) (352 -1024 424 ) (352 -1024 360 ) (624 -1024 360 ) 
4 435 490 (360 -1024 360 ) (352 -1024 360 ) (352 -256 360 ) (360 -256 360 ) 
4 435 482 (624 -1024 360 ) (360 -1024 360 ) (360 -256 360 ) (624 -256 360 ) 
4 435 436 (352 -256 360 ) (352 -1024 360 ) (352 -1024 424 ) (352 -256 424 ) 
4 436 998 (0 -1024 360 ) (0 -1024 424 ) (0 -240 424 ) (0 -240 360 ) 
4 436 996 (0 -240 424 ) (0 -232 424 ) (0 -232 360 ) (0 -240 360 ) 
4 436 989 (0 -144 400 ) (0 -144 360 ) (0 -232 360 ) (0 -232 400 ) 
4 436 987 (0 -232 424 ) (0 -144 424 ) (0 -144 400 ) (0 -232 400 ) 
4 436 549 (352 -1024 424 ) (0 -1024 424 ) (0 -1024 360 ) (352 -1024 360 ) 
4 436 491 (352 -1024 360 ) (0 -1024 360 ) (0 -144 360 ) (352 -144 360 ) 
4 437 492 (1024 0 224 ) (1024 -224 224 ) (912 -224 224 ) (912 0 224 ) 
4 437 454 (912 -224 224 ) (1024 -224 224 ) (1024 -224 360 ) (912 -224 360 ) 
4 437 445 (912 -152 224 ) (912 -224 224 ) (912 -224 360 ) (912 -152 360 ) 
4 437 444 (912 -80 224 ) (912 -88 224 ) (912 -88 360 ) (912 -80 360 ) 
4 437 443 (912 -88 224 ) (912 -152 224 ) (912 -152 264 ) (912 -88 264 ) 
4 437 442 (912 -152 264 ) (912 -152 352 ) (912 -88 352 ) (912 -88 264 ) 
4 437 441 (912 -152 352 ) (912 -152 360 ) (912 -88 360 ) (912 -88 352 ) 
4 437 438 (912 -13 352 ) (912 0 352 ) (912 0 264 ) (912 -13 264 ) 
4 437 439 (912 -65 264 ) (912 -65 352 ) (912 -19 352 ) (912 -19 264 ) 
4 438 440 (904 -13 352 ) (904 0 352 ) (904 0 264 ) (904 -13 264 ) 
4 439 440 (904 -65 264 ) (904 -65 352 ) (904 -19 352 ) (904 -19 264 ) 
4 440 447 (840 -65 232 ) (840 -65 360 ) (840 0 360 ) (840 0 232 ) 
4 440 446 (840 -65 360 ) (840 -65 232 ) (904 -65 232 ) (904 -65 360 ) 
4 441 445 (876 -116 352 ) (912 -152 352 ) (912 -152 360 ) (876 -116 360 ) 
4 441 444 (912 -88 360 ) (912 -88 352 ) (908 -84 352 ) (908 -84 360 ) 
4 441 442 (912 -152 352 ) (876 -116 352 ) (908 -84 352 ) (912 -88 352 ) 
4 442 446 (868 -108 264 ) (868 -108 352 ) (900 -76 352 ) (900 -76 264 ) 
4 442 445 (876 -116 264 ) (912 -152 264 ) (912 -152 352 ) (876 -116 352 ) 
4 442 444 (912 -88 352 ) (912 -88 264 ) (908 -84 264 ) (908 -84 352 ) 
4 442 443 (912 -152 264 ) (876 -116 264 ) (908 -84 264 ) (912 -88 264 ) 
4 443 496 (908 -84 224 ) (912 -88 224 ) (912 -152 224 ) (876 -116 224 ) 
4 443 445 (876 -116 224 ) (912 -152 224 ) (912 -152 264 ) (876 -116 264 ) 
4 443 444 (912 -88 264 ) (912 -88 224 ) (908 -84 224 ) (908 -84 264 ) 
3 444 501 (912 -80 224 ) (912 -88 224 ) (908 -84 224 ) 
5 445 522 (912 -224 224 ) (848 -224 224 ) (848 -144 224 ) (876 -116 224 ) (912 -152 224 ) 
4 445 454 (848 -224 224 ) (912 -224 224 ) (912 -224 360 ) (848 -224 360 ) 
4 446 447 (840 -136 232 ) (840 -136 360 ) (840 -65 360 ) (840 -65 232 ) 
4 447 452 (804 -216 352 ) (756 -216 352 ) (756 -216 264 ) (804 -216 264 ) 
4 447 453 (716 -216 352 ) (688 -216 352 ) (688 -216 264 ) (716 -216 264 ) 
4 447 448 (688 -104 232 ) (688 -216 232 ) (688 -216 360 ) (688 -104 360 ) 
4 448 453 (688 -216 264 ) (688 -216 352 ) (680 -216 352 ) (680 -216 264 ) 
4 448 450 (680 -104 232 ) (680 -216 232 ) (680 -216 360 ) (680 -104 360 ) 
4 449 459 (632 -96 360 ) (632 0 360 ) (632 0 232 ) (632 -96 232 ) 
4 449 451 (632 -88 232 ) (632 0 232 ) (672 0 232 ) (672 -88 232 ) 
4 450 461 (632 -128 352 ) (632 -128 232 ) (632 -200 232 ) (632 -200 352 ) 
4 450 453 (668 -216 264 ) (680 -216 264 ) (680 -216 352 ) (668 -216 352 ) 
4 451 506 (632 -88 224 ) (632 -8 224 ) (672 -8 224 ) (672 -88 224 ) 
4 451 504 (632 -8 224 ) (632 0 224 ) (672 0 224 ) (672 -8 224 ) 
4 451 484 (632 -8 224 ) (632 -88 224 ) (632 -88 232 ) (632 -8 232 ) 
4 451 483 (632 0 224 ) (632 -8 224 ) (632 -8 232 ) (632 0 232 ) 
4 452 455 (756 -224 264 ) (804 -224 264 ) (804 -224 352 ) (756 -224 352 ) 
4 453 455 (668 -224 264 ) (716 -224 264 ) (716 -224 352 ) (668 -224 352 ) 
4 454 549 (1024 -1024 224 ) (1024 -1024 360 ) (848 -1024 360 ) (848 -1024 224 ) 
4 454 539 (848 -336 224 ) (848 -296 224 ) (912 -296 224 ) (912 -336 224 ) 
4 454 542 (912 -1024 224 ) (848 -1024 224 ) (848 -336 224 ) (912 -336 224 ) 
4 454 538 (848 -296 224 ) (848 -288 224 ) (912 -288 224 ) (912 -296 224 ) 
4 454 522 (848 -288 224 ) (848 -224 224 ) (912 -224 224 ) (912 -288 224 ) 
4 454 492 (1024 -224 224 ) (1024 -1024 224 ) (912 -1024 224 ) (912 -224 224 ) 
4 454 458 (848 -316 224 ) (848 -1024 224 ) (848 -1024 240 ) (848 -276 240 ) 
4 454 456 (848 -276 240 ) (848 -1024 240 ) (848 -1024 248 ) (848 -256 248 ) 
4 454 455 (848 -224 360 ) (848 -224 248 ) (848 -1024 248 ) (848 -1024 360 ) 
4 455 549 (848 -1024 360 ) (632 -1024 360 ) (632 -1024 248 ) (848 -1024 248 ) 
4 455 482 (632 -1024 248 ) (632 -1024 360 ) (632 -256 360 ) (632 -256 248 ) 
4 455 456 (632 -1024 248 ) (632 -256 248 ) (848 -256 248 ) (848 -1024 248 ) 
4 456 549 (632 -1024 248 ) (632 -1024 240 ) (848 -1024 240 ) (848 -1024 248 ) 
4 456 482 (632 -1024 240 ) (632 -1024 248 ) (632 -256 248 ) (632 -276 240 ) 
4 456 458 (632 -1024 240 ) (632 -276 240 ) (848 -276 240 ) (848 -1024 240 ) 
4 457 533 (632 -288 224 ) (632 -224 224 ) (640 -224 224 ) (640 -288 224 ) 
4 457 525 (648 -224 224 ) (840 -224 224 ) (840 -288 224 ) (648 -288 224 ) 
4 457 486 (632 -256 224 ) (632 -296 224 ) (632 -276 232 ) (632 -256 232 ) 
3 457 481 (632 -276 232 ) (632 -256 240 ) (632 -256 232 ) 
4 458 549 (632 -1024 240 ) (632 -1024 224 ) (848 -1024 224 ) (848 -1024 240 ) 
4 458 541 (632 -336 224 ) (632 -316 224 ) (848 -316 224 ) (848 -336 224 ) 
4 458 542 (848 -1024 224 ) (632 -1024 224 ) (632 -336 224 ) (848 -336 224 ) 
4 458 487 (632 -316 224 ) (632 -1024 224 ) (632 -1024 232 ) (632 -296 232 ) 
4 458 482 (632 -1024 232 ) (632 -1024 240 ) (632 -276 240 ) (632 -296 232 ) 
4 459 488 (360 -4 264 ) (360 -52 264 ) (360 -52 352 ) (360 -4 352 ) 
4 459 484 (528 -8 232 ) (632 -8 232 ) (632 -88 232 ) (528 -88 232 ) 
4 459 483 (592 0 232 ) (632 0 232 ) (632 -8 232 ) (592 -8 232 ) 
4 459 460 (360 -96 360 ) (360 -96 232 ) (504 -96 232 ) (504 -96 360 ) 
4 460 473 (384 -104 232 ) (408 -104 232 ) (408 -104 360 ) (384 -104 360 ) 
4 460 468 (408 -104 232 ) (480 -104 232 ) (480 -104 360 ) (408 -104 360 ) 
4 460 466 (480 -104 232 ) (504 -104 232 ) (504 -104 360 ) (480 -104 360 ) 
4 461 462 (630 -136 232 ) (630 -192 232 ) (630 -192 344.010010 ) (630 -136 344.010010 ) 
4 462 463 (626 -136 232 ) (626 -192 232 ) (626 -192 344.010010 ) (626 -136 344.010010 ) 
4 463 464 (624 -128 232 ) (624 -200 232 ) (624 -200 352 ) (624 -128 352 ) 
4 464 478 (512 -200 232 ) (608 -200 232 ) (608 -200 360 ) (512 -200 360 ) 
4 464 477 (608 -200 232 ) (624 -200 232 ) (624 -200 360 ) (608 -200 360 ) 
4 464 465 (512 -144 232 ) (512 -200 232 ) (512 -200 360 ) (512 -144 360 ) 
4 465 478 (504 -200 232 ) (512 -200 232 ) (512 -200 360 ) (504 -200 360 ) 
4 465 467 (504 -144 232 ) (504 -200 232 ) (504 -200 360 ) (504 -144 360 ) 
4 466 468 (480 -104 360 ) (480 -104 232 ) (480 -136 232 ) (480 -136 360 ) 
4 467 478 (480 -200 232 ) (504 -200 232 ) (504 -200 360 ) (480 -200 360 ) 
4 467 472 (480 -144 232 ) (480 -200 232 ) (480 -200 360 ) (480 -144 360 ) 
4 468 473 (408 -104 360 ) (408 -104 232 ) (408 -136 232 ) (408 -136 360 ) 
4 468 469 (408 -136 352 ) (408 -136 232 ) (480 -136 232 ) (480 -136 352 ) 
4 469 470 (416 -138 232 ) (472 -138 232 ) (472 -138 344.010010 ) (416 -138 344.010010 ) 
4 470 471 (416 -142 232 ) (472 -142 232 ) (472 -142 344.010010 ) (416 -142 344.010010 ) 
4 471 472 (408 -144 352 ) (408 -144 232 ) (480 -144 232 ) (480 -144 352 ) 
4 472 478 (408 -200 232 ) (480 -200 232 ) (480 -200 360 ) (408 -200 360 ) 
4 472 474 (408 -144 232 ) (408 -200 232 ) (408 -200 360 ) (408 -144 360 ) 
4 474 478 (384 -200 232 ) (408 -200 232 ) (408 -200 360 ) (384 -200 360 ) 
4 474 475 (384 -144 232 ) (384 -200 232 ) (384 -200 360 ) (384 -144 360 ) 
4 475 478 (376 -200 232 ) (384 -200 232 ) (384 -200 360 ) (376 -200 360 ) 
4 475 476 (376 -144 232 ) (376 -200 232 ) (376 -200 360 ) (376 -144 360 ) 
4 476 489 (360 -144 352 ) (360 -144 264 ) (360 -200 264 ) (360 -200 352 ) 
4 476 480 (360 -200 360 ) (360 -200 232 ) (376 -200 232 ) (376 -200 360 ) 
4 477 478 (608 -200 360 ) (608 -200 232 ) (608 -248 232 ) (608 -248 360 ) 
4 478 480 (376 -200 360 ) (376 -200 232 ) (376 -248 232 ) (376 -248 360 ) 
4 478 479 (376 -248 352 ) (376 -248 264 ) (608 -248 264 ) (608 -248 352 ) 
4 479 482 (608 -256 264 ) (608 -256 352 ) (376 -256 352 ) (376 -256 264 ) 
4 480 489 (360 -200 352 ) (360 -200 264 ) (360 -240 264 ) (360 -240 352 ) 
4 481 486 (360 -276 232 ) (360 -256 232 ) (632 -256 232 ) (632 -276 232 ) 
4 482 549 (632 -1024 360 ) (360 -1024 360 ) (360 -1024 232 ) (632 -1024 232 ) 
5 482 490 (360 -1024 232 ) (360 -1024 360 ) (360 -256 360 ) (360 -256 248 ) (360 -296 232 ) 
4 482 487 (360 -1024 232 ) (360 -296 232 ) (632 -296 232 ) (632 -1024 232 ) 
4 483 504 (592 0 224 ) (632 0 224 ) (632 -8 224 ) (592 -8 224 ) 
4 483 484 (632 -8 224 ) (632 -8 232 ) (592 -8 232 ) (592 -8 224 ) 
4 484 516 (528 -8 224 ) (544 -8 224 ) (544 -88 224 ) (528 -88 224 ) 
4 484 514 (544 -8 224 ) (560 -8 224 ) (560 -88 224 ) (544 -88 224 ) 
4 484 512 (560 -8 224 ) (576 -8 224 ) (576 -88 224 ) (560 -88 224 ) 
4 484 510 (576 -8 224 ) (592 -8 224 ) (592 -88 224 ) (576 -88 224 ) 
4 484 506 (592 -8 224 ) (632 -8 224 ) (632 -88 224 ) (592 -88 224 ) 
4 485 533 (632 -216 224 ) (632 -224 224 ) (624 -224 224 ) (624 -216 224 ) 
4 486 533 (360 -288 224 ) (360 -256 224 ) (632 -256 224 ) (632 -288 224 ) 
4 487 549 (360 -1024 232 ) (360 -1024 224 ) (632 -1024 224 ) (632 -1024 232 ) 
4 487 541 (360 -336 224 ) (360 -316 224 ) (632 -316 224 ) (632 -336 224 ) 
4 487 542 (632 -1024 224 ) (360 -1024 224 ) (360 -336 224 ) (632 -336 224 ) 
4 487 490 (360 -316 224 ) (360 -1024 224 ) (360 -1024 232 ) (360 -296 232 ) 
4 488 491 (352 -52 352 ) (352 -4 352 ) (352 -4 264 ) (352 -52 264 ) 
4 489 491 (352 -240 264 ) (352 -240 352 ) (352 -144 352 ) (352 -144 264 ) 
4 490 549 (360 -1024 360 ) (352 -1024 360 ) (352 -1024 224 ) (360 -1024 224 ) 
4 490 541 (352 -336 224 ) (352 -316 224 ) (360 -316 224 ) (360 -336 224 ) 
4 490 542 (360 -1024 224 ) (352 -1024 224 ) (352 -336 224 ) (360 -336 224 ) 
5 490 491 (352 -316 224 ) (352 -1024 224 ) (352 -1024 360 ) (352 -256 360 ) (352 -256 248 ) 
4 491 1055 (0 -472 360 ) (0 -464 360 ) (0 -464 224 ) (0 -472 224 ) 
4 491 1058 (0 -1024 224 ) (0 -1024 360 ) (0 -472 360 ) (0 -472 224 ) 
4 491 1051 (0 -240 232 ) (0 -240 224 ) (0 -464 224 ) (0 -464 232 ) 
4 491 1037 (0 -464 360 ) (0 -240 360 ) (0 -240 232 ) (0 -464 232 ) 
4 491 1002 (0 -240 360 ) (0 0 360 ) (0 0 224 ) (0 -240 224 ) 
4 491 549 (352 -1024 360 ) (0 -1024 360 ) (0 -1024 224 ) (352 -1024 224 ) 
4 491 543 (352 -1024 224 ) (0 -1024 224 ) (0 0 224 ) (352 0 224 ) 
4 492 549 (1024 -1024 96 ) (1024 -1024 224 ) (912 -1024 224 ) (912 -1024 96 ) 
4 492 544 (1024 -1024 96 ) (912 -1024 96 ) (912 -768 96 ) (1024 -768 96 ) 
4 492 539 (912 -296 96 ) (912 -336 96 ) (912 -336 224 ) (912 -296 224 ) 
4 492 542 (912 -336 96 ) (912 -1024 96 ) (912 -1024 224 ) (912 -336 224 ) 
4 492 538 (912 -288 96 ) (912 -296 96 ) (912 -296 224 ) (912 -288 224 ) 
4 492 522 (912 -152 96 ) (912 -288 96 ) (912 -288 224 ) (912 -152 224 ) 
4 492 501 (912 -80 96 ) (912 -88 96 ) (912 -88 224 ) (912 -80 224 ) 
4 492 499 (912 -88 96 ) (912 -152 96 ) (912 -152 128 ) (912 -88 128 ) 
4 492 498 (912 -152 128 ) (912 -152 216 ) (912 -88 216 ) (912 -88 128 ) 
4 492 496 (912 -152 216 ) (912 -152 224 ) (912 -88 224 ) (912 -88 216 ) 
4 492 493 (912 -13 216 ) (912 0 216 ) (912 0 128 ) (912 -13 128 ) 
4 492 494 (912 -65 128 ) (912 -65 216 ) (912 -19 216 ) (912 -19 128 ) 
4 493 495 (904 -13 216 ) (904 0 216 ) (904 0 128 ) (904 -13 128 ) 
4 494 495 (904 -65 128 ) (904 -65 216 ) (904 -19 216 ) (904 -19 128 ) 
4 495 503 (760 0 96 ) (825 -65 96 ) (825 -65 224 ) (760 0 224 ) 
4 495 502 (889 -65 96 ) (904 -65 96 ) (904 -65 224 ) (889 -65 224 ) 
4 495 500 (824.998047 -65 128 ) (824.998047 -65 96 ) (889 -65 96 ) (889 -65 128 ) 
4 495 498 (824.998047 -65 216 ) (824.998047 -65 128 ) (889 -65 128 ) (889 -65 216 ) 
4 495 497 (824.998047 -65 224 ) (824.998047 -65 216 ) (889 -65 216 ) (889 -65 224 ) 
4 496 522 (912 -152 216 ) (912 -152 224 ) (876 -116 224 ) (876 -116 216 ) 
4 496 501 (912 -88 224 ) (912 -88 216 ) (908 -84 216 ) (908 -84 224 ) 
4 496 498 (912 -152.003906 216 ) (875.998108 -116.001999 216 ) (907.998108 -84.001999 216 ) (912 -88.003906 216 ) 
4 497 523 (868 -108 224 ) (864 -104 224 ) (864 -104 216 ) (868 -108 216 ) 
4 497 521 (864 -104 224 ) (856 -96 224 ) (856 -96 216 ) (864 -104 216 ) 
4 497 503 (856 -96 224 ) (825 -65 224 ) (825 -65 216 ) (856 -96 216 ) 
4 497 502 (900 -76 216 ) (889 -65 216 ) (889 -65 224 ) (900 -76 224 ) 
4 497 498 (867.998047 -108.001953 216 ) (824.996094 -65 216 ) (888.996094 -65 216 ) (899.998047 -76.001961 216 ) 
4 498 523 (868 -108 216 ) (864 -104 216 ) (864 -104 128 ) (868 -108 128 ) 
4 498 522 (912 -152 128 ) (912 -152 216 ) (876 -116 216 ) (876 -116 128 ) 
4 498 521 (864 -104 216 ) (856 -96 216 ) (856 -96 128 ) (864 -104 128 ) 
4 498 503 (856 -96 216 ) (825 -65 216 ) (825 -65 128 ) (856 -96 128 ) 
4 498 502 (900 -76 128 ) (889 -65 128 ) (889 -65 216 ) (900 -76 216 ) 
4 498 501 (912 -88 216 ) (912 -88 128 ) (908 -84 128 ) (908 -84 216 ) 
4 498 500 (867.998047 -108.001953 128 ) (824.996094 -65 128 ) (888.996094 -65 128 ) (899.998047 -76.001961 128 ) 
4 498 499 (912 -152.003906 128 ) (875.998108 -116.001999 128 ) (907.998108 -84.001999 128 ) (912 -88.003906 128 ) 
4 499 522 (876 -116 96 ) (912 -152 96 ) (912 -152 128 ) (876 -116 128 ) 
4 499 501 (912 -88 128 ) (912 -88 96 ) (908 -84 96 ) (908 -84 128 ) 
4 500 523 (864 -104 96 ) (868 -108 96 ) (868 -108 128 ) (864 -104 128 ) 
4 500 521 (856 -96 96 ) (864 -104 96 ) (864 -104 128 ) (856 -96 128 ) 
4 500 503 (825 -65 96 ) (856 -96 96 ) (856 -96 128 ) (825 -65 128 ) 
4 500 502 (900 -76 96 ) (889 -65 96 ) (889 -65 128 ) (900 -76 128 ) 
4 503 521 (688 -96 96 ) (856.001953 -96 96 ) (856.001953 -96 224 ) (688 -96 224 ) 
4 504 506 (592 -8 224 ) (592 -8 192 ) (680 -8 192 ) (680 -8 224 ) 
4 505 507 (592 -8 160 ) (592 -8 96 ) (680 -8 96 ) (680 -8 160 ) 
4 506 510 (592 -96 176 ) (592 -96 224 ) (592 -8 224 ) (592 -8 176 ) 
4 507 511 (592 -8 96 ) (592 -96 96 ) (592 -96 144 ) (592 -8 144 ) 
4 508 517 (392 -8 96 ) (528 -8 96 ) (528 -8 224 ) (392 -8 224 ) 
4 509 537 (360 0 96 ) (360 -8 96 ) (360 -8 128 ) (360 0 128 ) 
4 509 535 (360 -8 128 ) (360 -8 216 ) (360 0 216 ) (360 0 128 ) 
4 509 534 (360 -8 216 ) (360 -8 224 ) (360 0 224 ) (360 0 216 ) 
4 509 519 (360 -8 224 ) (360 -8 96 ) (384 -8 96 ) (384 -8 224 ) 
4 510 512 (576 -8 224 ) (576 -8 160 ) (576 -96 160 ) (576 -96 224 ) 
4 511 513 (576 -8 128 ) (576 -8 96 ) (576 -96 96 ) (576 -96 128 ) 
4 512 514 (560 -8 224 ) (560 -8 144 ) (560 -96 144 ) (560 -96 224 ) 
4 513 515 (560 -8 112 ) (560 -8 96 ) (560 -96 96 ) (560 -96 112 ) 
4 514 516 (544 -8 224 ) (544 -8 128 ) (544 -96 128 ) (544 -96 224 ) 
4 516 517 (528 -8 224 ) (528 -8 112 ) (528 -96 112 ) (528 -96 224 ) 
4 517 526 (392 -96 96 ) (504 -96 96 ) (504 -96 224 ) (392 -96 224 ) 
4 517 518 (392 -24 96 ) (392 -96 96 ) (392 -96 224 ) (392 -24 224 ) 
4 518 526 (384 -96 96 ) (392 -96 96 ) (392 -96 224 ) (384 -96 224 ) 
4 518 520 (384 -24 96 ) (384 -96 96 ) (384 -96 224 ) (384 -24 224 ) 
4 519 537 (360 -8 96 ) (360 -16 96 ) (360 -16 128 ) (360 -8 128 ) 
4 519 535 (360 -16 128 ) (360 -16 216 ) (360 -8 216 ) (360 -8 128 ) 
4 519 534 (360 -16 216 ) (360 -16 224 ) (360 -8 224 ) (360 -8 216 ) 
4 520 536 (360 -88 216 ) (360 -40 216 ) (360 -40 128 ) (360 -88 128 ) 
4 520 526 (360 -96 224 ) (360 -96 96 ) (384 -96 96 ) (384 -96 224 ) 
4 521 524 (840 -104 96 ) (848 -104 96 ) (848 -104 224 ) (840 -104 224 ) 
4 521 523 (848 -104 96 ) (864 -104 96 ) (864 -104 224 ) (848 -104 224 ) 
4 521 525 (688 -104 96 ) (840 -104 96 ) (840 -104 224 ) (688 -104 224 ) 
4 522 538 (848 -288 96 ) (912 -288 96 ) (912 -288 224 ) (848 -288 224 ) 
4 523 524 (848 -104 224 ) (848 -104 96 ) (848 -128 96 ) (848 -128 224 ) 
4 524 525 (840 -104 224 ) (840 -104 96 ) (840 -136 96 ) (840 -136 224 ) 
4 525 532 (648 -280 136 ) (648 -280 200 ) (648 -192 200 ) (648 -192 136 ) 
4 525 529 (648 -112 96 ) (648 -184 96 ) (648 -184 216 ) (648 -112 216 ) 
4 526 527 (360 -104 224 ) (360 -104 96 ) (504 -104 96 ) (504 -104 224 ) 
4 527 531 (360 -112 216 ) (360 -112 96 ) (640 -112 96 ) (640 -112 216 ) 
4 527 528 (360 -112 224 ) (360 -112 216 ) (640 -112 216 ) (640 -112 224 ) 
4 528 533 (360 -184 224 ) (360 -184 216 ) (640 -184 216 ) (640 -184 224 ) 
4 528 531 (640 -184 216 ) (360 -184 216 ) (360 -112 216 ) (640 -112 216 ) 
4 529 530 (646 -120 96 ) (646 -176 96 ) (646 -176 208 ) (646 -120 208 ) 
4 530 531 (642 -120 96 ) (642 -176 96 ) (642 -176 208 ) (642 -120 208 ) 
4 531 533 (360 -184 216 ) (360 -184 96 ) (640 -184 96 ) (640 -184 216 ) 
4 532 533 (640 -280 136 ) (640 -280 200 ) (640 -192 200 ) (640 -192 136 ) 
4 534 535 (360 0 216 ) (360 -16 216 ) (352 -16 216 ) (352 0 216 ) 
4 534 543 (352 -16 224 ) (352 0 224 ) (352 0 216 ) (352 -16 216 ) 
4 535 537 (360 0 128 ) (360 -16 128 ) (352 -16 128 ) (352 0 128 ) 
4 535 543 (352 -16 216 ) (352 0 216 ) (352 0 128 ) (352 -16 128 ) 
4 536 543 (352 -88 216 ) (352 -40 216 ) (352 -40 128 ) (352 -88 128 ) 
4 537 543 (352 0 96 ) (352 -16 96 ) (352 -16 128 ) (352 0 128 ) 
4 538 539 (848 -296 96 ) (912 -296 96 ) (912 -296 224 ) (848 -296 224 ) 
3 539 541 (848 -336 216 ) (848 -336 224 ) (848 -316 224 ) 
4 539 540 (848 -296 224 ) (848 -296 96 ) (848 -336 96 ) (848 -336 208 ) 
4 539 542 (848 -336 96 ) (912 -336 96 ) (912 -336 224 ) (848 -336 224 ) 
4 540 543 (352 -296 96 ) (352 -336 96 ) (352 -336 208 ) (352 -296 224 ) 
4 540 542 (352 -336 208 ) (352 -336 96 ) (848 -336 96 ) (848 -336 208 ) 
4 541 542 (352 -336 224 ) (352 -336 216 ) (848 -336 216 ) (848 -336 224 ) 
3 541 543 (352 -336 216 ) (352 -336 224 ) (352 -316 224 ) 
4 542 549 (912 -1024 224 ) (352 -1024 224 ) (352 -1024 96 ) (912 -1024 96 ) 
4 542 544 (912 -1024 96 ) (352 -1024 96 ) (352 -768 96 ) (912 -768 96 ) 
4 542 543 (352 -336 96 ) (352 -1024 96 ) (352 -1024 224 ) (352 -336 224 ) 
4 543 1059 (0 -1024 96 ) (0 -1024 224 ) (0 0 224 ) (0 0 96 ) 
4 543 549 (352 -1024 224 ) (0 -1024 224 ) (0 -1024 96 ) (352 -1024 96 ) 
4 543 545 (288 -1024 96 ) (0 -1024 96 ) (0 0 96 ) (288 0 96 ) 
4 543 544 (352 -1024 96 ) (288 -1024 96 ) (288 -768 96 ) (352 -768 96 ) 
4 544 558 (1024 -1024 0 ) (1024 -1024 92 ) (288 -1024 92 ) (288 -1024 0 ) 
4 544 550 (1024 -1024 92 ) (1024 -1024 96 ) (288 -1024 96 ) (288 -1024 92 ) 
4 544 547 (1024 -768 0 ) (1024 -1024 0 ) (288 -1024 0 ) (288 -768 0 ) 
4 544 546 (288 -768 0 ) (288 -1024 0 ) (288 -1024 64 ) (288 -768 64 ) 
4 544 545 (288 -1024 64 ) (288 -1024 96 ) (288 -768 96 ) (288 -768 64 ) 
4 545 1140 (0 -512 96 ) (0 -256 96 ) (0 -256 64 ) (0 -512 64 ) 
4 545 1141 (0 -1024 64 ) (0 -1024 96 ) (0 -512 96 ) (0 -512 64 ) 
4 545 1135 (0 -256 96 ) (0 0 96 ) (0 0 64 ) (0 -256 64 ) 
4 545 564 (32 -1024 64 ) (80 -1024 64 ) (80 -1024 92 ) (32 -1024 92 ) 
4 545 565 (0 -1024 92 ) (0 -1024 64 ) (32 -1024 64 ) (32 -1024 92 ) 
4 545 560 (80 -1024 64 ) (160 -1024 64 ) (160 -1024 92 ) (80 -1024 92 ) 
4 545 559 (160 -1024 64 ) (208 -1024 64 ) (208 -1024 92 ) (160 -1024 92 ) 
4 545 558 (208 -1024 64 ) (288 -1024 64 ) (288 -1024 92 ) (208 -1024 92 ) 
4 545 554 (80 -1024 96 ) (32 -1024 96 ) (32 -1024 92 ) (80 -1024 92 ) 
4 545 555 (32 -1024 96 ) (0 -1024 96 ) (0 -1024 92 ) (32 -1024 92 ) 
4 545 551 (208 -1024 96 ) (160 -1024 96 ) (160 -1024 92 ) (208 -1024 92 ) 
4 545 552 (160 -1024 96 ) (80 -1024 96 ) (80 -1024 92 ) (160 -1024 92 ) 
4 545 550 (288 -1024 96 ) (208 -1024 96 ) (208 -1024 92 ) (288 -1024 92 ) 
4 545 546 (288 -512 64 ) (288 -1024 64 ) (0 -1024 64 ) (0 -512 64 ) 
4 546 1141 (0 -1024 0 ) (0 -1024 64 ) (0 -512 64 ) (0 -512 0 ) 
4 546 564 (32 -1024 0 ) (80 -1024 0 ) (80 -1024 64 ) (32 -1024 64 ) 
4 546 565 (0 -1024 64 ) (0 -1024 0 ) (32 -1024 0 ) (32 -1024 64 ) 
4 546 560 (80 -1024 0 ) (160 -1024 0 ) (160 -1024 64 ) (80 -1024 64 ) 
4 546 559 (160 -1024 0 ) (208 -1024 0 ) (208 -1024 64 ) (160 -1024 64 ) 
4 546 558 (208 -1024 0 ) (288 -1024 0 ) (288 -1024 64 ) (208 -1024 64 ) 
4 546 547 (288 -1024 0 ) (0 -1024 0 ) (0 -512 0 ) (288 -512 0 ) 
4 547 1159 (0 -1024 -1504 ) (0 -1024 -64 ) (0 0 -64 ) (0 0 -1504 ) 
4 547 1157 (0 -1024 -64 ) (0 -1024 -40 ) (0 0 -40 ) (0 0 -64 ) 
4 547 1144 (0 -1024 -40 ) (0 -1024 0 ) (0 0 0 ) (0 0 -40 ) 
4 547 578 (1024 -1024 -1504 ) (1024 -1024 -64 ) (0 -1024 -64 ) (0 -1024 -1504 ) 
4 547 564 (80 -1024 0 ) (32 -1024 0 ) (32 -1024 -64 ) (80 -1024 -64 ) 
4 547 565 (32 -1024 0 ) (0 -1024 0 ) (0 -1024 -64 ) (32 -1024 -64 ) 
4 547 560 (160 -1024 0 ) (80 -1024 0 ) (80 -1024 -64 ) (160 -1024 -64 ) 
4 547 559 (208 -1024 0 ) (160 -1024 0 ) (160 -1024 -64 ) (208 -1024 -64 ) 
4 547 558 (1024 -1024 -64 ) (1024 -1024 0 ) (208 -1024 0 ) (208 -1024 -64 ) 
4 548 580 (2048 -2048 -1504 ) (2048 -2048 2784 ) (1024 -2048 2784 ) (1024 -2048 -1504 ) 
4 548 578 (1024 -1024 -64 ) (1024 -1024 -1504 ) (1024 -2048 -1504 ) (1024 -2048 -64 ) 
4 548 573 (1024 -1816 -64 ) (1024 -2048 -64 ) (1024 -2048 92 ) (1024 -1816 92 ) 
4 548 571 (1024 -1768 -64 ) (1024 -1816 -64 ) (1024 -1816 92 ) (1024 -1768 92 ) 
4 548 566 (1024 -1688 -64 ) (1024 -1768 -64 ) (1024 -1768 92 ) (1024 -1688 92 ) 
4 548 558 (1024 -1024 92 ) (1024 -1024 -64 ) (1024 -1688 -64 ) (1024 -1688 92 ) 
4 548 556 (1024 -1816 92 ) (1024 -2048 92 ) (1024 -2048 96 ) (1024 -1816 96 ) 
4 548 550 (1024 -1024 96 ) (1024 -1024 92 ) (1024 -1816 92 ) (1024 -1816 96 ) 
4 548 549 (1024 -1024 2784 ) (1024 -1024 96 ) (1024 -2048 96 ) (1024 -2048 2784 ) 
4 549 1182 (0 -2048 96 ) (0 -2048 2784 ) (0 -1024 2784 ) (0 -1024 96 ) 
4 549 581 (1024 -2048 96 ) (1024 -2048 2784 ) (0 -2048 2784 ) (0 -2048 96 ) 
4 549 557 (336 -2048 96 ) (0 -2048 96 ) (0 -1864 96 ) (336 -1864 96 ) 
4 549 556 (1024 -2048 96 ) (384 -2048 96 ) (384 -1816 96 ) (1024 -1816 96 ) 
4 549 554 (32 -1024 96 ) (80 -1024 96 ) (80 -1512 96 ) (32 -1512 96 ) 
4 549 555 (0 -1816 96 ) (0 -1024 96 ) (32 -1024 96 ) (32 -1816 96 ) 
4 549 553 (192 -1768 96 ) (80 -1768 96 ) (80 -1688 96 ) (192 -1688 96 ) 
4 549 551 (160 -1024 96 ) (208 -1024 96 ) (208 -1512 96 ) (160 -1512 96 ) 
4 549 552 (80 -1024 96 ) (160 -1024 96 ) (160 -1688 96 ) (80 -1688 96 ) 
4 549 550 (208 -1024 96 ) (1024 -1024 96 ) (1024 -1816 96 ) (208 -1816 96 ) 
4 550 571 (1024 -1768 92 ) (1024 -1816 92 ) (208 -1816 92 ) (208 -1768 92 ) 
4 550 566 (1024 -1688 92 ) (1024 -1768 92 ) (208 -1768 92 ) (208 -1688 92 ) 
4 550 558 (1024 -1024 92 ) (1024 -1688 92 ) (208 -1688 92 ) (208 -1024 92 ) 
4 550 556 (384 -1816 92 ) (1024 -1816 92 ) (1024 -1816 96 ) (384 -1816 96 ) 
4 550 551 (208 -1024 92 ) (208 -1512 92 ) (208 -1512 96 ) (208 -1024 96 ) 
4 551 559 (160 -1024 92 ) (208 -1024 92 ) (208 -1512 92 ) (160 -1512 92 ) 
4 551 552 (160 -1024 92 ) (160 -1512 92 ) (160 -1512 96 ) (160 -1024 96 ) 
4 552 563 (80 -1688 92 ) (80 -1672 92 ) (160 -1672 92 ) (160 -1688 92 ) 
4 552 562 (80 -1672 92 ) (80 -1656 92 ) (160 -1656 92 ) (160 -1672 92 ) 
4 552 561 (80 -1656 92 ) (80 -1640 92 ) (160 -1640 92 ) (160 -1656 92 ) 
4 552 560 (80 -1640 92 ) (80 -1024 92 ) (160 -1024 92 ) (160 -1640 92 ) 
4 552 554 (80 -1024 92 ) (80 -1512 92 ) (80 -1512 96 ) (80 -1024 96 ) 
4 552 553 (80 -1688 96 ) (80 -1688 92 ) (160 -1688 92 ) (160 -1688 96 ) 
4 553 569 (80 -1768 92 ) (80 -1688 92 ) (160 -1688 92 ) (160 -1768 92 ) 
4 553 568 (160 -1688 92 ) (176 -1688 92 ) (176 -1768 92 ) (160 -1768 92 ) 
4 553 567 (176 -1688 92 ) (192 -1688 92 ) (192 -1768 92 ) (176 -1768 92 ) 
4 554 564 (32 -1512 92 ) (32 -1024 92 ) (80 -1024 92 ) (80 -1512 92 ) 
4 554 555 (32 -1024 92 ) (32 -1512 92 ) (32 -1512 96 ) (32 -1024 96 ) 
4 555 1183 (0 -1816 96 ) (0 -1024 96 ) (0 -1024 92 ) (0 -1816 92 ) 
4 555 572 (32 -1816 92 ) (0 -1816 92 ) (0 -1768 92 ) (32 -1768 92 ) 
4 555 570 (0 -1768 92 ) (0 -1688 92 ) (32 -1688 92 ) (32 -1768 92 ) 
4 555 565 (0 -1688 92 ) (0 -1024 92 ) (32 -1024 92 ) (32 -1688 92 ) 
4 556 582 (1024 -2048 92 ) (1024 -2048 96 ) (384 -2048 96 ) (384 -2048 92 ) 
4 556 573 (1024 -1816 92 ) (1024 -2048 92 ) (384 -2048 92 ) (384 -1816 92 ) 
4 557 1184 (0 -2048 92 ) (0 -2048 96 ) (0 -1864 96 ) (0 -1864 92 ) 
4 557 584 (336 -2048 96 ) (0 -2048 96 ) (0 -2048 92 ) (336 -2048 92 ) 
4 557 576 (336 -2048 92 ) (0 -2048 92 ) (0 -1864 92 ) (336 -1864 92 ) 
4 558 578 (208 -1024 -64 ) (1024 -1024 -64 ) (1024 -1688 -64 ) (208 -1688 -64 ) 
4 558 566 (208 -1688 -64 ) (1024 -1688 -64 ) (1024 -1688 92 ) (208 -1688 92 ) 
4 558 559 (208 -1024 -64 ) (208 -1512 -64 ) (208 -1512 92 ) (208 -1024 92 ) 
4 559 578 (160 -1024 -64 ) (208 -1024 -64 ) (208 -1512 -64 ) (160 -1512 -64 ) 
4 559 560 (160 -1024 -64 ) (160 -1512 -64 ) (160 -1512 92 ) (160 -1024 92 ) 
4 560 578 (80 -1024 -64 ) (160 -1024 -64 ) (160 -1640 -64 ) (80 -1640 -64 ) 
4 560 564 (80 -1024 -64 ) (80 -1512 -64 ) (80 -1512 92 ) (80 -1024 92 ) 
4 560 561 (80 -1640 92 ) (80 -1640 0 ) (160 -1640 0 ) (160 -1640 92 ) 
4 561 562 (80 -1656 92 ) (80 -1656 16 ) (160 -1656 16 ) (160 -1656 92 ) 
4 562 563 (80 -1672 92 ) (80 -1672 32 ) (160 -1672 32 ) (160 -1672 92 ) 
4 563 569 (160 -1688 48 ) (160 -1688 92 ) (80 -1688 92 ) (80 -1688 48 ) 
4 564 578 (32 -1024 -64 ) (80 -1024 -64 ) (80 -1512 -64 ) (32 -1512 -64 ) 
4 564 565 (32 -1024 -64 ) (32 -1512 -64 ) (32 -1512 92 ) (32 -1024 92 ) 
4 565 1187 (0 -1688 92 ) (0 -1024 92 ) (0 -1024 -64 ) (0 -1688 -64 ) 
4 565 578 (0 -1688 -64 ) (0 -1024 -64 ) (32 -1024 -64 ) (32 -1688 -64 ) 
4 565 570 (0 -1688 -64 ) (32 -1688 -64 ) (32 -1688 92 ) (0 -1688 92 ) 
4 566 578 (208 -1688 -64 ) (1024 -1688 -64 ) (1024 -1768 -64 ) (208 -1768 -64 ) 
4 566 571 (208 -1768 -64 ) (1024 -1768 -64 ) (1024 -1768 92 ) (208 -1768 92 ) 
4 567 568 (176 -1688 92 ) (176 -1688 80 ) (176 -1768 80 ) (176 -1768 92 ) 
4 568 569 (160 -1688 92 ) (160 -1688 64 ) (160 -1768 64 ) (160 -1768 92 ) 
4 570 1187 (0 -1768 92 ) (0 -1688 92 ) (0 -1688 -64 ) (0 -1768 -64 ) 
4 570 578 (0 -1768 -64 ) (0 -1688 -64 ) (32 -1688 -64 ) (32 -1768 -64 ) 
4 570 572 (0 -1768 -64 ) (32 -1768 -64 ) (32 -1768 92 ) (0 -1768 92 ) 
4 571 578 (208 -1768 -64 ) (1024 -1768 -64 ) (1024 -1816 -64 ) (208 -1816 -64 ) 
4 571 575 (208 -1816 -64 ) (336 -1816 -64 ) (336 -1816 0 ) (208 -1816 0 ) 
4 571 574 (336 -1816 -64 ) (384 -1816 -64 ) (384 -1816 0 ) (336 -1816 0 ) 
4 571 573 (384 -1816 -64 ) (1024 -1816 -64 ) (1024 -1816 92 ) (384 -1816 92 ) 
4 572 1187 (0 -1816 92 ) (0 -1768 92 ) (0 -1768 -64 ) (0 -1816 -64 ) 
4 572 578 (0 -1816 -64 ) (0 -1768 -64 ) (32 -1768 -64 ) (32 -1816 -64 ) 
4 572 575 (0 -1816 -64 ) (32 -1816 -64 ) (32 -1816 0 ) (0 -1816 0 ) 
4 573 588 (1024 -2048 -64 ) (1024 -2048 0 ) (384 -2048 0 ) (384 -2048 -64 ) 
4 573 586 (1024 -2048 0 ) (1024 -2048 92 ) (384 -2048 92 ) (384 -2048 0 ) 
4 573 578 (1024 -2048 -64 ) (384 -2048 -64 ) (384 -1816 -64 ) (1024 -1816 -64 ) 
4 573 574 (384 -1816 0 ) (384 -1816 -64 ) (384 -2048 -64 ) (384 -2048 0 ) 
4 574 588 (336 -2048 0 ) (336 -2048 -64 ) (384 -2048 -64 ) (384 -2048 0 ) 
4 574 578 (384 -2048 -64 ) (336 -2048 -64 ) (336 -1816 -64 ) (384 -1816 -64 ) 
4 574 577 (336 -1864 -64 ) (336 -2048 -64 ) (336 -2048 0 ) (336 -1864 0 ) 
4 574 575 (336 -1816 0 ) (336 -1816 -64 ) (336 -1864 -64 ) (336 -1864 0 ) 
4 575 1188 (0 -1816 0 ) (0 -1816 -64 ) (0 -1864 -64 ) (0 -1864 0 ) 
4 575 578 (0 -1864 -64 ) (0 -1816 -64 ) (336 -1816 -64 ) (336 -1864 -64 ) 
4 575 577 (0 -1864 -64 ) (336 -1864 -64 ) (336 -1864 0 ) (0 -1864 0 ) 
4 576 1189 (0 -2048 32 ) (0 -2048 92 ) (0 -1864 92 ) (0 -1864 32 ) 
4 576 589 (336 -2048 92 ) (0 -2048 92 ) (0 -2048 32 ) (336 -2048 32 ) 
4 577 1190 (0 -2048 -64 ) (0 -2048 0 ) (0 -1864 0 ) (0 -1864 -64 ) 
4 577 590 (0 -2048 0 ) (0 -2048 -64 ) (336 -2048 -64 ) (336 -2048 0 ) 
4 577 578 (336 -2048 -64 ) (0 -2048 -64 ) (0 -1864 -64 ) (336 -1864 -64 ) 
4 578 1190 (0 -2048 -1504 ) (0 -2048 -64 ) (0 -1864 -64 ) (0 -1864 -1504 ) 
4 578 1188 (0 -1864 -64 ) (0 -1816 -64 ) (0 -1816 -1504 ) (0 -1864 -1504 ) 
4 578 1187 (0 -1816 -64 ) (0 -1024 -64 ) (0 -1024 -1504 ) (0 -1816 -1504 ) 
4 578 590 (336 -2048 -64 ) (0 -2048 -64 ) (0 -2048 -1504 ) (336 -2048 -1504 ) 
4 578 588 (1024 -2048 -1504 ) (1024 -2048 -64 ) (336 -2048 -64 ) (336 -2048 -1504 ) 
4 579 593 (3072 -3072 -1504 ) (3072 -3072 2784 ) (2048 -3072 2784 ) (2048 -3072 -1504 ) 
4 579 580 (2048 -3072 -1504 ) (2048 -3072 2784 ) (2048 -2048 2784 ) (2048 -2048 -1504 ) 
4 580 594 (2048 -3072 -1504 ) (2048 -3072 2784 ) (1024 -3072 2784 ) (1024 -3072 -1504 ) 
4 580 588 (1024 -2048 0 ) (1024 -2048 -1504 ) (1024 -3072 -1504 ) (1024 -3072 0 ) 
4 580 586 (1024 -2048 92 ) (1024 -2048 0 ) (1024 -3072 0 ) (1024 -3072 92 ) 
4 580 582 (1024 -2048 96 ) (1024 -2048 92 ) (1024 -3072 92 ) (1024 -3072 96 ) 
4 580 581 (1024 -2048 2784 ) (1024 -2048 96 ) (1024 -3072 96 ) (1024 -3072 2784 ) 
4 581 1285 (0 -3072 96 ) (0 -3072 2784 ) (0 -2048 2784 ) (0 -2048 96 ) 
4 581 595 (0 -3072 2784 ) (0 -3072 96 ) (1024 -3072 96 ) (1024 -3072 2784 ) 
4 581 584 (0 -2088 96 ) (0 -2048 96 ) (336 -2048 96 ) (336 -2088 96 ) 
4 581 585 (336 -3072 96 ) (0 -3072 96 ) (0 -2136 96 ) (336 -2136 96 ) 
4 581 583 (384 -3072 96 ) (336 -3072 96 ) (336 -2136 96 ) (384 -2136 96 ) 
4 581 582 (1024 -3072 96 ) (384 -3072 96 ) (384 -2048 96 ) (1024 -2048 96 ) 
4 582 595 (384 -3072 92 ) (1024 -3072 92 ) (1024 -3072 96 ) (384 -3072 96 ) 
4 582 586 (384 -2048 92 ) (1024 -2048 92 ) (1024 -3072 92 ) (384 -3072 92 ) 
4 582 583 (384 -2136 92 ) (384 -3072 92 ) (384 -3072 96 ) (384 -2136 96 ) 
4 583 595 (336 -3072 92 ) (384 -3072 92 ) (384 -3072 96 ) (336 -3072 96 ) 
4 583 587 (384 -2136 92 ) (384 -3072 92 ) (336 -3072 92 ) (336 -2136 92 ) 
4 583 585 (336 -2136 92 ) (336 -3072 92 ) (336 -3072 96 ) (336 -2136 96 ) 
4 584 1286 (0 -2088 96 ) (0 -2048 96 ) (0 -2048 92 ) (0 -2088 92 ) 
4 584 589 (0 -2088 92 ) (0 -2048 92 ) (336 -2048 92 ) (336 -2088 92 ) 
4 585 1287 (0 -3072 92 ) (0 -3072 96 ) (0 -2136 96 ) (0 -2136 92 ) 
4 585 595 (0 -3072 96 ) (0 -3072 92 ) (336 -3072 92 ) (336 -3072 96 ) 
4 585 592 (0 -3072 92 ) (0 -2136 92 ) (336 -2136 92 ) (336 -3072 92 ) 
4 586 595 (1024 -3072 0 ) (1024 -3072 92 ) (384 -3072 92 ) (384 -3072 0 ) 
4 586 588 (384 -2048 0 ) (1024 -2048 0 ) (1024 -3072 0 ) (384 -3072 0 ) 
4 586 587 (384 -2136 0 ) (384 -3072 0 ) (384 -3072 92 ) (384 -2136 92 ) 
4 587 595 (384 -3072 92 ) (336 -3072 92 ) (336 -3072 0 ) (384 -3072 0 ) 
4 587 592 (336 -3072 0 ) (336 -3072 92 ) (336 -2136 92 ) (336 -2136 0 ) 
4 587 588 (336 -3072 0 ) (336 -2136 0 ) (384 -2136 0 ) (384 -3072 0 ) 
4 588 595 (1024 -3072 -1504 ) (1024 -3072 0 ) (336 -3072 0 ) (336 -3072 -1504 ) 
4 588 591 (336 -2136 0 ) (336 -2088 0 ) (336 -2088 -1504 ) (336 -2136 -1504 ) 
4 588 592 (336 -3072 -1504 ) (336 -3072 0 ) (336 -2136 0 ) (336 -2136 -1504 ) 
4 588 590 (336 -2088 0 ) (336 -2048 0 ) (336 -2048 -1504 ) (336 -2088 -1504 ) 
4 589 1290 (0 -2088 32 ) (0 -2088 92 ) (0 -2048 92 ) (0 -2048 32 ) 
4 590 1291 (0 -2088 -1504 ) (0 -2088 0 ) (0 -2048 0 ) (0 -2048 -1504 ) 
4 590 591 (336 -2088 -1504 ) (336 -2088 0 ) (0 -2088 0 ) (0 -2088 -1504 ) 
4 591 1292 (0 -2088 0 ) (0 -2088 -1504 ) (0 -2136 -1504 ) (0 -2136 0 ) 
4 591 592 (0 -2136 -1504 ) (336 -2136 -1504 ) (336 -2136 0 ) (0 -2136 0 ) 
4 592 1293 (0 -3072 -1504 ) (0 -3072 92 ) (0 -2136 92 ) (0 -2136 -1504 ) 
4 592 595 (0 -3072 92 ) (0 -3072 -1504 ) (336 -3072 -1504 ) (336 -3072 92 ) 
4 593 594 (2048 -3072 2784 ) (2048 -3072 -1504 ) (2048 -4064 -1504 ) (2048 -4064 2784 ) 
4 594 595 (1024 -3072 2784 ) (1024 -3072 -1504 ) (1024 -4064 -1504 ) (1024 -4064 2784 ) 
4 595 1299 (0 -4064 2784 ) (0 -3072 2784 ) (0 -3072 -1504 ) (0 -4064 -1504 ) 
4 596 614 (-1024 4096 2784 ) (-1024 4096 -1504 ) (-1024 4000 -1504 ) (-1024 4000 2784 ) 
4 597 615 (-1024 3552 -1504 ) (-1024 3328 -1504 ) (-1024 3328 2784 ) (-1024 3552 2784 ) 
4 597 600 (-416 3328 288 ) (-1024 3328 288 ) (-1024 3328 224 ) (-416 3328 224 ) 
4 597 599 (-1024 3328 -1504 ) (0 3328 -1504 ) (0 3328 224 ) (-1024 3328 224 ) 
4 597 598 (0 3328 288 ) (0 3328 2784 ) (-1024 3328 2784 ) (-1024 3328 288 ) 
4 598 615 (-1024 3072 272 ) (-1024 3072 2784 ) (-1024 3328 2784 ) (-1024 3328 288 ) 
4 598 603 (0 3072 272 ) (0 3072 352 ) (-624 3072 352 ) (-624 3072 272 ) 
4 598 611 (-624 3072 352 ) (-1024 3072 352 ) (-1024 3072 272 ) (-624 3072 272 ) 
4 598 601 (0 3072 352 ) (0 3072 2784 ) (-1024 3072 2784 ) (-1024 3072 352 ) 
4 598 600 (-384 3072 272 ) (-1024 3072 272 ) (-1024 3328 288 ) (-416 3328 288 ) 
4 599 615 (-1024 3328 -1504 ) (-1024 3072 -1504 ) (-1024 3072 208 ) (-1024 3328 224 ) 
4 599 612 (0 3072 -1504 ) (0 3072 192 ) (-1024 3072 192 ) (-1024 3072 -1504 ) 
4 599 602 (0 3072 192 ) (0 3072 208 ) (-1024 3072 208 ) (-1024 3072 192 ) 
4 599 600 (-416 3328 224 ) (-1024 3328 224 ) (-1024 3072 208 ) (-384 3072 208 ) 
4 600 615 (-1024 3072 208 ) (-1024 3072 272 ) (-1024 3328 288 ) (-1024 3328 224 ) 
4 600 609 (-416 3072 208 ) (-384 3072 208 ) (-384 3072 240 ) (-416 3072 240 ) 
4 600 610 (-624 3072 240 ) (-624 3072 208 ) (-416 3072 208 ) (-416 3072 240 ) 
4 600 608 (-384 3072 272 ) (-624 3072 272 ) (-624 3072 240 ) (-384 3072 240 ) 
4 600 611 (-624 3072 272 ) (-1024 3072 272 ) (-1024 3072 208 ) (-624 3072 208 ) 
4 601 620 (0 2048 224 ) (0 2048 2784 ) (-1024 2048 2784 ) (-1024 2048 224 ) 
4 601 618 (-1024 2048 224 ) (-1024 2048 2784 ) (-1024 3072 2784 ) (-1024 3072 352 ) 
4 601 610 (-416 2048 224 ) (-624 2048 224 ) (-624 2176 240 ) (-416 2176 240 ) 
4 601 605 (-416 2496 280 ) (0 2496 280 ) (0 2304 256 ) (-416 2304 256 ) 
4 601 607 (-624 2176 240 ) (-624 2496 280 ) (-416 2496 280 ) (-416 2176 240 ) 
4 601 603 (-624 2496 280 ) (-624 3072 352 ) (0 3072 352 ) (0 2496 280 ) 
4 601 611 (-624 2048 224 ) (-1024 2048 224 ) (-1024 3072 352 ) (-624 3072 352 ) 
3 602 618 (-1024 3072 208 ) (-1024 3072 192 ) (-1024 2816 192 ) 
4 602 612 (-1024 2816 192 ) (-1024 3072 192 ) (0 3072 192 ) (0 2816 192 ) 
4 602 609 (-384 3072 208 ) (-416 3072 208 ) (-416 2816 192 ) (-352 2816 192 ) 
4 602 610 (-416 3072 208 ) (-624 3072 208 ) (-624 2816 192 ) (-416 2816 192 ) 
4 602 611 (-624 3072 208 ) (-1024 3072 208 ) (-1024 2816 192 ) (-624 2816 192 ) 
4 603 608 (-624 2816 256 ) (-624 3072 272 ) (-384 3072 272 ) (-352 2816 256 ) 
4 603 605 (-416 2496 256 ) (0 2496 256 ) (0 2496 280 ) (-416 2496 280 ) 
4 603 607 (-624 2496 280 ) (-624 2496 256 ) (-416 2496 256 ) (-416 2496 280 ) 
4 603 604 (-624 2624 256 ) (-624 2816 256 ) (-352 2816 256 ) (-376 2624 256 ) 
5 603 611 (-624 2496 280 ) (-624 3072 352 ) (-624 3072 272 ) (-624 2816 256 ) (-624 2496 256 ) 
4 604 608 (-624 2624 244 ) (-624 2816 256 ) (-352 2816 256 ) (-376 2624 244 ) 
3 604 611 (-624 2816 256 ) (-624 2624 244 ) (-624 2624 256 ) 
3 605 606 (-416 2304.003906 256 ) (-416 2496 256 ) (-392 2496 256 ) 
3 605 607 (-416 2496 280 ) (-416 2496 256 ) (-416 2304 256 ) 
3 606 609 (-416 2304 240 ) (-416 2496 240 ) (-392 2496 240 ) 
4 606 607 (-416 2496 256 ) (-416 2496 240 ) (-416 2304 240 ) (-416 2304 256 ) 
4 607 610 (-416 2175.996094 240 ) (-624 2175.996094 240 ) (-624 2496 240 ) (-416 2496 240 ) 
3 607 611 (-624 2176 240 ) (-624 2496 280 ) (-624 2496 240 ) 
5 608 609 (-416 3072 240 ) (-384 3072 240 ) (-352 2816 240 ) (-376 2624 240 ) (-416 2624 240 ) 
4 608 610 (-624 2624 240 ) (-624 3072 240 ) (-416 3072 240 ) (-416 2624 240 ) 
4 608 611 (-624 3072 272 ) (-624 3072 240 ) (-624 2624 240 ) (-624 2624 244 ) 
3 609 612 (-416 2816 192 ) (-352 2816 192 ) (-416 2304 192 ) 
5 609 610 (-416 2304 240 ) (-416 3072 240 ) (-416 3072 208 ) (-416 2815.995605 192 ) (-416 2304 192 ) 
4 610 625 (-416 2048 224 ) (-624 2048 224 ) (-624 2048 192 ) (-416 2048 192 ) 
4 610 613 (-416 2304 192 ) (-416 2048 192 ) (-624 2048 192 ) (-624 2304 192 ) 
4 610 612 (-624 2816 192 ) (-416 2816 192 ) (-416 2304 192 ) (-624 2304 192 ) 
6 610 611 (-624 3072 208 ) (-624 2816 192 ) (-624 2048 192 ) (-624 2048 224 ) (-624 2176 240 ) (-624 3072 240 ) 
4 611 625 (-624 2048 224 ) (-1024 2048 224 ) (-1024 2048 192 ) (-624 2048 192 ) 
5 611 618 (-1024 2048 192 ) (-1024 2048 224 ) (-1024 3072 352 ) (-1024 3072 208 ) (-1024 2816 192 ) 
4 611 613 (-1024 2048 192 ) (-1024 2304 192 ) (-624 2304 192 ) (-624 2048 192 ) 
4 611 612 (-1024 2304 192 ) (-1024 2816 192 ) (-624 2816 192 ) (-624 2304 192 ) 
4 612 623 (0 2048 112 ) (0 2048 160 ) (-1024 2048 160 ) (-1024 2048 112 ) 
4 612 622 (0 2048 -1504 ) (0 2048 112 ) (-1024 2048 112 ) (-1024 2048 -1504 ) 
5 612 618 (-1024 2048 -1504 ) (-1024 2048 160 ) (-1024 2304 192 ) (-1024 3072 192 ) (-1024 3072 -1504 ) 
4 612 613 (-416 2304 192 ) (-1024 2304 192 ) (-1024 2048 160 ) (-416 2048 160 ) 
4 613 625 (-416 2048 192 ) (-1024 2048 192 ) (-1024 2048 160 ) (-416 2048 160 ) 
3 613 618 (-1024 2048 160 ) (-1024 2048 192 ) (-1024 2304 192 ) 
4 614 616 (-2048 4096 2784 ) (-2048 4096 -1504 ) (-2048 4000 -1504 ) (-2048 4000 2784 ) 
4 615 618 (-1024 3072 -1504 ) (-1024 3072 2784 ) (-2048 3072 2784 ) (-2048 3072 -1504 ) 
4 615 617 (-2048 3552 -1504 ) (-2048 3072 -1504 ) (-2048 3072 2784 ) (-2048 3552 2784 ) 
4 616 956 (-3072 4096 2784 ) (-3072 4096 -1504 ) (-3072 4000 -1504 ) (-3072 4000 2784 ) 
4 617 957 (-3072 3552 -1504 ) (-3072 3072 -1504 ) (-3072 3072 2784 ) (-3072 3552 2784 ) 
4 617 619 (-2048 3072 -1504 ) (-2048 3072 2784 ) (-3072 3072 2784 ) (-3072 3072 -1504 ) 
4 618 840 (-1024 2048 -1504 ) (-1024 2048 2784 ) (-2048 2048 2784 ) (-2048 2048 -1504 ) 
4 618 619 (-2048 3072 2784 ) (-2048 3072 -1504 ) (-2048 2048 -1504 ) (-2048 2048 2784 ) 
4 619 958 (-3072 2048 -1504 ) (-3072 2048 2784 ) (-3072 3072 2784 ) (-3072 3072 -1504 ) 
4 619 841 (-2048 2048 -1504 ) (-2048 2048 2784 ) (-3072 2048 2784 ) (-3072 2048 -1504 ) 
5 620 840 (-1024 2048 2784 ) (-1024 2048 224 ) (-1024 1280.001465 128 ) (-1024 1024 112 ) (-1024 1024 2784 ) 
4 620 775 (-464 1024 224 ) (-1024 1024 224 ) (-1024 1024 112 ) (-464 1024 112 ) 
4 620 745 (-240 1024 224 ) (-464 1024 224 ) (-464 1024 112 ) (-240 1024 112 ) 
4 620 744 (0 1024 112 ) (0 1024 224 ) (-240 1024 224 ) (-240 1024 112 ) 
4 620 729 (-736 1024 240 ) (-736 1024 224 ) (-520 1024 224 ) (-520 1024 240 ) 
4 620 727 (-736 1024 248 ) (-736 1024 240 ) (-520 1024 240 ) (-520 1024 248 ) 
4 620 726 (-520 1024 360 ) (-736 1024 360 ) (-736 1024 248 ) (-520 1024 248 ) 
4 620 730 (-736 1024 360 ) (-1024 1024 360 ) (-1024 1024 224 ) (-736 1024 224 ) 
4 620 723 (-520 1024 232 ) (-520 1024 224 ) (-248 1024 224 ) (-248 1024 232 ) 
4 620 699 (-248 1024 360 ) (-520 1024 360 ) (-520 1024 232 ) (-248 1024 232 ) 
4 620 695 (-240 1024 360 ) (-248 1024 360 ) (-248 1024 224 ) (-240 1024 224 ) 
4 620 694 (0 1024 224 ) (0 1024 360 ) (-240 1024 360 ) (-240 1024 224 ) 
4 620 688 (-728 1024 424 ) (-800 1024 424 ) (-800 1024 360 ) (-728 1024 360 ) 
4 620 693 (-800 1024 424 ) (-1024 1024 424 ) (-1024 1024 360 ) (-800 1024 360 ) 
4 620 682 (-520 1024 424 ) (-728 1024 424 ) (-728 1024 360 ) (-520 1024 360 ) 
4 620 679 (-512 1024 424 ) (-520 1024 424 ) (-520 1024 360 ) (-512 1024 360 ) 
4 620 658 (-240 1024 424 ) (-512 1024 424 ) (-512 1024 360 ) (-240 1024 360 ) 
4 620 657 (0 1024 360 ) (0 1024 424 ) (-240 1024 424 ) (-240 1024 360 ) 
4 620 650 (-512 1024 480 ) (-566.666687 1024 480 ) (-520 1024 424 ) (-512 1024 424 ) 
4 620 649 (-745.333374 1024 480 ) (-752 1024 480 ) (-800 1024 424 ) (-792 1024 424 ) 
4 620 644 (-752 1024 472 ) (-792 1024 424 ) (-520 1024 424 ) (-560 1024 472 ) 
4 620 642 (-566.666687 1024 480 ) (-745.333374 1024 480 ) (-752 1024 472 ) (-560 1024 472 ) 
4 620 640 (-752 1024 480 ) (-1024 1024 480 ) (-1024 1024 424 ) (-800 1024 424 ) 
4 620 631 (-294.665985 1024 480 ) (-360 1024 480 ) (-399.991150 1024 424 ) (-248 1024 424 ) 
4 620 630 (-360 1024 480 ) (-512 1024 480 ) (-512 1024 424 ) (-399.991150 1024 424 ) 
4 620 628 (-288 1024 480 ) (-288 1024 472 ) (-248 1024 424 ) (-240 1024 424 ) 
4 620 627 (0 1024 424 ) (0 1024 480 ) (-288 1024 480 ) (-240 1024 424 ) 
3 620 629 (-288 1024 480 ) (-294.665985 1024 480 ) (-288 1024 472 ) 
4 620 626 (0 1024 480 ) (0 1024 2784 ) (-1024 1024 2784 ) (-1024 1024 480 ) 
3 620 624 (-352 1280.007690 128 ) (-416 1280.007690 128 ) (-416 1792 192 ) 
4 620 625 (-1024 1280.007812 128 ) (-1024 2048 224 ) (-416 2048 224 ) (-416 1280.007690 128 ) 
4 620 621 (-320 1024 112 ) (-1024 1024 112 ) (-1024 1280 128 ) (-352 1280 128 ) 
3 621 840 (-1024 1280.001465 128 ) (-1024 1024 96 ) (-1024 1024 112 ) 
4 621 775 (-464 1024 112 ) (-1024 1024 112 ) (-1024 1024 96 ) (-464 1024 96 ) 
4 621 748 (-320 1024 112 ) (-464 1024 112 ) (-464 1024 96 ) (-320 1024 96 ) 
4 621 624 (-416 1280.007690 128 ) (-352 1280.007690 128 ) (-320 1024 96 ) (-416 1024 96 ) 
4 621 625 (-1024 1024 96 ) (-1024 1280.007812 128 ) (-416 1280.007690 128 ) (-416 1024 96 ) 
4 622 840 (-1024 2048 112 ) (-1024 2048 -1504 ) (-1024 1024 -1504 ) (-1024 1024 48 ) 
4 622 839 (-1024 1024 -96 ) (-1024 1024 -1504 ) (-736 1024 -1504 ) (-736 1024 -96 ) 
4 622 822 (-736 1024 48 ) (-864 1024 48 ) (-864 1024 -96 ) (-736 1024 -96 ) 
4 622 823 (-864 1024 48 ) (-1024 1024 48 ) (-1024 1024 -96 ) (-864 1024 -96 ) 
4 622 815 (0 1024 -1504 ) (0 1024 -96 ) (-736 1024 -96 ) (-736 1024 -1504 ) 
4 622 813 (0 1024 -96 ) (0 1024 -40 ) (-736 1024 -40 ) (-736 1024 -96 ) 
4 622 807 (-728 1024 48 ) (-736 1024 48 ) (-736 1024 -40 ) (-728 1024 -40 ) 
4 622 793 (-224 1024 48 ) (-325.925903 1024 48 ) (-325.925934 1024 -40 ) (-224 1024 -40 ) 
4 622 792 (-325.925903 1024 48 ) (-728 1024 48 ) (-728 1024 -40 ) (-325.925934 1024 -40 ) 
4 622 790 (0 1024 -40 ) (0 1024 48 ) (-224 1024 48 ) (-224 1024 -40 ) 
4 622 624 (-416 1024 48 ) (-320 1024 48 ) (-352 1280 64 ) (-416 1280 64 ) 
4 622 625 (-1024 1024 48 ) (-416 1024 48 ) (-416 1280 64 ) (-1024 1280 64 ) 
4 622 623 (0 1280 64 ) (0 2048 112 ) (-1024 2048 112 ) (-1024 1280 64 ) 
3 623 840 (-1024 2048 160 ) (-1024 2048 112 ) (-1024 1280 64 ) 
3 623 624 (-416 1792 128 ) (-416 1280.001953 64 ) (-352 1280.001953 64 ) 
4 623 625 (-416 2048 160 ) (-1024 2048 160 ) (-1024 1280.001953 64 ) (-416 1280.001953 64 ) 
4 624 795 (-320 1024 96 ) (-325.925903 1024 96 ) (-325.925903 1024 50.962963 ) (-320 1024 50.962963 ) 
4 624 794 (-325.925903 1024 50.962963 ) (-325.925903 1024 48 ) (-320 1024 48 ) (-320 1024 50.962963 ) 
4 624 792 (-325.925903 1024 96 ) (-416 1024 96 ) (-416 1024 48 ) (-325.925903 1024 48 ) 
5 624 625 (-416 1792 128.001953 ) (-416 1279.972656 63.998535 ) (-416 1024 48 ) (-416 1024 96 ) (-416 1792 192 ) 
5 625 840 (-1024 2048 224 ) (-1024 2048 160 ) (-1024 1280 64 ) (-1024 1024 48 ) (-1024 1024 96 ) 
4 625 822 (-864 1024 48 ) (-736 1024 48 ) (-736 1024 88 ) (-864 1024 88 ) 
4 625 823 (-1024 1024 88 ) (-1024 1024 48 ) (-864 1024 48 ) (-864 1024 88 ) 
4 625 818 (-736 1024 96 ) (-864 1024 96 ) (-864 1024 88 ) (-736 1024 88 ) 
4 625 819 (-864 1024 96 ) (-1024 1024 96 ) (-1024 1024 88 ) (-864 1024 88 ) 
4 625 807 (-736 1024 80 ) (-736 1024 48 ) (-728 1024 48 ) (-728 1024 80 ) 
4 625 805 (-728 1024 96 ) (-736 1024 96 ) (-736 1024 80 ) (-728 1024 80 ) 
4 625 792 (-416 1024 96 ) (-728 1024 96 ) (-728 1024 48 ) (-416 1024 48 ) 
4 626 973 (0 0 1282.670044 ) (0 0 1357.333252 ) (-752 0 480 ) (-688.002747 0 480 ) 
5 626 972 (0 0 1357.333252 ) (0 0 2784 ) (-1024 0 2784 ) (-1024 0 480 ) (-752 0 480 ) 
3 626 966 (0 0 480 ) (0 0 1282.670044 ) (-688.002747 0 480 ) 
4 626 845 (-1024 0 480 ) (-1024 0 2784 ) (-1024 304 2784 ) (-1024 304 480 ) 
4 626 842 (-1024 304 2784 ) (-1024 1024 2784 ) (-1024 1024 480 ) (-1024 304 480 ) 
4 626 653 (-512 64 480 ) (-512 16 480 ) (-560 16 480 ) (-560 64 480 ) 
4 626 651 (-512 136 480 ) (-512 64 480 ) (-560 64 480 ) (-560 136 480 ) 
4 626 650 (-566.666687 1024 480 ) (-512 1024 480 ) (-512 136 480 ) (-566.666687 136 480 ) 
4 626 649 (-752 1024 480 ) (-745.333374 1024 480 ) (-745.333374 38.666565 480 ) (-752 32 480 ) 
4 626 643 (-688.001831 129.333328 480 ) (-745.333374 129.333328 480 ) (-745.333374 136 480 ) (-688 136 480 ) 
4 626 642 (-745.333374 1024 480 ) (-566.666687 1024 480 ) (-566.666687 136 480 ) (-745.333374 136 480 ) 
4 626 641 (-745.333374 38.666546 480 ) (-745.333374 129.333328 480 ) (-688.002808 129.333328 480 ) (-688.002808 95.997192 480 ) 
4 626 640 (-1024 0 480 ) (-1024 1024 480 ) (-752 1024 480 ) (-752 0 480 ) 
4 626 637 (0 64 480 ) (0 0 480 ) (-288 0 480 ) (-288 64 480 ) 
4 626 635 (-512 16 480 ) (-512 64 480 ) (-360 64 480 ) (-360 16 480 ) 
4 626 631 (-360 1024 480 ) (-294.665985 1024 480 ) (-294.665985 64 480 ) (-360 64 480 ) 
4 626 630 (-512 1024 480 ) (-360 1024 480 ) (-360 64 480 ) (-512 64 480 ) 
4 626 627 (-288 1024 480 ) (0 1024 480 ) (0 64 480 ) (-288 64 480 ) 
4 626 629 (-294.665985 1024 480 ) (-288 1024 480 ) (-288 64 480 ) (-294.665985 64 480 ) 
4 627 667 (0 72 424 ) (0 64 424 ) (-240 64 424 ) (-240 72 424 ) 
4 627 663 (0 104 424 ) (0 72 424 ) (-240 72 424 ) (-240 104 424 ) 
4 627 657 (-240 1024 424 ) (0 1024 424 ) (0 104 424 ) (-240 104 424 ) 
4 627 637 (-240 64 424 ) (0 64 424 ) (0 64 480 ) (-288 64 480 ) 
4 627 628 (-240.003845 1024 424 ) (-240.003906 104 424 ) (-288 64.001427 479.998047 ) (-288 1024 479.998077 ) 
4 628 661 (-240 200 424 ) (-240 104 424 ) (-248 104 424 ) (-248 200 424 ) 
4 628 660 (-240 216 424 ) (-240 200 424 ) (-248 200 424 ) (-248 216 424 ) 
4 628 658 (-248 1024 424 ) (-240 1024 424 ) (-240 216 424 ) (-248 216 424 ) 
4 628 631 (-247.996155 1024 424 ) (-247.996094 104 424 ) (-288 69.711922 472.003357 ) (-288 1024 472.003296 ) 
4 628 629 (-288 1024 471.998077 ) (-288 69.715698 471.998047 ) (-288 64 480 ) (-288 1024 480 ) 
4 629 631 (-294.664062 64 480 ) (-294.664093 1024 480 ) (-288 1024 472.003296 ) (-288 69.711853 472.003357 ) 
4 630 671 (-512 64 424 ) (-512 96 424 ) (-399.991150 96 424 ) (-399.991150 64 424 ) 
4 630 670 (-512 96 424 ) (-512 104 424 ) (-399.991150 104 424 ) (-399.991150 96 424 ) 
4 630 661 (-512 104 424 ) (-512 200 424 ) (-399.991150 200 424 ) (-399.991150 104 424 ) 
4 630 660 (-512 200 424 ) (-512 216 424 ) (-399.991150 216 424 ) (-399.991150 200 424 ) 
4 630 658 (-512 216 424 ) (-512 1024 424 ) (-399.991150 1024 424 ) (-399.991150 216 424 ) 
4 630 651 (-512 184 424 ) (-512 64 424 ) (-512 64 480 ) (-512 136 480 ) 
4 630 650 (-512 1024 424 ) (-512 184 424 ) (-512 136 480 ) (-512 1024 480 ) 
4 630 636 (-512 64 472 ) (-512 64 424 ) (-399.991150 64 424 ) (-365.713043 64 472 ) 
4 630 635 (-512 64 480 ) (-512 64 472 ) (-365.713043 64 472 ) (-360 64 480 ) 
4 630 631 (-360 1024 480 ) (-360 64 480 ) (-399.990234 104 424 ) (-399.990204 1024 424 ) 
4 631 661 (-248 200 424 ) (-248 104 424 ) (-399.991150 104 424 ) (-399.991150 200 424 ) 
4 631 660 (-248 216 424 ) (-248 200 424 ) (-399.991150 200 424 ) (-399.991150 216 424 ) 
4 631 658 (-399.991150 1024 424 ) (-248 1024 424 ) (-248 216 424 ) (-399.991150 216 424 ) 
3 632 639 (-254.666534 64 432 ) (-272 64 452.800446 ) (-272 64 432 ) 
4 632 633 (-272 76.799706 452.800446 ) (-272 90.666664 432 ) (-272 64 432 ) (-272 64 452.800446 ) 
4 633 668 (-272 64 424 ) (-392 64 424 ) (-392 96 424 ) (-272 96 424 ) 
5 633 639 (-392 64 424 ) (-272 64 424 ) (-272 64 452.800446 ) (-288 64 472 ) (-360 64 472 ) 
4 634 970 (-512 0 472 ) (-512 0 424 ) (-399.991150 0 424 ) (-365.713043 0 472 ) 
4 634 677 (-399.991150 0 424 ) (-512 0 424 ) (-512 56 424 ) (-399.991150 56 424 ) 
4 634 654 (-512 56 424 ) (-512 0 424 ) (-512 0 472 ) (-512 16 472 ) 
4 634 638 (-399.990906 0 424 ) (-399.990906 56 424 ) (-365.712830 16 472 ) (-365.712830 0 472 ) 
4 635 653 (-512 16 480 ) (-512 64 480 ) (-512 64 472 ) (-512 22.857128 472 ) 
4 635 636 (-512 22.857151 472 ) (-512 64 472 ) (-365.707031 64 472 ) (-365.707031 22.857124 472 ) 
3 636 655 (-512 64 424 ) (-512 22.857128 472 ) (-512 64 472 ) 
4 637 969 (0 0 424 ) (0 0 472 ) (-281.142883 0 472 ) (-240 0 424 ) 
4 637 967 (0 0 472 ) (0 0 480 ) (-288 0 480 ) (-281.142883 0 472 ) 
4 637 674 (0 0 424 ) (-240 0 424 ) (-240 64 424 ) (0 64 424 ) 
4 638 970 (-365.713043 0 472 ) (-399.991150 0 424 ) (-248 0 424 ) (-288 0 472 ) 
4 638 677 (-248 0 424 ) (-399.991150 0 424 ) (-399.991150 56 424 ) (-248 56 424 ) 
4 638 639 (-288 16.001240 472 ) (-248 56.001179 424 ) (-392 56.001858 424 ) (-360 16.001575 472 ) 
4 639 675 (-392 64 424 ) (-248 64 424 ) (-248 56 424 ) (-392 56 424 ) 
4 640 974 (-1024 0 472 ) (-1024 0 424 ) (-800 0 424 ) (-758.857117 0 472 ) 
4 640 972 (-752 0 480 ) (-1024 0 480 ) (-1024 0 472 ) (-758.857117 0 472 ) 
4 640 845 (-1024 0 424 ) (-1024 0 480 ) (-1024 304 480 ) (-1024 304 424 ) 
4 640 842 (-1024 304 480 ) (-1024 1024 480 ) (-1024 1024 424 ) (-1024 304 424 ) 
4 640 693 (-800 0 424 ) (-1024 0 424 ) (-1024 1024 424 ) (-800 1024 424 ) 
4 640 649 (-800 32 424 ) (-800 1024 424 ) (-752 1024 480 ) (-752 32 480 ) 
4 641 649 (-745.332397 38.667553 480 ) (-745.332397 129.333328 480 ) (-752 136 472 ) (-752 38.857933 472 ) 
4 641 646 (-751.998047 38.859089 472 ) (-751.998047 136 472 ) (-694.859924 136 472 ) (-694.859924 95.997223 472 ) 
4 641 643 (-694.859924 136.001968 472 ) (-752 136.001968 472 ) (-745.333313 129.335297 480 ) (-688.002808 129.335297 480 ) 
4 642 650 (-560 1024 472 ) (-566.666016 1024 480 ) (-566.666016 136 480 ) (-560 142.857132 472 ) 
4 642 649 (-745.332397 136 480 ) (-745.332397 1024 480 ) (-752 1024 472 ) (-752 142.857117 472 ) 
4 642 644 (-751.998047 142.857132 472 ) (-751.998108 1024 472 ) (-559.998047 1024 472 ) (-559.998047 142.857117 472 ) 
4 642 643 (-752 142.858521 472 ) (-694.857178 142.858521 472 ) (-688 136.001358 480 ) (-745.333374 136.001358 480 ) 
4 643 649 (-745.332397 129.333328 480 ) (-745.332397 136 480 ) (-752 142.857117 472 ) (-752 136 472 ) 
4 643 647 (-751.998047 136 472 ) (-751.998047 142.857132 472 ) (-694.857178 142.857132 472 ) (-694.859131 136 472 ) 
4 644 688 (-792 184 424 ) (-792 1024 424 ) (-728 1024 424 ) (-728 184 424 ) 
4 644 682 (-728 1024 424 ) (-520 1024 424 ) (-520 184 424 ) (-728 184 424 ) 
4 644 650 (-520 184 424 ) (-520 1024 424 ) (-560 1024 472 ) (-560 142.857117 472 ) 
4 644 649 (-792 1024 424 ) (-792 184 424 ) (-752 142.857101 472 ) (-752 1024 472 ) 
4 644 647 (-694.857178 142.857407 472 ) (-752 142.857407 472 ) (-792 184 424 ) (-736 184 424 ) 
4 645 970 (-728.006531 0 424 ) (-520 0 424 ) (-560 0 472 ) (-688.006470 0 472 ) 
4 645 684 (-520 0 424 ) (-576 0 424 ) (-576 64 424 ) (-520 64 424 ) 
4 645 685 (-576 0 424 ) (-728.006470 0 424 ) (-728.006470 64 424 ) (-576 64 424 ) 
4 645 683 (-728.006470 64 424 ) (-728.006470 176 424 ) (-520 176 424 ) (-520 64 424 ) 
4 645 652 (-520 0 424 ) (-520 64 424 ) (-560 64 472 ) (-560 0 472 ) 
4 645 648 (-728.007751 95.992264 424 ) (-728.007751 0 424 ) (-688.007812 0 472 ) (-688.007812 95.992256 472 ) 
4 646 690 (-792 48 424 ) (-792 176 424 ) (-736.002808 176 424 ) (-736.002808 103.997185 424 ) 
4 646 649 (-792 176 424 ) (-792 40 424 ) (-752 38.857922 472 ) (-752 136 472 ) 
4 646 647 (-736.002808 176 424 ) (-792 176 424 ) (-752 136 472 ) (-694.859985 136 472 ) 
4 647 690 (-792 176 424 ) (-792 184 424 ) (-736 184 424 ) (-736.002136 176 424 ) 
4 647 649 (-792 184 424 ) (-792 176 424 ) (-752 136 472 ) (-752 142.857101 472 ) 
4 648 975 (-752 0 472 ) (-792 0 424 ) (-736.002747 0 424 ) (-694.859863 0 472 ) 
4 648 970 (-736.002747 0 424 ) (-728.006531 0 424 ) (-688.006470 0 472 ) (-694.859863 0 472 ) 
4 648 691 (-736 0 424 ) (-792 0 424 ) (-792 32 424 ) (-736 88 424 ) 
4 648 689 (-728.006470 0 424 ) (-736 0 424 ) (-736 88 424 ) (-728.006470 95.993561 424 ) 
4 649 692 (-800 40 424 ) (-800 184 424 ) (-792 184 424 ) (-792 48 424 ) 
4 649 688 (-800 184 424 ) (-800 1024 424 ) (-792 1024 424 ) (-792 184 424 ) 
4 650 679 (-520 184 424 ) (-520 1024 424 ) (-512 1024 424 ) (-512 184 424 ) 
3 650 651 (-512 184 424 ) (-512 136 480 ) (-560 136 480 ) 
3 651 655 (-512 64 424 ) (-512 64 472 ) (-553.142883 64 472 ) 
4 651 653 (-512 64 472 ) (-512 64 480 ) (-560 64 480 ) (-553.142883 64 472 ) 
3 652 970 (-560 0 472 ) (-520 0 424 ) (-512 0 424 ) 
4 652 680 (-512 0 424 ) (-520 0 424 ) (-520 56 424 ) (-512 56 424 ) 
4 652 656 (-512 0 424 ) (-512 64 424 ) (-559.988281 16.011673 471.988281 ) (-559.988281 0 471.988281 ) 
4 653 655 (-553.142822 64 472 ) (-512 64 472 ) (-512 22.857143 472 ) (-553.142822 22.857143 472 ) 
3 654 970 (-512 0 424 ) (-512 0 472 ) (-553.142883 0 472 ) 
4 654 656 (-512 64 424 ) (-512 0 424 ) (-553.142578 0 472 ) (-553.142578 16 472 ) 
3 656 970 (-560 0 472 ) (-512 0 424 ) (-553.142883 0 472 ) 
4 657 694 (-240 1024 360 ) (0 1024 360 ) (0 104 360 ) (-240 104 360 ) 
4 657 665 (-240 104 360 ) (0 104 360 ) (0 104 376 ) (-240 104 376 ) 
4 657 663 (0 104 376 ) (0 104 424 ) (-240 104 424 ) (-240 104 376 ) 
4 657 661 (-240 104 384 ) (-240 104 424 ) (-240 200 424 ) (-240 200 370.285706 ) 
4 657 660 (-240 200 370.285736 ) (-240 200 424 ) (-240 216 424 ) (-240 216 368 ) 
4 657 658 (-240 1024 360 ) (-240 216 360 ) (-240 216 424 ) (-240 1024 424 ) 
4 658 699 (-512 1024 360 ) (-248 1024 360 ) (-248 216 360 ) (-512 216 360 ) 
4 658 695 (-248 1024 360 ) (-240 1024 360 ) (-240 216 360 ) (-248 216 360 ) 
4 658 679 (-512 1024 360 ) (-512 216 360 ) (-512 216 424 ) (-512 1024 424 ) 
4 658 660 (-512 216 424 ) (-512 216 368 ) (-240 216 368 ) (-240 216 424 ) 
4 659 703 (-496 200 360 ) (-512 200 360 ) (-512 208 360 ) (-496 208 360 ) 
4 659 702 (-264 200 360 ) (-496 200 360 ) (-496 208 360 ) (-264 208 360 ) 
4 659 700 (-248 200 360 ) (-264 200 360 ) (-264 208 360 ) (-248 208 360 ) 
4 659 662 (-512 200 362.285706 ) (-512 200 360 ) (-248 200 360 ) (-248 200 362.285706 ) 
4 660 679 (-512 200 370.285736 ) (-512 200 424 ) (-512 216 424 ) (-512 216 368 ) 
4 660 661 (-512 200 424 ) (-512 200 370.285736 ) (-240 200 370.285736 ) (-240 200 424 ) 
4 661 679 (-512 184 424 ) (-512 200 424 ) (-512 200 370.285706 ) (-512 184 372.571442 ) 
4 661 670 (-512 104 424 ) (-512 104 384 ) (-400 104 384 ) (-400 104 424 ) 
4 661 664 (-264 104 384 ) (-240 104 384 ) (-240 104 424 ) (-264 104 424 ) 
4 662 715 (-392 104 360 ) (-400 104 360 ) (-400 160 360 ) (-392 160 360 ) 
4 662 716 (-400 104 360 ) (-512 104 360 ) (-512 160 360 ) (-400 160 360 ) 
4 662 713 (-368 104 360 ) (-392 104 360 ) (-392 160 360 ) (-368 160 360 ) 
4 662 708 (-296 104 360 ) (-368 104 360 ) (-368 160 360 ) (-296 160 360 ) 
4 662 706 (-272 104 360 ) (-296 104 360 ) (-296 160 360 ) (-272 160 360 ) 
4 662 705 (-264 104 360 ) (-272 104 360 ) (-272 160 360 ) (-264 160 360 ) 
4 662 704 (-248 104 360 ) (-264 104 360 ) (-264 160 360 ) (-248 160 360 ) 
4 662 703 (-512 160 360 ) (-512 200 360 ) (-496 200 360 ) (-496 160 360 ) 
4 662 702 (-496 200 360 ) (-264 200 360 ) (-264 160 360 ) (-496 160 360 ) 
4 662 700 (-264 200 360 ) (-248 200 360 ) (-248 160 360 ) (-264 160 360 ) 
4 662 673 (-512 104 376 ) (-512 104 360 ) (-400 104 360 ) (-400 104 376 ) 
4 662 666 (-264 104 360 ) (-248 104 360 ) (-248 104 376 ) (-264 104 376 ) 
4 663 667 (-240 72 376 ) (0 72 376 ) (0 72 424 ) (-240 72 424 ) 
4 663 665 (0 72 376 ) (-240 72 376 ) (-240 104 376 ) (0 104 376 ) 
4 663 664 (-240 104 424 ) (-240 104 384 ) (-240 72 384 ) (-240 72 424 ) 
4 665 694 (0 104 360 ) (0 72 360 ) (-240 72 360 ) (-240 104 360 ) 
4 665 667 (-240 72 360 ) (0 72 360 ) (0 72 376 ) (-240 72 376 ) 
4 666 704 (-248 72 360 ) (-264 72 360 ) (-264 104 360 ) (-248 104 360 ) 
4 667 694 (0 72 360 ) (0 64 360 ) (-240 64 360 ) (-240 72 360 ) 
4 667 674 (-240 64 360 ) (0 64 360 ) (0 64 424 ) (-240 64 424 ) 
4 668 675 (-272 64 408 ) (-272 64 424 ) (-392 64 424 ) (-392 64 408 ) 
4 669 714 (-368 64 360 ) (-392 64 360 ) (-392 96 360 ) (-368 96 360 ) 
4 669 712 (-296 64 360 ) (-368 64 360 ) (-368 96 360 ) (-296 96 360 ) 
4 669 707 (-272 64 360 ) (-296 64 360 ) (-296 96 360 ) (-272 96 360 ) 
4 669 676 (-392 64 360 ) (-272 64 360 ) (-272 64 400 ) (-392 64 400 ) 
4 670 671 (-512 96 424 ) (-512 96 408 ) (-400 96 408 ) (-400 96 424 ) 
4 670 672 (-512 96 400 ) (-512 96 384 ) (-400 96 384 ) (-400 96 400 ) 
4 673 716 (-400 64 360 ) (-512 64 360 ) (-512 104 360 ) (-400 104 360 ) 
4 674 989 (0 0 360 ) (0 0 400 ) (-240 0 400 ) (-240 0 360 ) 
4 674 987 (0 0 400 ) (0 0 424 ) (-240 0 424 ) (-240 0 400 ) 
4 674 694 (0 64 360 ) (0 0 360 ) (-240 0 360 ) (-240 64 360 ) 
4 675 677 (-392 56 408 ) (-248 56 408 ) (-248 56 424 ) (-392 56 424 ) 
4 676 720 (-392 64 360 ) (-248 64 360 ) (-248 56 360 ) (-392 56 360 ) 
4 676 678 (-392 56 360 ) (-248 56 360 ) (-248 56 400 ) (-392 56 400 ) 
4 677 988 (-248 0 424 ) (-512 0 424 ) (-512 0 408 ) (-248 0 408 ) 
4 677 680 (-512 0 408 ) (-512 0 424 ) (-512 56 424 ) (-512 56 408 ) 
4 678 990 (-512 0 400 ) (-512 0 360 ) (-248 0 360 ) (-248 0 400 ) 
4 678 721 (-248 0 360 ) (-512 0 360 ) (-512 56 360 ) (-248 56 360 ) 
4 678 681 (-512 56 360 ) (-512 0 360 ) (-512 0 400 ) (-512 56 400 ) 
4 679 699 (-520 1024 360 ) (-512 1024 360 ) (-512 216 360 ) (-520 216 360 ) 
5 679 682 (-520 1024 360 ) (-520 216 360 ) (-520 184 364.571014 ) (-520 184 424 ) (-520 1024 424 ) 
4 680 988 (-512 0 424 ) (-520 0 424 ) (-520 0 408 ) (-512 0 408 ) 
4 680 684 (-520 0 408 ) (-520 0 424 ) (-520 56 424 ) (-520 56 408 ) 
4 681 990 (-520 0 400 ) (-520 0 360 ) (-512 0 360 ) (-512 0 400 ) 
4 681 721 (-512 56 360 ) (-512 0 360 ) (-520 0 360 ) (-520 56 360 ) 
4 681 686 (-520 56 360 ) (-520 0 360 ) (-520 0 400 ) (-520 56 400 ) 
4 682 726 (-728 1024 360 ) (-520 1024 360 ) (-520 184 360 ) (-728 184 360 ) 
4 682 688 (-728 1024 360 ) (-728 184 360 ) (-728 184 424 ) (-728 1024 424 ) 
4 683 735 (-568 64 360 ) (-576 64 360 ) (-576 176 360 ) (-568 176 360 ) 
4 683 736 (-576 64 360 ) (-728 64 360 ) (-728 176 360 ) (-576 176 360 ) 
4 683 733 (-520 176 360 ) (-520 64 360 ) (-568 64 360 ) (-568 176 360 ) 
4 683 689 (-728 96 360 ) (-728 64 360 ) (-728 64 424 ) (-728 96 424 ) 
4 683 687 (-728 64 400 ) (-728 64 360 ) (-576 64 360 ) (-576 64 400 ) 
4 683 684 (-520 64 408 ) (-520 64 424 ) (-576 64 424 ) (-576 64 408 ) 
4 683 685 (-728 64 424 ) (-728 64 400 ) (-576 64 400 ) (-576 64 424 ) 
4 684 988 (-520 0 424 ) (-576 0 424 ) (-576 0 408 ) (-520 0 408 ) 
4 684 685 (-576 64 424 ) (-576 64 408 ) (-576 0 408 ) (-576 0 424 ) 
4 685 991 (-576 0 424 ) (-728 0 424 ) (-728 0 400 ) (-576 0 400 ) 
4 685 689 (-728 0 400 ) (-728 0 424 ) (-728 64 424 ) (-728 64 400 ) 
4 685 687 (-728 0 400 ) (-728 64 400 ) (-576 64 400 ) (-576 0 400 ) 
4 686 990 (-568 0 360 ) (-520 0 360 ) (-520 0 400 ) (-568 0 400 ) 
4 686 734 (-520 56 360 ) (-520 0 360 ) (-568 0 360 ) (-568 56 360 ) 
4 687 991 (-728 0 400 ) (-728 0 360 ) (-576 0 360 ) (-576 0 400 ) 
4 687 736 (-576 0 360 ) (-728 0 360 ) (-728 64 360 ) (-576 64 360 ) 
4 687 689 (-728 64 360 ) (-728 0 360 ) (-728 0 400 ) (-728 64 400 ) 
4 688 726 (-736 1024 360 ) (-728 1024 360 ) (-728 184 360 ) (-736 184 360 ) 
4 688 730 (-800 1024 360 ) (-736 1024 360 ) (-736 184 360 ) (-800 184 360 ) 
4 688 692 (-800 184 424 ) (-800 184 360 ) (-792 184 360 ) (-792 184 424 ) 
4 688 690 (-792 184 360 ) (-736 184 360 ) (-736 184 424 ) (-792 184 424 ) 
4 688 693 (-800 1024 360 ) (-800 184 360 ) (-800 184 424 ) (-800 1024 424 ) 
4 689 992 (-728 0 424 ) (-736 0 424 ) (-736 0 360 ) (-728 0 360 ) 
4 689 741 (-728 25 360 ) (-728 0 360 ) (-736 0 360 ) (-736 25 360 ) 
4 689 740 (-728 96 360 ) (-728 25 360 ) (-736 25 360 ) (-736 88 360 ) 
4 689 691 (-736 88 360 ) (-736 0 360 ) (-736 0 424 ) (-736 88 424 ) 
4 690 738 (-792 48 360 ) (-792 184 360 ) (-736 184 360 ) (-736 104 360 ) 
4 690 692 (-792 184 424 ) (-792 184 360 ) (-792 48 360 ) (-792 48 424 ) 
4 691 994 (-736 0 424 ) (-792 0 424 ) (-792 0 360 ) (-736 0 360 ) 
4 691 741 (-736 0 360 ) (-792 0 360 ) (-792 25 360 ) (-736 25 360 ) 
4 691 740 (-792 25 360 ) (-792 32 360 ) (-736 88 360 ) (-736 25 360 ) 
4 692 738 (-800 40 360 ) (-800 184 360 ) (-792 184 360 ) (-792 48 360 ) 
4 692 693 (-800 184 360 ) (-800 40 360 ) (-800 40 424 ) (-800 184 424 ) 
4 693 995 (-800 0 424 ) (-1024 0 424 ) (-1024 0 360 ) (-800 0 360 ) 
4 693 845 (-1024 0 360 ) (-1024 0 424 ) (-1024 304 424 ) (-1024 304 360 ) 
4 693 842 (-1024 304 424 ) (-1024 1024 424 ) (-1024 1024 360 ) (-1024 304 360 ) 
4 693 743 (-1024 0 360 ) (-1024 184 360 ) (-800 184 360 ) (-800 0 360 ) 
4 693 730 (-1024 184 360 ) (-1024 1024 360 ) (-800 1024 360 ) (-800 184 360 ) 
4 694 1002 (0 0 224 ) (0 0 360 ) (-240 0 360 ) (-240 0 224 ) 
4 694 749 (0 248 224 ) (0 0 224 ) (-240 0 224 ) (-240 248 224 ) 
4 694 744 (-240 1024 224 ) (0 1024 224 ) (0 248 224 ) (-240 248 224 ) 
4 694 697 (-240 0 264 ) (-240 0 352 ) (-240 12 352 ) (-240 12 264 ) 
4 694 696 (-240 104 264 ) (-240 104 352 ) (-240 200 352 ) (-240 200 264 ) 
5 694 695 (-240 1024 224 ) (-240 276 224 ) (-240 216 248 ) (-240 216 360 ) (-240 1024 360 ) 
4 695 747 (-240 296 224 ) (-240 276 224 ) (-248 276 224 ) (-248 296 224 ) 
4 695 745 (-248 1024 224 ) (-240 1024 224 ) (-240 296 224 ) (-248 296 224 ) 
4 695 723 (-248 1024 224 ) (-248 276 224 ) (-248 256 232 ) (-248 1024 232 ) 
5 695 699 (-248 256 232 ) (-248 216 248 ) (-248 216 360 ) (-248 1024 360 ) (-248 1024 232 ) 
4 696 704 (-248 104 264 ) (-248 104 352 ) (-248 160 352 ) (-248 160 264 ) 
4 696 700 (-248 160 352 ) (-248 200 352 ) (-248 200 264 ) (-248 160 264 ) 
4 697 1003 (-248 0 352 ) (-248 0 264 ) (-240 0 264 ) (-240 0 352 ) 
4 697 721 (-248 0 264 ) (-248 0 352 ) (-248 12 352 ) (-248 12 264 ) 
3 698 728 (-520 236 232 ) (-520 216 232 ) (-520 216 240 ) 
4 698 722 (-520 216 232 ) (-520 236 232 ) (-248 236 232 ) (-248 216 232 ) 
4 699 729 (-520 1024 240 ) (-520 1024 232 ) (-520 256 232 ) (-520 236 240 ) 
4 699 727 (-520 1024 248 ) (-520 1024 240 ) (-520 236 240 ) (-520 216 248 ) 
4 699 726 (-520 216 360 ) (-520 1024 360 ) (-520 1024 248 ) (-520 216 248 ) 
4 699 723 (-520 256 232 ) (-520 1024 232 ) (-248 1024 232 ) (-248 256 232 ) 
4 699 701 (-264 216 264 ) (-264 216 352 ) (-496 216 352 ) (-496 216 264 ) 
4 700 704 (-264 160 232 ) (-248 160 232 ) (-248 160 360 ) (-264 160 360 ) 
4 700 702 (-264 208 232 ) (-264 160 232 ) (-264 160 360 ) (-264 208 360 ) 
4 701 702 (-496 208 352 ) (-496 208 264 ) (-264 208 264 ) (-264 208 352 ) 
4 702 715 (-400 160 232 ) (-392 160 232 ) (-392 160 360 ) (-400 160 360 ) 
4 702 716 (-496 160 232 ) (-400 160 232 ) (-400 160 360 ) (-496 160 360 ) 
4 702 713 (-392 160 232 ) (-368 160 232 ) (-368 160 360 ) (-392 160 360 ) 
4 702 708 (-368 160 232 ) (-296 160 232 ) (-296 160 360 ) (-368 160 360 ) 
4 702 706 (-296 160 232 ) (-272 160 232 ) (-272 160 360 ) (-296 160 360 ) 
4 702 705 (-272 160 232 ) (-264 160 232 ) (-264 160 360 ) (-272 160 360 ) 
4 702 703 (-496 208 232 ) (-496 160 232 ) (-496 160 360 ) (-496 208 360 ) 
4 703 716 (-512 160 232 ) (-496 160 232 ) (-496 160 360 ) (-512 160 360 ) 
4 704 705 (-264 160 360 ) (-264 160 232 ) (-264 104 232 ) (-264 104 360 ) 
4 705 706 (-272 160 360 ) (-272 160 232 ) (-272 104 232 ) (-272 104 360 ) 
4 706 708 (-296 160 360 ) (-296 160 232 ) (-296 104 232 ) (-296 104 360 ) 
4 707 720 (-296 64 232 ) (-272 64 232 ) (-272 64 360 ) (-296 64 360 ) 
4 707 712 (-296 96 232 ) (-296 64 232 ) (-296 64 360 ) (-296 96 360 ) 
4 708 713 (-368 160 360 ) (-368 160 232 ) (-368 104 232 ) (-368 104 360 ) 
4 708 709 (-368 104 352 ) (-368 104 232 ) (-296 104 232 ) (-296 104 352 ) 
4 709 710 (-360 102 232 ) (-304 102 232 ) (-304 102 344.010010 ) (-360 102 344.010010 ) 
4 710 711 (-360 98 232 ) (-304 98 232 ) (-304 98 344.010010 ) (-360 98 344.010010 ) 
4 711 712 (-368 96 352 ) (-368 96 232 ) (-296 96 232 ) (-296 96 352 ) 
4 712 720 (-368 64 232 ) (-296 64 232 ) (-296 64 360 ) (-368 64 360 ) 
4 712 714 (-368 96 232 ) (-368 64 232 ) (-368 64 360 ) (-368 96 360 ) 
4 713 715 (-392 160 360 ) (-392 160 232 ) (-392 104 232 ) (-392 104 360 ) 
4 714 720 (-392 64 232 ) (-368 64 232 ) (-368 64 360 ) (-392 64 360 ) 
4 715 716 (-400 160 360 ) (-400 160 232 ) (-400 104 232 ) (-400 104 360 ) 
4 716 717 (-512 160 352 ) (-512 160 232 ) (-512 88 232 ) (-512 88 352 ) 
4 717 718 (-514 152 232 ) (-514 96 232 ) (-514 96 344.010010 ) (-514 152 344.010010 ) 
4 718 719 (-518 152 232 ) (-518 96 232 ) (-518 96 344.010010 ) (-518 152 344.010010 ) 
4 719 733 (-520 160 352 ) (-520 160 232 ) (-520 88 232 ) (-520 88 352 ) 
4 720 721 (-392 56 232 ) (-248 56 232 ) (-248 56 360 ) (-392 56 360 ) 
4 721 1006 (-248 0 360 ) (-520 0 360 ) (-520 0 232 ) (-248 0 232 ) 
4 721 734 (-520 0 232 ) (-520 0 360 ) (-520 56 360 ) (-520 56 232 ) 
4 721 725 (-520 0 232 ) (-520 48 232 ) (-416 48 232 ) (-416 0 232 ) 
4 722 777 (-464 216 224 ) (-520 216 224 ) (-520 248 224 ) (-464 248 224 ) 
4 722 752 (-392 216 224 ) (-456 216 224 ) (-456 248 224 ) (-392 248 224 ) 
4 722 751 (-248 248 224 ) (-248 216 224 ) (-392 216 224 ) (-392 248 224 ) 
4 722 728 (-520 256 224 ) (-520 216 224 ) (-520 216 232 ) (-520 236 232 ) 
4 723 778 (-464 296 224 ) (-464 276 224 ) (-520 276 224 ) (-520 296 224 ) 
4 723 775 (-520 1024 224 ) (-464 1024 224 ) (-464 296 224 ) (-520 296 224 ) 
4 723 747 (-248 296 224 ) (-248 276 224 ) (-464 276 224 ) (-464 296 224 ) 
4 723 745 (-464 1024 224 ) (-248 1024 224 ) (-248 296 224 ) (-464 296 224 ) 
4 723 729 (-520 1024 224 ) (-520 276 224 ) (-520 256 232 ) (-520 1024 232 ) 
4 724 777 (-520 176 224 ) (-520 184 224 ) (-512 184 224 ) (-512 176 224 ) 
4 725 1016 (-520 0 232 ) (-520 0 224 ) (-480 0 224 ) (-480 0 232 ) 
4 725 1015 (-480 0 224 ) (-416 0 224 ) (-416 0 232 ) (-480 0 232 ) 
4 725 786 (-480 0 224 ) (-520 0 224 ) (-520 48 224 ) (-480 48 224 ) 
4 725 784 (-464 0 224 ) (-480 0 224 ) (-480 48 224 ) (-464 48 224 ) 
4 725 763 (-456 0 224 ) (-464 0 224 ) (-464 48 224 ) (-456 48 224 ) 
4 725 757 (-448 0 224 ) (-456 0 224 ) (-456 48 224 ) (-448 48 224 ) 
4 725 755 (-432 0 224 ) (-448 0 224 ) (-448 48 224 ) (-432 48 224 ) 
4 725 754 (-416 0 224 ) (-432 0 224 ) (-432 48 224 ) (-416 48 224 ) 
4 725 737 (-520 48 224 ) (-520 0 224 ) (-520 0 232 ) (-520 48 232 ) 
4 726 731 (-556 184 352 ) (-604 184 352 ) (-604 184 264 ) (-556 184 264 ) 
4 726 732 (-644 184 352 ) (-692 184 352 ) (-692 184 264 ) (-644 184 264 ) 
4 726 727 (-736 216 248 ) (-736 1024 248 ) (-520 1024 248 ) (-520 216 248 ) 
4 726 730 (-736 184 248 ) (-736 184 360 ) (-736 1024 360 ) (-736 1024 248 ) 
4 727 729 (-736 236 240 ) (-736 1024 240 ) (-520 1024 240 ) (-520 236 240 ) 
4 727 730 (-736 216 248 ) (-736 1024 248 ) (-736 1024 240 ) (-736 236 240 ) 
4 728 777 (-520 248 224 ) (-520 184 224 ) (-728 184 224 ) (-728 248 224 ) 
4 729 781 (-728 276 224 ) (-736 276 224 ) (-736 296 224 ) (-728 296 224 ) 
4 729 778 (-520 296 224 ) (-520 276 224 ) (-728 276 224 ) (-728 296 224 ) 
4 729 775 (-736 1024 224 ) (-520 1024 224 ) (-520 296 224 ) (-736 296 224 ) 
4 729 730 (-736 1024 224 ) (-736 276 224 ) (-736 236 240 ) (-736 1024 240 ) 
4 730 846 (-1024 304 344 ) (-1024 304 224 ) (-1024 184 224 ) (-1024 184 344 ) 
4 730 845 (-1024 184 360 ) (-1024 304 360 ) (-1024 304 344 ) (-1024 184 344 ) 
4 730 842 (-1024 304 360 ) (-1024 1024 360 ) (-1024 1024 224 ) (-1024 304 224 ) 
4 730 782 (-736 296 224 ) (-736 184 224 ) (-872 184 224 ) (-984 296 224 ) 
5 730 775 (-1024 336 224 ) (-1024 1024 224 ) (-736 1024 224 ) (-736 296 224 ) (-984 296 224 ) 
3 730 774 (-1024 184 224 ) (-1024 336 224 ) (-872 184 224 ) 
4 730 738 (-800 184 224 ) (-736 184 224 ) (-736 184 360 ) (-800 184 360 ) 
4 730 743 (-1024 184 224 ) (-800 184 224 ) (-800 184 360 ) (-1024 184 360 ) 
4 731 735 (-576 176 264 ) (-568 176 264 ) (-568 176 352 ) (-576 176 352 ) 
4 731 736 (-604 176 264 ) (-576 176 264 ) (-576 176 352 ) (-604 176 352 ) 
4 731 733 (-568 176 264 ) (-556 176 264 ) (-556 176 352 ) (-568 176 352 ) 
4 732 736 (-692 176 264 ) (-644 176 264 ) (-644 176 352 ) (-692 176 352 ) 
4 733 735 (-568 176 360 ) (-568 176 232 ) (-568 64 232 ) (-568 64 360 ) 
4 734 1006 (-520 0 360 ) (-568 0 360 ) (-568 0 232 ) (-520 0 232 ) 
4 734 737 (-520 48 232 ) (-520 0 232 ) (-560 0 232 ) (-560 48 232 ) 
4 735 736 (-576 176 360 ) (-576 176 232 ) (-576 64 232 ) (-576 64 360 ) 
4 736 1007 (-576 0 360 ) (-728 0 360 ) (-728 0 232 ) (-576 0 232 ) 
4 736 741 (-728 0 232 ) (-728 0 360 ) (-728 25 360 ) (-728 25 232 ) 
4 736 740 (-728 25 360 ) (-728 96 360 ) (-728 96 232 ) (-728 25 232 ) 
4 737 1016 (-560 0 224 ) (-520 0 224 ) (-520 0 232 ) (-560 0 232 ) 
4 737 786 (-520 48 224 ) (-520 0 224 ) (-560 0 224 ) (-560 48 224 ) 
5 738 782 (-800 184 224 ) (-736 184 224 ) (-736 104 224 ) (-764 76 224 ) (-800 112 224 ) 
3 738 771 (-796 44 224 ) (-800 40 224 ) (-800 48 224 ) 
4 738 765 (-764 76 224 ) (-796 44 224 ) (-800 48 224 ) (-800 112 224 ) 
4 738 739 (-764 76.001015 264 ) (-764 76.001007 352 ) (-796 44 352 ) (-796 44 264 ) 
4 738 743 (-800 184 360 ) (-800 184 224 ) (-800 40 224 ) (-800 40 360 ) 
4 739 740 (-756 68 264 ) (-756 68 352 ) (-788 35.998997 352 ) (-788 36 264 ) 
4 740 741 (-728 25 232 ) (-728 25 360 ) (-792 25 360 ) (-792 25 232 ) 
4 741 1017 (-728 0 360 ) (-792 0 360 ) (-792 0 232 ) (-728 0 232 ) 
4 741 742 (-792 25 352 ) (-792 25 264 ) (-792 0 264 ) (-792 0 352 ) 
4 742 1018 (-800 0 352 ) (-800 0 264 ) (-792 0 264 ) (-792 0 352 ) 
4 742 743 (-800 0 264 ) (-800 0 352 ) (-800 25 352 ) (-800 25 264 ) 
4 743 1026 (-800 0 360 ) (-1024 0 360 ) (-1024 0 224 ) (-800 0 224 ) 
4 743 846 (-1024 0 224 ) (-1024 0 344 ) (-1024 184 344 ) (-1024 184 224 ) 
4 743 845 (-1024 0 344 ) (-1024 0 360 ) (-1024 184 360 ) (-1024 184 344 ) 
3 743 782 (-872 184 224 ) (-800 184 224 ) (-800 112 224 ) 
5 743 774 (-1024 0 224 ) (-1024 184 224 ) (-872 184 224 ) (-800 112 224 ) (-800 0 224 ) 
4 744 796 (-240 768 96 ) (-224 768 96 ) (-224 480 96 ) (-240 480 96 ) 
4 744 789 (-224 768 96 ) (0 768 96 ) (0 248 96 ) (-224 248 96 ) 
4 744 749 (-240 248 96 ) (0 248 96 ) (0 248 224 ) (-240 248 224 ) 
3 744 747 (-240 276 224 ) (-240 296 224 ) (-240 296 216 ) 
4 744 746 (-240 296 96 ) (-240 256 96 ) (-240 256 224 ) (-240 296 208 ) 
5 744 745 (-240 1024 112 ) (-240 767.996094 96 ) (-240 296 96 ) (-240 296 224 ) (-240 1024 224 ) 
4 745 796 (-288 768 96 ) (-240 768 96 ) (-240 480 96 ) (-245.333328 480 96 ) 
4 745 792 (-464 480 96 ) (-464 768 96 ) (-288 768 96 ) (-245.333328 480 96 ) 
5 745 775 (-464 768 96 ) (-464 296 96 ) (-464 296 224 ) (-464 1024 224 ) (-464 1024 112 ) 
4 745 748 (-288 768 96 ) (-464 768 96 ) (-464 1024 112 ) (-320 1024 112 ) 
4 745 747 (-464 296 224 ) (-464 296 216 ) (-240 296 216 ) (-240 296 224 ) 
4 745 746 (-464 296 208 ) (-464 296 96 ) (-240 296 96 ) (-240 296 208 ) 
4 746 776 (-464 296 96 ) (-464 256 96 ) (-464 256 224 ) (-464 296 208 ) 
3 747 778 (-464 276 224 ) (-464 296 224 ) (-464 296 216 ) 
3 748 795 (-325.925903 1024 96 ) (-320 1024 96 ) (-288 768 96 ) 
4 748 792 (-464 768 96 ) (-464 1024 96 ) (-325.925903 1024 96 ) (-288 768 96 ) 
3 748 775 (-464 1024 96 ) (-464 768 96 ) (-464 1024 112 ) 
4 749 1059 (0 0 96 ) (0 0 224 ) (-240 0 224 ) (-240 0 96 ) 
4 749 789 (0 0 96 ) (-224 0 96 ) (-224 248 96 ) (0 248 96 ) 
4 749 750 (-240 48 128 ) (-240 0 128 ) (-240 0 216 ) (-240 48 216 ) 
4 750 753 (-248 48 128 ) (-248 0 128 ) (-248 0 216 ) (-248 48 216 ) 
4 751 801 (-248 64 96 ) (-248 56 96 ) (-280 56 96 ) (-280 64 96 ) 
4 751 753 (-392 56 96 ) (-248 56 96 ) (-248 56 224 ) (-392 56 224 ) 
4 751 752 (-392 248 224 ) (-392 248 96 ) (-392 64 96 ) (-392 64 224 ) 
4 752 760 (-456 144 96 ) (-456 72 96 ) (-456 72 216 ) (-456 144 216 ) 
4 752 759 (-456 152 136 ) (-456 152 200 ) (-456 240 200 ) (-456 240 136 ) 
4 753 1082 (-312 0 224 ) (-416 0 224 ) (-416 0 96 ) (-312 0 96 ) 
4 753 1069 (-272 0 224 ) (-280 0 224 ) (-280 0 96 ) (-272 0 96 ) 
4 753 1070 (-280 0 224 ) (-312 0 224 ) (-312 0 96 ) (-280 0 96 ) 
4 753 1067 (-248 0 224 ) (-272 0 224 ) (-272 0 96 ) (-248 0 96 ) 
4 753 801 (-280 48 96 ) (-280 56 96 ) (-248 56 96 ) (-248 48 96 ) 
4 753 754 (-416 56 224 ) (-416 56 112 ) (-416 0 112 ) (-416 0 224 ) 
4 754 1083 (-416 0 224 ) (-432 0 224 ) (-432 0 112 ) (-416 0 112 ) 
4 754 755 (-432 56 224 ) (-432 56 128 ) (-432 0 128 ) (-432 0 224 ) 
4 755 1084 (-432 0 224 ) (-448 0 224 ) (-448 0 128 ) (-432 0 128 ) 
4 755 757 (-448 56 224 ) (-448 56 144 ) (-448 0 144 ) (-448 0 224 ) 
4 756 1085 (-448 0 112 ) (-448 0 96 ) (-432 0 96 ) (-432 0 112 ) 
4 756 758 (-448 56 112 ) (-448 56 96 ) (-448 0 96 ) (-448 0 112 ) 
4 757 1086 (-448 0 224 ) (-456 0 224 ) (-456 0 144 ) (-448 0 144 ) 
4 757 763 (-456 0 144 ) (-456 0 224 ) (-456 56 224 ) (-456 56 144 ) 
4 758 1087 (-456 0 128 ) (-456 0 96 ) (-448 0 96 ) (-448 0 128 ) 
4 758 764 (-456 56 96 ) (-456 0 96 ) (-456 0 128 ) (-456 56 128 ) 
4 759 777 (-464 152 136 ) (-464 152 200 ) (-464 240 200 ) (-464 240 136 ) 
4 760 761 (-458 136 96 ) (-458 80 96 ) (-458 80 208 ) (-458 136 208 ) 
4 761 762 (-462 136 96 ) (-462 80 96 ) (-462 80 208 ) (-462 136 208 ) 
4 762 777 (-464 144 96 ) (-464 72 96 ) (-464 72 216 ) (-464 144 216 ) 
4 763 1086 (-456 0 224 ) (-464 0 224 ) (-464 0 144 ) (-456 0 144 ) 
4 763 784 (-464 0 160 ) (-464 0 224 ) (-464 56 224 ) (-464 56 160 ) 
4 764 1087 (-464 0 128 ) (-464 0 96 ) (-456 0 96 ) (-456 0 128 ) 
4 764 785 (-464 56 96 ) (-464 0 96 ) (-464 0 128 ) (-464 56 128 ) 
4 765 782 (-800 112 216 ) (-800 112 224 ) (-764 76 224 ) (-764 76 216 ) 
4 765 771 (-800 48 224 ) (-800 48 216 ) (-796 44 216 ) (-796 44 224 ) 
4 765 767 (-795.997986 44.001923 216 ) (-800 48.003906 216 ) (-800 112 216 ) (-764 76 216 ) 
4 765 774 (-800 111.998039 224 ) (-800 111.998039 216 ) (-800 48 216 ) (-800 48 224 ) 
4 766 788 (-752 64 224 ) (-713 25 224 ) (-713 25 216 ) (-752 64 216 ) 
4 766 783 (-756 68 224 ) (-752 64 224 ) (-752 64 216 ) (-756 68 216 ) 
4 766 772 (-713.001953 25 216 ) (-713.001953 25 224 ) (-777 25 224 ) (-777 25 216 ) 
4 766 770 (-788 36 216 ) (-777 25 216 ) (-777 25 224 ) (-788 36 224 ) 
4 766 767 (-712.996094 25 216 ) (-776.996094 25 216 ) (-787.998047 36.001965 216 ) (-756 68 216 ) 
4 767 788 (-752 64 216 ) (-713 25 216 ) (-713 25 128 ) (-752 64 128 ) 
4 767 783 (-756 68 216 ) (-752 64 216 ) (-752 64 128 ) (-756 68 128 ) 
4 767 782 (-800 112 128 ) (-800 112 216 ) (-764 76 216 ) (-764 76 128 ) 
4 767 772 (-713.001953 25 128 ) (-713.001953 25 216 ) (-777 25 216 ) (-777 25 128 ) 
4 767 771 (-800 48 216 ) (-800 48 128 ) (-796 44 128 ) (-796 44 216 ) 
4 767 770 (-788 36 128 ) (-777 25 128 ) (-777 25 216 ) (-788 36 216 ) 
4 767 769 (-712.996094 25 128 ) (-776.996094 25 128 ) (-787.998047 36.001965 128 ) (-756 68 128 ) 
4 767 768 (-795.997986 44.001923 128 ) (-800 48.003906 128 ) (-800 112 128 ) (-764 76 128 ) 
4 767 774 (-800 111.998039 216 ) (-800 111.998047 128 ) (-800 48 128 ) (-800 48 216 ) 
4 768 782 (-764 76 96 ) (-800 112 96 ) (-800 112 128 ) (-764 76 128 ) 
4 768 771 (-800 48 128 ) (-800 48 96 ) (-796 44 96 ) (-796 44 128 ) 
4 768 774 (-800 111.998047 128 ) (-800 111.998047 96 ) (-800 48 96 ) (-800 48 128 ) 
4 769 788 (-713 25 96 ) (-752 64 96 ) (-752 64 128 ) (-713 25 128 ) 
4 769 783 (-752 64 96 ) (-756 68 96 ) (-756 68 128 ) (-752 64 128 ) 
4 769 772 (-777 25 96 ) (-713.001953 25 96 ) (-713.001953 25 128 ) (-777 25 128 ) 
4 769 770 (-788 36 96 ) (-777 25 96 ) (-777 25 128 ) (-788 36 128 ) 
4 770 772 (-792 25 96 ) (-777 25 96 ) (-777 25 224 ) (-792 25 224 ) 
4 771 774 (-800 48 96 ) (-800 40 96 ) (-800 40 224 ) (-800 48 224 ) 
4 772 1125 (-736 0 224 ) (-792 0 224 ) (-792 0 96 ) (-736 0 96 ) 
4 772 1120 (-728 0 224 ) (-736 0 224 ) (-736 0 96 ) (-728 0 96 ) 
4 772 1109 (-688 0 224 ) (-728 0 224 ) (-728 0 96 ) (-688 0 96 ) 
4 772 788 (-688 0 96 ) (-713 25 96 ) (-713 25 224 ) (-688 0 224 ) 
4 772 773 (-792 25 216 ) (-792 25 128 ) (-792 0 128 ) (-792 0 216 ) 
4 773 1126 (-800 0 216 ) (-800 0 128 ) (-792 0 128 ) (-792 0 216 ) 
4 773 774 (-800 0 128 ) (-800 0 216 ) (-800 25 216 ) (-800 25 128 ) 
4 774 1134 (-800 0 224 ) (-1024 0 224 ) (-1024 0 96 ) (-800 0 96 ) 
4 774 848 (-1024 0 96 ) (-1024 0 216 ) (-1024 336 216 ) (-1024 336 96 ) 
4 774 846 (-1024 0 216 ) (-1024 0 224 ) (-1024 304 224 ) (-1024 304 216 ) 
4 774 842 (-1024 304 224 ) (-1024 336 224 ) (-1024 336 216 ) (-1024 304 216 ) 
3 774 821 (-880 0 96 ) (-944 0 96 ) (-880 64 96 ) 
5 774 820 (-944 0 96 ) (-1024 0 96 ) (-1024 256 96 ) (-944 256 96 ) (-816 128 96 ) 
3 774 819 (-1024 256 96 ) (-1024 336 96 ) (-944 256 96 ) 
4 774 782 (-800 112 96 ) (-984 296 96 ) (-984 296 224 ) (-800 112 224 ) 
4 774 775 (-984 296 96 ) (-1024 336 96 ) (-1024 336 224 ) (-984 296 224 ) 
4 775 848 (-1024 1024 216 ) (-1024 1024 96 ) (-1024 336 96 ) (-1024 336 216 ) 
4 775 842 (-1024 336 224 ) (-1024 1024 224 ) (-1024 1024 216 ) (-1024 336 216 ) 
4 775 818 (-864 1024 96 ) (-736 1024 96 ) (-736 480 96 ) (-864 480 96 ) 
5 775 819 (-984 296 96 ) (-1024 336 96 ) (-1024 1024 96 ) (-864 1024 96 ) (-864 296 96 ) 
4 775 805 (-736 1024 96 ) (-728 1024 96 ) (-728 480 96 ) (-736 480 96 ) 
4 775 792 (-728 1024 96 ) (-464 1024 96 ) (-464 480 96 ) (-728 480 96 ) 
4 775 782 (-983.998047 296 224 ) (-983.998047 296 96 ) (-736 296 96 ) (-736 296 224 ) 
4 775 781 (-728 296 216 ) (-728 296 224 ) (-736 296 224 ) (-736 296 216 ) 
4 775 779 (-736 296 96 ) (-728 296 96 ) (-728 296 208 ) (-736 296 208 ) 
4 775 778 (-464 296 216 ) (-464 296 224 ) (-728 296 224 ) (-728 296 216 ) 
4 775 776 (-728 296 96 ) (-464 296 96 ) (-464 296 208 ) (-728 296 208 ) 
4 776 779 (-728 296 208 ) (-728 296 96 ) (-728 256 96 ) (-728 256 224 ) 
4 777 800 (-728 160 96 ) (-728 248 96 ) (-536 248 96 ) (-536 160 96 ) 
4 777 788 (-728 64 96 ) (-576 64 96 ) (-576 64 224 ) (-728 64 224 ) 
4 777 780 (-728 96 96 ) (-728 64 96 ) (-728 64 224 ) (-728 96 224 ) 
3 778 781 (-728 296 224 ) (-728 296 216 ) (-728 276 224 ) 
4 779 782 (-736 296 208 ) (-736 296 96 ) (-736 256 96 ) (-736 256 224 ) 
4 780 788 (-736 64 96 ) (-728 64 96 ) (-728 64 224 ) (-736 64 224 ) 
4 780 783 (-736 88 96 ) (-736 64 96 ) (-736 64 224 ) (-736 88 224 ) 
3 781 782 (-736 296 224 ) (-736 296 216 ) (-736 276 224 ) 
3 782 820 (-816 128 96 ) (-944 256 96 ) (-816 256 96 ) 
4 782 819 (-944 256 96 ) (-984 296 96 ) (-864 296 96 ) (-864 256 96 ) 
4 783 788 (-751.996094 64 224 ) (-751.996094 64 96 ) (-736 64 96 ) (-736 64 224 ) 
4 784 1088 (-464 0 224 ) (-480 0 224 ) (-480 0 160 ) (-464 0 160 ) 
4 784 786 (-480 56 224 ) (-480 56 176 ) (-480 0 176 ) (-480 0 224 ) 
4 785 1089 (-480 0 144 ) (-480 0 96 ) (-464 0 96 ) (-464 0 144 ) 
4 785 787 (-480 56 144 ) (-480 56 96 ) (-480 0 96 ) (-480 0 144 ) 
4 786 1090 (-480 0 224 ) (-568 0 224 ) (-568 0 176 ) (-480 0 176 ) 
4 787 1091 (-568 0 160 ) (-568 0 96 ) (-480 0 96 ) (-480 0 160 ) 
4 788 1109 (-576 0 224 ) (-688 0 224 ) (-688 0 96 ) (-576 0 96 ) 
4 789 1135 (0 0 64 ) (0 0 96 ) (-224 0 96 ) (-224 0 64 ) 
3 789 796 (-224 480 96 ) (-224 768.057495 96 ) (-224 480 74.662407 ) 
4 790 1144 (0 0 -40 ) (0 0 -24.888893 ) (-224 0 -24.888893 ) (-224 0 -40 ) 
4 790 816 (0 0 -40 ) (-224 0 -40 ) (-224 256 -40 ) (0 256 -40 ) 
4 790 814 (-224 256 -40 ) (-224 480 -40 ) (0 480 -40 ) (0 256 -40 ) 
4 790 813 (-224 480 -40 ) (-224 1024 -40 ) (0 1024 -40 ) (0 480 -40 ) 
4 790 799 (-224 248 -40 ) (-224 0 -40 ) (-224 0 -24.888893 ) (-224 248 -6.518522 ) 
4 790 798 (-224 256 -40 ) (-224 248 -40 ) (-224 248 -6.518522 ) (-224 256 -5.925930 ) 
5 790 797 (-224 480 -40 ) (-224 256 -40 ) (-224 256 -5.925930 ) (-224 336 0 ) (-224 480 0 ) 
5 790 793 (-224 1024 -40 ) (-224 480 -40 ) (-224 480 10.666664 ) (-224 768 32 ) (-224 1024 48 ) 
4 790 791 (-224 335.996094 0 ) (-224 0 -24.888603 ) (0 0 -24.888601 ) (0 335.996124 0 ) 
4 791 1144 (0 0 -24.888893 ) (0 0 0 ) (-224 0 0 ) (-224 0 -24.888893 ) 
4 791 799 (-224 0 -24.888893 ) (-224 0 0 ) (-224 248 0 ) (-224 248 -6.518520 ) 
4 791 798 (-224 248 0 ) (-224 256 0 ) (-224 256 -5.925927 ) (-224 248 -6.518520 ) 
3 791 797 (-224 256 0 ) (-224 336 0 ) (-224 256 -5.925927 ) 
4 792 813 (-728 480 -40 ) (-728 1024 -40 ) (-325.925934 1024 -40 ) (-245.333328 480 -40 ) 
4 792 807 (-728 1024 -40 ) (-728 480 -40 ) (-728 480 80 ) (-728 1024 80 ) 
4 792 805 (-728 480 80 ) (-728 480 96 ) (-728 1024 96 ) (-728 1024 80 ) 
4 792 797 (-248 480 -40 ) (-245.333313 480 -40 ) (-245.333313 480 0 ) (-248 480 0 ) 
4 792 796 (-245.333984 480 96 ) (-245.333984 480 74.662407 ) (-287.996521 767.972046 95.993668 ) (-287.996521 767.972046 96 ) 
4 792 795 (-288 768 32 ) (-325.926575 1024 50.962963 ) (-325.926575 1024 96 ) (-287.996521 767.972046 96 ) 
3 792 794 (-288 768 32 ) (-325.926575 1024 48 ) (-325.926575 1024 50.962963 ) 
5 792 793 (-245.333984 480 10.666664 ) (-245.333984 480 -40 ) (-325.926575 1024 -40 ) (-325.926575 1024 48 ) (-288 768 32 ) 
4 793 813 (-325.925934 1024 -40 ) (-224 1024 -40 ) (-224 480 -40 ) (-245.333328 480 -40 ) 
4 793 797 (-245.333313 480 -40 ) (-224 480 -40 ) (-224 480 0 ) (-245.333313 480 0 ) 
3 793 794 (-325.923737 1024 48 ) (-288.011932 768.095703 32.005981 ) (-320 1024 48 ) 
3 794 795 (-325.924316 1024 50.963139 ) (-288.008606 768.068726 32.005272 ) (-320 1024 50.963139 ) 
4 797 814 (-248 480 -40 ) (-224 480 -40 ) (-224 256 -40 ) (-248 256 -40 ) 
4 797 798 (-240 256 -40 ) (-224 256 -40 ) (-224 256 0 ) (-240 256 0 ) 
4 798 816 (-240 256 -40 ) (-224 256 -40 ) (-224 248 -40 ) (-240 248 -40 ) 
4 798 799 (-240 248 -40 ) (-224 248 -40 ) (-224 248 0 ) (-240 248 0 ) 
4 799 1144 (-248 0 0 ) (-248 0 -40 ) (-224 0 -40 ) (-224 0 0 ) 
4 799 816 (-224 0 -40 ) (-248 0 -40 ) (-248 248 -40 ) (-224 248 -40 ) 
4 799 803 (-248 248 0 ) (-248 248 -40 ) (-248 0 -40 ) (-248 0 0 ) 
4 800 806 (-728 160 96 ) (-728 248 96 ) (-728 248 80 ) (-728 160 80 ) 
4 800 804 (-728 160 80 ) (-728 248 80 ) (-536 248 80 ) (-536 160 80 ) 
4 801 803 (-280 64 80 ) (-248 64 80 ) (-248 48 80 ) (-280 48 80 ) 
4 801 802 (-280 48 88 ) (-280 48 80 ) (-248 48 80 ) (-248 48 88 ) 
4 802 1137 (-280 0 88 ) (-280 0 80 ) (-248 0 80 ) (-248 0 88 ) 
4 802 803 (-248 48 80 ) (-248 0 80 ) (-280 0 80 ) (-280 48 80 ) 
4 803 1139 (-280 0 80 ) (-304 0 80 ) (-304 0 0 ) (-280 0 0 ) 
4 803 1137 (-248 0 0 ) (-248 0 80 ) (-280 0 80 ) (-280 0 0 ) 
4 803 1144 (-304 0 -40 ) (-248 0 -40 ) (-248 0 0 ) (-304 0 0 ) 
4 803 816 (-248 0 -40 ) (-304 0 -40 ) (-304 248 -40 ) (-248 248 -40 ) 
4 804 1147 (-728 0 80 ) (-728 0 -40 ) (-328 0 -40 ) (-328 0 80 ) 
4 804 811 (-728 8 -40 ) (-728 0 -40 ) (-728 0 80 ) (-728 8 80 ) 
4 804 810 (-728 20 -4 ) (-728 20 60 ) (-728 72 60 ) (-728 72 -4 ) 
4 804 809 (-728 84 -4 ) (-728 84 60 ) (-728 136 60 ) (-728 136 -4 ) 
4 804 808 (-728 148 -4 ) (-728 148 60 ) (-728 198 60 ) (-728 198 -4 ) 
4 805 822 (-736 1024 88 ) (-736 1024 80 ) (-736 480 80 ) (-736 480 88 ) 
4 805 818 (-736 480 96 ) (-736 1024 96 ) (-736 1024 88 ) (-736 480 88 ) 
4 805 807 (-736 480 80 ) (-736 1024 80 ) (-728 1024 80 ) (-728 480 80 ) 
4 806 824 (-736 248 88 ) (-736 248 80 ) (-736 160 80 ) (-736 160 88 ) 
4 807 822 (-736 1024 80 ) (-736 1024 -40 ) (-736 480 -40 ) (-736 480 80 ) 
4 807 813 (-736 480 -40 ) (-736 1024 -40 ) (-728 1024 -40 ) (-728 480 -40 ) 
4 808 824 (-736 148 -4 ) (-736 148 60 ) (-736 198 60 ) (-736 198 -4 ) 
4 809 824 (-736 84 -4 ) (-736 84 60 ) (-736 136 60 ) (-736 136 -4 ) 
4 810 824 (-736 20 -4 ) (-736 20 60 ) (-736 72 60 ) (-736 72 -4 ) 
4 811 1152 (-730 0 -40 ) (-728 0 -40 ) (-728 0 80 ) (-730 0 80 ) 
4 812 1154 (-736 0 80 ) (-736 0 -40 ) (-734 0 -40 ) (-734 0 80 ) 
4 812 824 (-736 8 -40 ) (-736 0 -40 ) (-736 0 80 ) (-736 8 80 ) 
4 813 822 (-736 1024 -40 ) (-736 1024 -96 ) (-736 480 -96 ) (-736 480 -40 ) 
4 813 815 (-736 480 -96 ) (-736 1024 -96 ) (0 1024 -96 ) (0 480 -96 ) 
4 813 814 (-248 480 -96 ) (0 480 -96 ) (0 480 -40 ) (-248 480 -40 ) 
4 814 816 (0 256 -40 ) (-248 256 -40 ) (-248 256 -96 ) (0 256 -96 ) 
4 814 815 (0 256 -96 ) (-248 256 -96 ) (-248 480 -96 ) (0 480 -96 ) 
4 815 839 (-736 1024 -96 ) (-736 1024 -1504 ) (-736 256 -1504 ) (-736 256 -96 ) 
4 815 817 (-736 256 -96 ) (-736 256 -1504 ) (-304 256 -1504 ) (-304 256 -96 ) 
4 815 816 (-304 256 -1504 ) (0 256 -1504 ) (0 256 -96 ) (-304 256 -96 ) 
4 816 1159 (0 0 -1504 ) (0 0 -64 ) (-304 0 -64 ) (-304 0 -1504 ) 
4 816 1157 (0 0 -64 ) (0 0 -40 ) (-304 0 -40 ) (-304 0 -64 ) 
4 816 817 (-304 256 -64 ) (-304 256 -1504 ) (-304 0 -1504 ) (-304 0 -64 ) 
4 817 1159 (-736 0 -64 ) (-736 0 -1504 ) (-304 0 -1504 ) (-304 0 -64 ) 
4 817 839 (-736 0 -1504 ) (-736 0 -96 ) (-736 256 -96 ) (-736 256 -1504 ) 
4 817 825 (-736 0 -96 ) (-736 0 -64 ) (-736 256 -64 ) (-736 256 -96 ) 
4 818 822 (-736 1024 88 ) (-736 480 88 ) (-864 480 88 ) (-864 1024 88 ) 
4 818 819 (-864 1024 88 ) (-864 480 88 ) (-864 480 96 ) (-864 1024 96 ) 
4 819 848 (-1024 256 96 ) (-1024 1024 96 ) (-1024 1024 88 ) (-1024 256 88 ) 
4 819 823 (-864 256 88 ) (-1024 256 88 ) (-1024 1024 88 ) (-864 1024 88 ) 
4 819 820 (-1024 256 88 ) (-864 256 88 ) (-864 256 96 ) (-1024 256 96 ) 
4 820 1162 (-944 0 96 ) (-1024 0 96 ) (-1024 0 88 ) (-944 0 88 ) 
4 820 848 (-1024 0 88 ) (-1024 0 96 ) (-1024 256 96 ) (-1024 256 88 ) 
4 820 836 (-864 80 88 ) (-872 72 88 ) (-872 256 88 ) (-864 256 88 ) 
4 820 832 (-856 88 88 ) (-864 80 88 ) (-864 256 88 ) (-856 256 88 ) 
4 820 830 (-816 128 88 ) (-856 88 88 ) (-856 256 88 ) (-816 256 88 ) 
5 820 838 (-872 72 88 ) (-944 0 88 ) (-1024 0 88 ) (-1024 256 88 ) (-872 256 88 ) 
4 820 821 (-944 0 88 ) (-880 64 88 ) (-880 64 96 ) (-944 0 96 ) 
4 821 1162 (-880 0 96 ) (-944 0 96 ) (-944 0 88 ) (-880 0 88 ) 
3 821 838 (-880 0 88 ) (-944 0 88 ) (-880 64 88 ) 
4 822 839 (-864 1024 -96 ) (-736 1024 -96 ) (-736 480 -96 ) (-864 480 -96 ) 
4 822 823 (-864 1024 -96 ) (-864 480 -96 ) (-864 480 88 ) (-864 1024 88 ) 
4 823 902 (-1024 304 -96 ) (-1024 256 -96 ) (-1024 256 -48 ) (-1024 304 -48 ) 
4 823 900 (-1024 340 -96 ) (-1024 304 -96 ) (-1024 304 -48 ) (-1024 340 -48 ) 
4 823 893 (-1024 420 -96 ) (-1024 340 -96 ) (-1024 340 -48 ) (-1024 420 -48 ) 
4 823 889 (-1024 544 -96 ) (-1024 420 -96 ) (-1024 420 -48 ) (-1024 544 -48 ) 
4 823 886 (-1024 736 -96 ) (-1024 544 -96 ) (-1024 544 -48 ) (-1024 736 -48 ) 
4 823 885 (-1024 1024 -48 ) (-1024 1024 -96 ) (-1024 736 -96 ) (-1024 736 -48 ) 
4 823 860 (-1024 1024 80 ) (-1024 1024 -48 ) (-1024 256 -48 ) (-1024 256 80 ) 
4 823 856 (-1024 256 88 ) (-1024 296 88 ) (-1024 296 80 ) (-1024 256 80 ) 
4 823 855 (-1024 296 88 ) (-1024 304 88 ) (-1024 304 80 ) (-1024 296 80 ) 
4 823 853 (-1024 304 88 ) (-1024 1024 88 ) (-1024 1024 80 ) (-1024 304 80 ) 
4 823 839 (-1024 256 -96 ) (-1024 1024 -96 ) (-864 1024 -96 ) (-864 256 -96 ) 
4 823 836 (-872 256 -96 ) (-864 256 -96 ) (-864 256 88 ) (-872 256 88 ) 
4 823 838 (-1024 256 -96 ) (-872 256 -96 ) (-872 256 88 ) (-1024 256 88 ) 
4 824 1169 (-736 0 -40 ) (-736 0 88 ) (-792 0 88 ) (-792 0 -40 ) 
4 824 827 (-792 168 -40 ) (-792 0 -40 ) (-792 0 88 ) (-792 168 88 ) 
4 824 826 (-792 256 88 ) (-792 256 -40 ) (-792 184 -40 ) (-792 184 88 ) 
4 825 1170 (-736 0 -96 ) (-736 0 -48 ) (-792 0 -48 ) (-792 0 -96 ) 
4 825 839 (-792 256 -96 ) (-736 256 -96 ) (-736 0 -96 ) (-792 0 -96 ) 
4 825 828 (-792 256 -48 ) (-792 256 -96 ) (-792 184 -96 ) (-792 184 -48 ) 
4 825 829 (-792 168 -96 ) (-792 0 -96 ) (-792 0 -48 ) (-792 168 -48 ) 
4 826 830 (-808 256 88 ) (-808 256 -40 ) (-808 184 -40 ) (-808 184 88 ) 
4 827 1169 (-792 0 88 ) (-808 0 88 ) (-808 0 -40 ) (-792 0 -40 ) 
4 827 830 (-808 0 -40 ) (-808 0 88 ) (-808 168 88 ) (-808 168 -40 ) 
4 828 839 (-808 256 -96 ) (-792 256 -96 ) (-792 184 -96 ) (-808 184 -96 ) 
4 828 831 (-808 256 -48 ) (-808 256 -96 ) (-808 184 -96 ) (-808 184 -48 ) 
4 829 1170 (-808 0 -48 ) (-808 0 -96 ) (-792 0 -96 ) (-792 0 -48 ) 
4 829 839 (-792 168 -96 ) (-792 0 -96 ) (-808 0 -96 ) (-808 168 -96 ) 
4 829 831 (-808 168 -96 ) (-808 0 -96 ) (-808 0 -48 ) (-808 168 -48 ) 
4 830 1169 (-808 0 88 ) (-856 0 88 ) (-856 0 -40 ) (-808 0 -40 ) 
4 830 834 (-856 48 -40 ) (-856 0 -40 ) (-856 0 88 ) (-856 48 88 ) 
4 830 832 (-856 256 88 ) (-856 256 -40 ) (-856 64 -40 ) (-856 64 88 ) 
4 831 1170 (-856 0 -48 ) (-856 0 -96 ) (-808 0 -96 ) (-808 0 -48 ) 
4 831 839 (-856 256 -96 ) (-808 256 -96 ) (-808 0 -96 ) (-856 0 -96 ) 
4 831 835 (-856 48 -96 ) (-856 0 -96 ) (-856 0 -48 ) (-856 48 -48 ) 
4 831 833 (-856 256 -48 ) (-856 256 -96 ) (-856 64 -96 ) (-856 64 -48 ) 
4 832 836 (-864 256 88 ) (-864 256 -40 ) (-864 64 -40 ) (-864 64 88 ) 
4 833 839 (-864 256 -96 ) (-856 256 -96 ) (-856 64 -96 ) (-864 64 -96 ) 
4 833 836 (-864 256 -48 ) (-864 256 -96 ) (-864 64 -96 ) (-864 64 -48 ) 
4 834 1171 (-856 0 88 ) (-864 0 88 ) (-864 0 -40 ) (-856 0 -40 ) 
4 834 837 (-864 0 -40 ) (-864 0 88 ) (-864 48 88 ) (-864 48 -40 ) 
4 835 1173 (-864 0 -48 ) (-864 0 -96 ) (-856 0 -96 ) (-856 0 -48 ) 
4 835 839 (-856 48 -96 ) (-856 0 -96 ) (-864 0 -96 ) (-864 48 -96 ) 
4 835 837 (-864 48 -96 ) (-864 0 -96 ) (-864 0 -48 ) (-864 48 -48 ) 
4 836 839 (-872 256 -96 ) (-864 256 -96 ) (-864 64 -96 ) (-872 64 -96 ) 
4 836 838 (-872 256 88 ) (-872 256 -96 ) (-872 64 -96 ) (-872 64 88 ) 
4 837 1175 (-864 0 88 ) (-872 0 88 ) (-872 0 -96 ) (-864 0 -96 ) 
4 837 839 (-864 48 -96 ) (-864 0 -96 ) (-872 0 -96 ) (-872 48 -96 ) 
4 837 838 (-872 48 -96 ) (-872 0 -96 ) (-872 0 88 ) (-872 48 88 ) 
4 838 1180 (-872 0 88 ) (-1024 0 88 ) (-1024 0 -96 ) (-872 0 -96 ) 
4 838 903 (-1024 0 -96 ) (-1024 0 -48 ) (-1024 24 -48 ) (-1024 24 -96 ) 
4 838 902 (-1024 24 -48 ) (-1024 256 -48 ) (-1024 256 -96 ) (-1024 24 -96 ) 
4 838 883 (-1024 0 -48 ) (-1024 0 80 ) (-1024 72 80 ) (-1024 72 -48 ) 
4 838 866 (-1024 144 72 ) (-1024 144 -48 ) (-1024 72 -48 ) (-1024 72 72 ) 
4 838 865 (-1024 72 80 ) (-1024 144 80 ) (-1024 144 72 ) (-1024 72 72 ) 
4 838 860 (-1024 144 80 ) (-1024 256 80 ) (-1024 256 -48 ) (-1024 144 -48 ) 
4 838 859 (-1024 0 80 ) (-1024 0 88 ) (-1024 72 88 ) (-1024 72 80 ) 
4 838 857 (-1024 72 88 ) (-1024 152 88 ) (-1024 152 80 ) (-1024 72 80 ) 
4 838 856 (-1024 152 88 ) (-1024 256 88 ) (-1024 256 80 ) (-1024 152 80 ) 
4 838 839 (-1024 0 -96 ) (-1024 256 -96 ) (-872 256 -96 ) (-872 0 -96 ) 
4 839 1181 (-736 0 -1504 ) (-736 0 -96 ) (-1024 0 -96 ) (-1024 0 -1504 ) 
4 839 913 (-1024 0 -1504 ) (-1024 0 -160 ) (-1024 1024 -160 ) (-1024 1024 -1504 ) 
4 839 912 (-1024 0 -160 ) (-1024 0 -96 ) (-1024 544 -96 ) (-1024 544 -160 ) 
4 839 911 (-1024 544 -96 ) (-1024 736 -96 ) (-1024 736 -160 ) (-1024 544 -160 ) 
4 839 910 (-1024 736 -96 ) (-1024 864 -96 ) (-1024 864 -160 ) (-1024 736 -160 ) 
4 839 909 (-1024 864 -96 ) (-1024 1024 -96 ) (-1024 1024 -160 ) (-1024 864 -160 ) 
4 840 913 (-1024 1024 -1504 ) (-1024 1024 -160 ) (-2048 1024 -160 ) (-2048 1024 -1504 ) 
4 840 909 (-1024 1024 -160 ) (-1024 1024 -96 ) (-2048 1024 -96 ) (-2048 1024 -160 ) 
4 840 885 (-1024 1024 -96 ) (-1024 1024 -48 ) (-2048 1024 -48 ) (-2048 1024 -96 ) 
4 840 879 (-2040 1024 80 ) (-2048 1024 80 ) (-2048 1024 -48 ) (-2040 1024 -48 ) 
4 840 870 (-1936 1024 80 ) (-1952 1024 80 ) (-1952 1024 -48 ) (-1936 1024 -48 ) 
4 840 869 (-1808 1024 80 ) (-1936 1024 80 ) (-1936 1024 -48 ) (-1808 1024 -48 ) 
4 840 873 (-1952 1024 80 ) (-2040 1024 80 ) (-2040 1024 -48 ) (-1952 1024 -48 ) 
4 840 864 (-1800 1024 80 ) (-1808 1024 80 ) (-1808 1024 -48 ) (-1800 1024 -48 ) 
4 840 863 (-1680 1024 80 ) (-1800 1024 80 ) (-1800 1024 -48 ) (-1680 1024 -48 ) 
4 840 861 (-1664 1024 80 ) (-1680 1024 80 ) (-1680 1024 -48 ) (-1664 1024 -48 ) 
4 840 860 (-1024 1024 -48 ) (-1024 1024 80 ) (-1664 1024 80 ) (-1664 1024 -48 ) 
4 840 854 (-1648 1024 88 ) (-2048 1024 88 ) (-2048 1024 80 ) (-1648 1024 80 ) 
4 840 853 (-1024 1024 80 ) (-1024 1024 88 ) (-1648 1024 88 ) (-1648 1024 80 ) 
4 840 850 (-1728 1024 216 ) (-2048 1024 216 ) (-2048 1024 88 ) (-1728 1024 88 ) 
3 840 849 (-1728 1024 104 ) (-1728 1024 88 ) (-1648 1024 88 ) 
5 840 848 (-1024 1024 88 ) (-1024 1024 216 ) (-1728 1024 216 ) (-1728 1024 104 ) (-1648 1024 88 ) 
4 840 843 (-1704 1024 2784 ) (-2048 1024 2784 ) (-2048 1024 216 ) (-1704 1024 216 ) 
4 840 842 (-1024 1024 216 ) (-1024 1024 2784 ) (-1704 1024 2784 ) (-1704 1024 216 ) 
4 840 841 (-2048 2048 2784 ) (-2048 2048 -1504 ) (-2048 1024 -1504 ) (-2048 1024 2784 ) 
4 841 962 (-3072 1024 -1504 ) (-3072 1024 2784 ) (-3072 2048 2784 ) (-3072 2048 -1504 ) 
4 841 955 (-2048 1024 -1504 ) (-2048 1024 -160 ) (-3072 1024 -160 ) (-3072 1024 -1504 ) 
4 841 953 (-2048 1024 -160 ) (-2048 1024 -96 ) (-2240 1024 -96 ) (-2240 1024 -160 ) 
4 841 954 (-2240 1024 -96 ) (-3072 1024 -96 ) (-3072 1024 -160 ) (-2240 1024 -160 ) 
4 841 951 (-2160 1024 -48 ) (-2272 1024 -48 ) (-2272 1024 -96 ) (-2160 1024 -96 ) 
4 841 952 (-2272 1024 -48 ) (-3072 1024 -48 ) (-3072 1024 -96 ) (-2272 1024 -96 ) 
4 841 950 (-2048 1024 -96 ) (-2048 1024 -48 ) (-2160 1024 -48 ) (-2160 1024 -96 ) 
4 841 948 (-2272 1024 88 ) (-2280 1024 88 ) (-2280 1024 -48 ) (-2272 1024 -48 ) 
4 841 949 (-2280 1024 88 ) (-3072 1024 88 ) (-3072 1024 -48 ) (-2280 1024 -48 ) 
4 841 946 (-2160 1024 88 ) (-2272 1024 88 ) (-2272 1024 -48 ) (-2160 1024 -48 ) 
4 841 944 (-2152 1024 88 ) (-2160 1024 88 ) (-2160 1024 -48 ) (-2152 1024 -48 ) 
4 841 927 (-2072 1024 88 ) (-2152 1024 88 ) (-2152 1024 -48 ) (-2072 1024 -48 ) 
4 841 925 (-2048 1024 -48 ) (-2048 1024 88 ) (-2072 1024 88 ) (-2072 1024 -48 ) 
4 841 921 (-2048 1024 88 ) (-2048 1024 216 ) (-2160 1024 216 ) (-2160 1024 88 ) 
4 841 922 (-2160 1024 216 ) (-3072 1024 216 ) (-3072 1024 88 ) (-2160 1024 88 ) 
4 841 915 (-2048 1024 216 ) (-2048 1024 344 ) (-2072 1024 344 ) (-2072 1024 216 ) 
4 841 917 (-2072 1024 344 ) (-3072 1024 344 ) (-3072 1024 216 ) (-2072 1024 216 ) 
4 841 914 (-2048 1024 344 ) (-2048 1024 2784 ) (-3072 1024 2784 ) (-3072 1024 344 ) 
4 842 848 (-1704 1024 216 ) (-1024 1024 216 ) (-1024 304 216 ) (-1704 304 216 ) 
4 842 846 (-1704 304 216 ) (-1024 304 216 ) (-1024 304 344 ) (-1704 304 344 ) 
4 842 845 (-1024 304 344 ) (-1024 304 2784 ) (-1704 304 2784 ) (-1704 304 344 ) 
4 842 844 (-1704 304 248 ) (-1704 304 2784 ) (-1704 400 2784 ) (-1704 400 224 ) 
4 842 843 (-1704 1024 216 ) (-1704 400 216 ) (-1704 400 2784 ) (-1704 1024 2784 ) 
4 843 915 (-2048 1024 344 ) (-2048 1024 216 ) (-2048 400 216 ) (-2048 400 344 ) 
4 843 914 (-2048 1024 2784 ) (-2048 1024 344 ) (-2048 400 344 ) (-2048 400 2784 ) 
4 843 850 (-2048 400 216 ) (-2048 1024 216 ) (-1728 1024 216 ) (-1728 400 216 ) 
4 843 848 (-1728 1024 216 ) (-1704 1024 216 ) (-1704 400 216 ) (-1728 400 216 ) 
4 843 844 (-1704 400 224 ) (-1704 400 2784 ) (-2048 400 2784 ) (-2048 400 224 ) 
4 844 916 (-2048 304 248 ) (-2048 304 344 ) (-2048 400 344 ) (-2048 400 224 ) 
4 844 914 (-2048 304 344 ) (-2048 304 2784 ) (-2048 400 2784 ) (-2048 400 344 ) 
4 844 846 (-1704 304 248 ) (-1704 304 344 ) (-1728 304 344 ) (-1728 304 248 ) 
4 844 845 (-1704 304 344 ) (-1704 304 2784 ) (-2048 304 2784 ) (-2048 304 344 ) 
4 845 1195 (-1728 0 2784 ) (-2048 0 2784 ) (-2048 0 344 ) (-1728 0 344 ) 
4 845 1194 (-1024 0 344 ) (-1024 0 2784 ) (-1728 0 2784 ) (-1728 0 344 ) 
4 845 914 (-2048 0 344 ) (-2048 0 2784 ) (-2048 304 2784 ) (-2048 304 344 ) 
4 845 847 (-1736 0 344 ) (-2048 0 344 ) (-2048 296 344 ) (-1736 296 344 ) 
4 845 846 (-1024 0 344 ) (-1728 0 344 ) (-1728 304 344 ) (-1024 304 344 ) 
4 846 1194 (-1024 0 216 ) (-1024 0 344 ) (-1728 0 344 ) (-1728 0 216 ) 
4 846 848 (-1024 0 216 ) (-1728 0 216 ) (-1728 304 216 ) (-1024 304 216 ) 
4 847 1196 (-1736 0 344 ) (-2048 0 344 ) (-2048 0 216 ) (-1736 0 216 ) 
4 847 919 (-2048 296 216 ) (-2048 0 216 ) (-2048 0 344 ) (-2048 296 344 ) 
4 847 852 (-2040 0 216 ) (-2048 0 216 ) (-2048 296 216 ) (-2040 296 216 ) 
4 847 851 (-1736 0 216 ) (-2040 0 216 ) (-2040 296 216 ) (-1736 296 216 ) 
5 848 1194 (-1024 0 88 ) (-1024 0 216 ) (-1728 0 216 ) (-1728 0 104 ) (-1648 0 88 ) 
4 848 859 (-1024 72 88 ) (-1024 0 88 ) (-1648 0 88 ) (-1648 72 88 ) 
4 848 857 (-1024 152 88 ) (-1024 72 88 ) (-1648 72 88 ) (-1648 152 88 ) 
4 848 856 (-1024 296 88 ) (-1024 152 88 ) (-1648 152 88 ) (-1648 296 88 ) 
4 848 855 (-1024 304 88 ) (-1024 296 88 ) (-1648 296 88 ) (-1648 304 88 ) 
4 848 853 (-1648 1024 88 ) (-1024 1024 88 ) (-1024 304 88 ) (-1648 304 88 ) 
4 848 850 (-1728 376 216 ) (-1728 1024 216 ) (-1728 1024 104 ) (-1728 376 104 ) 
4 848 849 (-1728 376 104 ) (-1728 1024 104 ) (-1648 1024 88 ) (-1648 456 88 ) 
4 849 854 (-1728 1024 88 ) (-1648 1024 88 ) (-1648 456 88 ) (-1728 456 88 ) 
4 849 850 (-1728 1024 88 ) (-1728 456 88 ) (-1728 376 104 ) (-1728 1024 104 ) 
5 850 921 (-2048 1024 216 ) (-2048 1024 88 ) (-2048 456 88 ) (-2048 376 104 ) (-2048 376 216 ) 
4 850 854 (-2048 1024 88 ) (-1728 1024 88 ) (-1728 456 88 ) (-2048 456 88 ) 
4 851 1196 (-1736 0 216 ) (-2040 0 216 ) (-2040 0 88 ) (-1736 0 88 ) 
4 851 858 (-2040 72 88 ) (-2040 152 88 ) (-2008 152 88 ) (-2008 72 88 ) 
4 851 852 (-2040 304 88 ) (-2040 0 88 ) (-2040 0 216 ) (-2040 304 216 ) 
4 852 1196 (-2040 0 216 ) (-2048 0 216 ) (-2048 0 88 ) (-2040 0 88 ) 
4 852 923 (-2048 296 88 ) (-2048 0 88 ) (-2048 0 216 ) (-2048 296 216 ) 
4 852 858 (-2048 72 88 ) (-2048 152 88 ) (-2040 152 88 ) (-2040 72 88 ) 
4 853 860 (-1648 1024 80 ) (-1024 1024 80 ) (-1024 304 80 ) (-1648 304 80 ) 
4 853 855 (-1648 304 80 ) (-1024 304 80 ) (-1024 304 88 ) (-1648 304 88 ) 
4 853 854 (-1648 1024 80 ) (-1648 456 80 ) (-1648 456 88 ) (-1648 1024 88 ) 
4 854 925 (-2048 1024 88 ) (-2048 1024 80 ) (-2048 456 80 ) (-2048 456 88 ) 
4 854 879 (-2048 456 80 ) (-2048 1024 80 ) (-2040 1024 80 ) (-2040 456 80 ) 
4 854 870 (-1952 1024 80 ) (-1936 1024 80 ) (-1936 456 80 ) (-1952 456 80 ) 
4 854 869 (-1936 1024 80 ) (-1808 1024 80 ) (-1808 456 80 ) (-1936 456 80 ) 
4 854 873 (-2040 1024 80 ) (-1952 1024 80 ) (-1952 456 80 ) (-2040 456 80 ) 
4 854 864 (-1808 1024 80 ) (-1800 1024 80 ) (-1800 456 80 ) (-1808 456 80 ) 
4 854 863 (-1800 1024 80 ) (-1680 1024 80 ) (-1680 456 80 ) (-1800 456 80 ) 
4 854 861 (-1680 1024 80 ) (-1664 1024 80 ) (-1664 456 80 ) (-1680 456 80 ) 
4 854 860 (-1664 1024 80 ) (-1648 1024 80 ) (-1648 456 80 ) (-1664 456 80 ) 
4 855 860 (-1648 304 80 ) (-1024 304 80 ) (-1024 296 80 ) (-1648 296 80 ) 
4 855 856 (-1648 296 80 ) (-1024 296 80 ) (-1024 296 88 ) (-1648 296 88 ) 
4 856 860 (-1648 296 80 ) (-1024 296 80 ) (-1024 152 80 ) (-1648 152 80 ) 
4 856 857 (-1648 152 80 ) (-1024 152 80 ) (-1024 152 88 ) (-1648 152 88 ) 
4 857 865 (-1024 144 80 ) (-1024 72 80 ) (-1648 72 80 ) (-1648 144 80 ) 
4 857 860 (-1648 152 80 ) (-1024 152 80 ) (-1024 144 80 ) (-1648 144 80 ) 
4 857 859 (-1648 72 80 ) (-1024 72 80 ) (-1024 72 88 ) (-1648 72 88 ) 
4 858 937 (-2048 152 80 ) (-2048 72 80 ) (-2048 72 88 ) (-2048 152 88 ) 
4 858 881 (-2048 72 80 ) (-2048 152 80 ) (-2040 152 80 ) (-2040 72 80 ) 
4 858 877 (-2040 152 80 ) (-2024 152 80 ) (-2024 72 80 ) (-2040 72 80 ) 
4 858 876 (-2024 152 80 ) (-2008 152 80 ) (-2008 72 80 ) (-2024 72 80 ) 
4 859 1197 (-1024 0 80 ) (-1024 0 88 ) (-1648 0 88 ) (-1648 0 80 ) 
4 859 883 (-1024 0 80 ) (-1648 0 80 ) (-1648 72 80 ) (-1024 72 80 ) 
4 860 902 (-1024 304 -48 ) (-1024 144 -48 ) (-1648 144 -48 ) (-1648 304 -48 ) 
4 860 900 (-1024 340 -48 ) (-1024 304 -48 ) (-1648 304 -48 ) (-1648 340 -48 ) 
4 860 893 (-1024 420 -48 ) (-1024 340 -48 ) (-1648 340 -48 ) (-1648 420 -48 ) 
4 860 890 (-1664 456 -48 ) (-1664 544 -48 ) (-1648 544 -48 ) (-1648 456 -48 ) 
4 860 889 (-1024 544 -48 ) (-1024 420 -48 ) (-1648 420 -48 ) (-1648 544 -48 ) 
4 860 886 (-1024 736 -48 ) (-1024 544 -48 ) (-1664 544 -48 ) (-1664 736 -48 ) 
4 860 885 (-1664 1024 -48 ) (-1024 1024 -48 ) (-1024 736 -48 ) (-1664 736 -48 ) 
4 860 866 (-1664 144 -48 ) (-1024 144 -48 ) (-1024 144 72 ) (-1664 144 72 ) 
4 860 865 (-1024 144 72 ) (-1024 144 80 ) (-1664 144 80 ) (-1664 144 72 ) 
4 860 861 (-1664 1024 -48 ) (-1664 440 -48 ) (-1664 440 80 ) (-1664 1024 80 ) 
4 860 862 (-1664 424 -48 ) (-1664 144 -48 ) (-1664 144 80 ) (-1664 424 80 ) 
4 861 890 (-1664 544 -48 ) (-1664 456 -48 ) (-1680 456 -48 ) (-1680 544 -48 ) 
4 861 886 (-1664 736 -48 ) (-1664 544 -48 ) (-1680 544 -48 ) (-1680 736 -48 ) 
4 861 885 (-1680 1024 -48 ) (-1664 1024 -48 ) (-1664 736 -48 ) (-1680 736 -48 ) 
4 861 863 (-1680 1024 -48 ) (-1680 440 -48 ) (-1680 440 80 ) (-1680 1024 80 ) 
4 862 866 (-1680 144 -48 ) (-1664 144 -48 ) (-1664 144 72 ) (-1680 144 72 ) 
4 862 865 (-1664 144 72 ) (-1664 144 80 ) (-1680 144 80 ) (-1680 144 72 ) 
4 862 863 (-1680 424 -48 ) (-1680 144 -48 ) (-1680 144 80 ) (-1680 424 80 ) 
4 863 890 (-1680 544 -48 ) (-1680 456 -48 ) (-1800 456 -48 ) (-1800 544 -48 ) 
4 863 886 (-1680 736 -48 ) (-1680 544 -48 ) (-1800 544 -48 ) (-1800 736 -48 ) 
4 863 885 (-1800 1024 -48 ) (-1680 1024 -48 ) (-1680 736 -48 ) (-1800 736 -48 ) 
4 863 866 (-1800 144 -48 ) (-1680 144 -48 ) (-1680 144 72 ) (-1800 144 72 ) 
4 863 865 (-1680 144 72 ) (-1680 144 80 ) (-1800 144 80 ) (-1800 144 72 ) 
4 863 864 (-1800 1024 -48 ) (-1800 304 -48 ) (-1800 304 80 ) (-1800 1024 80 ) 
4 864 890 (-1800 544 -48 ) (-1800 456 -48 ) (-1808 456 -48 ) (-1808 544 -48 ) 
4 864 886 (-1800 736 -48 ) (-1800 544 -48 ) (-1808 544 -48 ) (-1808 736 -48 ) 
4 864 885 (-1808 1024 -48 ) (-1800 1024 -48 ) (-1800 736 -48 ) (-1808 736 -48 ) 
4 864 869 (-1808 1024 -48 ) (-1808 304 -48 ) (-1808 304 80 ) (-1808 1024 80 ) 
4 865 883 (-1024 72 72 ) (-1024 72 80 ) (-1800 72 80 ) (-1800 72 72 ) 
4 865 866 (-1024 72 72 ) (-1800 72 72 ) (-1800 144 72 ) (-1024 144 72 ) 
4 866 902 (-1024 144 -48 ) (-1024 72 -48 ) (-1648 72 -48 ) (-1648 144 -48 ) 
4 866 883 (-1800 72 -48 ) (-1024 72 -48 ) (-1024 72 72 ) (-1800 72 72 ) 
4 866 867 (-1802 136 64 ) (-1802 136 -48 ) (-1802 80 -48 ) (-1802 80 64 ) 
4 867 868 (-1806 136 64 ) (-1806 136 -48 ) (-1806 80 -48 ) (-1806 80 64 ) 
4 868 875 (-1808 144 -48 ) (-1808 72 -48 ) (-1808 72 72 ) (-1808 144 72 ) 
4 869 896 (-1920 340 -48 ) (-1936 340 -48 ) (-1936 420 -48 ) (-1920 420 -48 ) 
4 869 895 (-1904 340 -48 ) (-1920 340 -48 ) (-1920 420 -48 ) (-1904 420 -48 ) 
4 869 894 (-1888 340 -48 ) (-1904 340 -48 ) (-1904 420 -48 ) (-1888 420 -48 ) 
4 869 891 (-1936 456 -48 ) (-1936 544 -48 ) (-1888 544 -48 ) (-1888 456 -48 ) 
4 869 890 (-1808 544 -48 ) (-1808 456 -48 ) (-1888 456 -48 ) (-1888 544 -48 ) 
4 869 886 (-1808 736 -48 ) (-1808 544 -48 ) (-1936 544 -48 ) (-1936 736 -48 ) 
4 869 885 (-1936 1024 -48 ) (-1808 1024 -48 ) (-1808 736 -48 ) (-1936 736 -48 ) 
4 869 872 (-1936 320 -48 ) (-1936 304 -48 ) (-1936 304 80 ) (-1936 320 80 ) 
4 869 870 (-1936 1024 -48 ) (-1936 440 -48 ) (-1936 440 80 ) (-1936 1024 80 ) 
4 869 871 (-1936 424 -48 ) (-1936 336 -48 ) (-1936 336 80 ) (-1936 424 80 ) 
4 870 891 (-1936 544 -48 ) (-1936 456 -48 ) (-1952 456 -48 ) (-1952 544 -48 ) 
4 870 886 (-1936 736 -48 ) (-1936 544 -48 ) (-1952 544 -48 ) (-1952 736 -48 ) 
4 870 885 (-1952 1024 -48 ) (-1936 1024 -48 ) (-1936 736 -48 ) (-1952 736 -48 ) 
4 870 873 (-1952 1024 -48 ) (-1952 440 -48 ) (-1952 440 80 ) (-1952 1024 80 ) 
4 871 897 (-1936 420 -48 ) (-1936 340 -48 ) (-1952 340 -48 ) (-1952 420 -48 ) 
4 871 873 (-1952 424 -48 ) (-1952 336 -48 ) (-1952 336 80 ) (-1952 424 80 ) 
4 872 873 (-1952 320 -48 ) (-1952 304 -48 ) (-1952 304 80 ) (-1952 320 80 ) 
4 873 901 (-1968 304 -48 ) (-2040 304 -48 ) (-2040 340 -48 ) (-1968 340 -48 ) 
4 873 898 (-1952 420 -48 ) (-1952 340 -48 ) (-1968 340 -48 ) (-1968 420 -48 ) 
4 873 899 (-1968 340 -48 ) (-2040 340 -48 ) (-2040 420 -48 ) (-1968 420 -48 ) 
4 873 891 (-1952 544 -48 ) (-1952 456 -48 ) (-1968 456 -48 ) (-1968 544 -48 ) 
4 873 892 (-1968 420 -48 ) (-2040 420 -48 ) (-2040 544 -48 ) (-1968 544 -48 ) 
4 873 886 (-1952 736 -48 ) (-1952 544 -48 ) (-1984 544 -48 ) (-1984 736 -48 ) 
4 873 888 (-1984 544 -48 ) (-2040 544 -48 ) (-2040 736 -48 ) (-1984 736 -48 ) 
4 873 885 (-2040 1024 -48 ) (-1952 1024 -48 ) (-1952 736 -48 ) (-2040 736 -48 ) 
4 873 879 (-2040 1024 -48 ) (-2040 304 -48 ) (-2040 304 80 ) (-2040 1024 80 ) 
4 874 880 (-2040 296 -48 ) (-2040 152 -48 ) (-2040 152 80 ) (-2040 296 80 ) 
4 874 877 (-2040 152 80 ) (-2040 152 -24 ) (-2024 152 -24 ) (-2024 152 80 ) 
4 874 878 (-2040 152 -40 ) (-2040 152 -48 ) (-2024 152 -48 ) (-2024 152 -40 ) 
4 874 876 (-2008 152 -40 ) (-2008 152 80 ) (-2024 152 80 ) (-2024 152 -40 ) 
4 874 875 (-2008 152 -48 ) (-1808 152 -48 ) (-1808 152 80 ) (-2008 152 80 ) 
4 875 884 (-2008 72 -48 ) (-1808 72 -48 ) (-1808 72 80 ) (-2008 72 80 ) 
4 875 876 (-2008 152 80 ) (-2008 152 -40 ) (-2008 72 -40 ) (-2008 72 80 ) 
4 876 884 (-2008 72 -40 ) (-2008 72 80 ) (-2024 72 80 ) (-2024 72 -40 ) 
4 876 877 (-2024 152 80 ) (-2024 152 -24 ) (-2024 72 -24 ) (-2024 72 80 ) 
4 877 884 (-2024 72 -24 ) (-2024 72 80 ) (-2040 72 80 ) (-2040 72 -24 ) 
4 877 881 (-2040 72 -8 ) (-2040 72 80 ) (-2040 152 80 ) (-2040 152 -8 ) 
4 878 884 (-2040 72 -48 ) (-2024 72 -48 ) (-2024 72 -40 ) (-2040 72 -40 ) 
4 878 882 (-2040 152 -48 ) (-2040 72 -48 ) (-2040 72 -40 ) (-2040 152 -40 ) 
4 879 925 (-2048 1024 80 ) (-2048 1024 -48 ) (-2048 304 -48 ) (-2048 304 80 ) 
4 879 901 (-2048 304 -48 ) (-2048 340 -48 ) (-2040 340 -48 ) (-2040 304 -48 ) 
4 879 899 (-2048 340 -48 ) (-2048 420 -48 ) (-2040 420 -48 ) (-2040 340 -48 ) 
4 879 892 (-2048 420 -48 ) (-2048 544 -48 ) (-2040 544 -48 ) (-2040 420 -48 ) 
4 879 888 (-2048 544 -48 ) (-2048 736 -48 ) (-2040 736 -48 ) (-2040 544 -48 ) 
4 879 885 (-2048 736 -48 ) (-2048 1024 -48 ) (-2040 1024 -48 ) (-2040 736 -48 ) 
4 880 926 (-2048 296 -48 ) (-2048 152 -48 ) (-2048 152 80 ) (-2048 296 80 ) 
4 880 881 (-2040 152 -8 ) (-2040 152 80 ) (-2048 152 80 ) (-2048 152 -8 ) 
4 880 882 (-2048 152 -48 ) (-2040 152 -48 ) (-2040 152 -24 ) (-2048 152 -24 ) 
4 881 937 (-2048 72 -8 ) (-2048 72 80 ) (-2048 152 80 ) (-2048 152 -8 ) 
4 881 884 (-2040 72 -8 ) (-2040 72 80 ) (-2048 72 80 ) (-2048 72 -8 ) 
4 882 938 (-2048 152 -48 ) (-2048 72 -48 ) (-2048 72 -24 ) (-2048 152 -24 ) 
4 882 884 (-2048 72 -48 ) (-2040 72 -48 ) (-2040 72 -24 ) (-2048 72 -24 ) 
4 883 1199 (-1664 0 80 ) (-1680 0 80 ) (-1680 0 -48 ) (-1664 0 -48 ) 
4 883 1198 (-1024 0 -48 ) (-1024 0 80 ) (-1664 0 80 ) (-1664 0 -48 ) 
4 883 1201 (-1680 0 80 ) (-1800 0 80 ) (-1800 0 -48 ) (-1680 0 -48 ) 
4 883 908 (-1704 0 -48 ) (-1720 0 -48 ) (-1720 24 -48 ) (-1704 24 -48 ) 
4 883 907 (-1688 0 -48 ) (-1704 0 -48 ) (-1704 24 -48 ) (-1688 24 -48 ) 
4 883 906 (-1672 0 -48 ) (-1688 0 -48 ) (-1688 24 -48 ) (-1672 24 -48 ) 
4 883 905 (-1656 0 -48 ) (-1672 0 -48 ) (-1672 24 -48 ) (-1656 24 -48 ) 
4 883 904 (-1640 0 -48 ) (-1656 0 -48 ) (-1656 24 -48 ) (-1640 24 -48 ) 
4 883 903 (-1024 0 -48 ) (-1640 0 -48 ) (-1640 24 -48 ) (-1024 24 -48 ) 
4 883 902 (-1648 72 -48 ) (-1024 72 -48 ) (-1024 24 -48 ) (-1648 24 -48 ) 
4 884 1202 (-1808 0 80 ) (-2048 0 80 ) (-2048 0 -48 ) (-1808 0 -48 ) 
4 884 943 (-2048 72 -48 ) (-2048 0 -48 ) (-2048 0 80 ) (-2048 72 80 ) 
4 885 950 (-2048 1024 -48 ) (-2048 1024 -96 ) (-2048 736 -96 ) (-2048 736 -48 ) 
4 885 910 (-1024 864 -96 ) (-1024 736 -96 ) (-1088 736 -96 ) (-1088 864 -96 ) 
4 885 909 (-2048 1024 -96 ) (-1024 1024 -96 ) (-1024 864 -96 ) (-2048 864 -96 ) 
3 885 887 (-1728 736 -80 ) (-1984 736 -48 ) (-1984 736 -80 ) 
4 885 886 (-1600 736 -96 ) (-1024 736 -96 ) (-1024 736 -48 ) (-1984 736 -48 ) 
4 885 888 (-2048 736 -96 ) (-1984 736 -96 ) (-1984 736 -48 ) (-2048 736 -48 ) 
4 886 911 (-1024 736 -96 ) (-1024 544 -96 ) (-1088 544 -96 ) (-1088 736 -96 ) 
4 886 891 (-1888 544 -48 ) (-1968 544 -48 ) (-1968 544 -50 ) (-1888 544 -60 ) 
3 886 892 (-1968 544 -48 ) (-1984 544 -48 ) (-1968 544 -50 ) 
4 886 890 (-1648 544 -48 ) (-1888 544 -48 ) (-1888 544 -60 ) (-1648 544 -90 ) 
5 886 889 (-1600 544 -96 ) (-1024 544 -96 ) (-1024 544 -48 ) (-1648 544 -48 ) (-1648 544 -90 ) 
4 886 887 (-1728 544 -80 ) (-1984 544 -48 ) (-1984 736 -48 ) (-1727.998047 736 -80 ) 
4 887 891 (-1888 544 -60 ) (-1968 544 -50 ) (-1968 544 -80 ) (-1888 544 -80 ) 
4 887 892 (-1968 544 -50 ) (-1984 544 -48 ) (-1984 544 -80 ) (-1968 544 -80 ) 
3 887 890 (-1728 544 -80 ) (-1888 544 -60 ) (-1888 544 -80 ) 
4 887 888 (-1984 736 -48 ) (-1984 736 -80 ) (-1984 544 -80 ) (-1984 544 -48 ) 
4 888 950 (-2048 736 -96 ) (-2048 544 -96 ) (-2048 544 -48 ) (-2048 736 -48 ) 
4 888 892 (-2048 544 -96 ) (-1984 544 -96 ) (-1984 544 -48 ) (-2048 544 -48 ) 
4 889 912 (-1024 544 -96 ) (-1024 420 -96 ) (-1088 420 -96 ) (-1088 544 -96 ) 
4 889 893 (-1648 420 -96 ) (-1024 420 -96 ) (-1024 420 -48 ) (-1648 420 -48 ) 
4 889 890 (-1648 544 -48 ) (-1648 544 -96 ) (-1648 456 -96 ) (-1648 456 -48 ) 
4 890 891 (-1888 544 -48 ) (-1888 544 -96 ) (-1888 456 -96 ) (-1888 456 -48 ) 
4 891 892 (-1968 544 -48 ) (-1968 544 -96 ) (-1968 456 -96 ) (-1968 456 -48 ) 
4 892 950 (-2048 544 -96 ) (-2048 420 -96 ) (-2048 420 -48 ) (-2048 544 -48 ) 
4 892 899 (-2048 420 -96 ) (-1968 420 -96 ) (-1968 420 -48 ) (-2048 420 -48 ) 
4 893 912 (-1024 420 -96 ) (-1024 340 -96 ) (-1088 340 -96 ) (-1088 420 -96 ) 
4 893 900 (-1648 340 -96 ) (-1024 340 -96 ) (-1024 340 -48 ) (-1648 340 -48 ) 
4 894 895 (-1904 420 -48 ) (-1904 420 -56 ) (-1904 340 -56 ) (-1904 340 -48 ) 
4 895 896 (-1920 420 -48 ) (-1920 420 -64 ) (-1920 340 -64 ) (-1920 340 -48 ) 
4 896 897 (-1936 420 -48 ) (-1936 420 -72 ) (-1936 340 -72 ) (-1936 340 -48 ) 
4 897 898 (-1952 420 -48 ) (-1952 420 -80 ) (-1952 340 -80 ) (-1952 340 -48 ) 
4 898 899 (-1968 420 -48 ) (-1968 420 -88 ) (-1968 340 -88 ) (-1968 340 -48 ) 
4 899 950 (-2048 420 -96 ) (-2048 340 -96 ) (-2048 340 -48 ) (-2048 420 -48 ) 
4 899 901 (-2048 340 -96 ) (-1968 340 -96 ) (-1968 340 -48 ) (-2048 340 -48 ) 
4 900 912 (-1024 340 -96 ) (-1024 304 -96 ) (-1088 304 -96 ) (-1088 340 -96 ) 
4 900 902 (-1648 304 -96 ) (-1024 304 -96 ) (-1024 304 -48 ) (-1648 304 -48 ) 
4 901 950 (-2048 340 -96 ) (-2048 304 -96 ) (-2048 304 -48 ) (-2048 340 -48 ) 
4 902 912 (-1024 304 -96 ) (-1024 24 -96 ) (-1088 24 -96 ) (-1088 304 -96 ) 
4 902 904 (-1640 24 -88 ) (-1640 24 -48 ) (-1648 24 -48 ) (-1648 24 -88 ) 
4 902 903 (-1640 24 -96 ) (-1024 24 -96 ) (-1024 24 -48 ) (-1640 24 -48 ) 
4 903 1203 (-1024 0 -96 ) (-1024 0 -48 ) (-1640 0 -48 ) (-1640 0 -96 ) 
4 903 912 (-1024 24 -96 ) (-1024 0 -96 ) (-1088 0 -96 ) (-1088 24 -96 ) 
4 903 904 (-1640 24 -48 ) (-1640 24 -88 ) (-1640 0 -88 ) (-1640 0 -48 ) 
4 904 1204 (-1640 0 -48 ) (-1656 0 -48 ) (-1656 0 -88 ) (-1640 0 -88 ) 
4 904 905 (-1656 24 -48 ) (-1656 24 -80 ) (-1656 0 -80 ) (-1656 0 -48 ) 
4 905 1205 (-1656 0 -48 ) (-1672 0 -48 ) (-1672 0 -80 ) (-1656 0 -80 ) 
4 905 906 (-1672 24 -48 ) (-1672 24 -72 ) (-1672 0 -72 ) (-1672 0 -48 ) 
4 906 1206 (-1672 0 -48 ) (-1688 0 -48 ) (-1688 0 -72 ) (-1672 0 -72 ) 
4 906 907 (-1688 24 -48 ) (-1688 24 -64 ) (-1688 0 -64 ) (-1688 0 -48 ) 
4 907 1207 (-1688 0 -48 ) (-1704 0 -48 ) (-1704 0 -64 ) (-1688 0 -64 ) 
4 907 908 (-1704 24 -48 ) (-1704 24 -56 ) (-1704 0 -56 ) (-1704 0 -48 ) 
4 908 1208 (-1704 0 -48 ) (-1720 0 -48 ) (-1720 0 -56 ) (-1704 0 -56 ) 
4 909 953 (-2048 1024 -96 ) (-2048 1024 -160 ) (-2048 864 -160 ) (-2048 864 -96 ) 
4 909 913 (-2048 864 -160 ) (-2048 1024 -160 ) (-1024 1024 -160 ) (-1024 864 -160 ) 
4 909 910 (-1088 864 -160 ) (-1024 864 -160 ) (-1024 864 -96 ) (-1088 864 -96 ) 
4 910 913 (-1088 864 -160 ) (-1024 864 -160 ) (-1024 736 -160 ) (-1088 736 -160 ) 
4 910 911 (-1088 736 -160 ) (-1024 736 -160 ) (-1024 736 -96 ) (-1088 736 -96 ) 
4 911 913 (-1088 736 -160 ) (-1024 736 -160 ) (-1024 544 -160 ) (-1088 544 -160 ) 
4 911 912 (-1088 544 -160 ) (-1024 544 -160 ) (-1024 544 -96 ) (-1088 544 -96 ) 
4 912 1210 (-1024 0 -160 ) (-1024 0 -96 ) (-1088 0 -96 ) (-1088 0 -160 ) 
4 912 913 (-1024 0 -160 ) (-1088 0 -160 ) (-1088 544 -160 ) (-1024 544 -160 ) 
4 913 1211 (-1024 0 -1504 ) (-1024 0 -160 ) (-2048 0 -160 ) (-2048 0 -1504 ) 
4 913 955 (-2048 1024 -160 ) (-2048 1024 -1504 ) (-2048 0 -1504 ) (-2048 0 -160 ) 
4 914 1244 (-2152 0 2784 ) (-2160 0 2784 ) (-2160 0 344 ) (-2152 0 344 ) 
4 914 1243 (-2048 0 344 ) (-2048 0 2784 ) (-2152 0 2784 ) (-2152 0 344 ) 
4 914 1246 (-2160 0 2784 ) (-3072 0 2784 ) (-3072 0 344 ) (-2160 0 344 ) 
4 914 963 (-3072 0 344 ) (-3072 0 2784 ) (-3072 1024 2784 ) (-3072 1024 344 ) 
4 914 919 (-2048 296 344 ) (-2048 0 344 ) (-2152 0 344 ) (-2152 296 344 ) 
4 914 920 (-2160 0 344 ) (-3072 0 344 ) (-3072 296 344 ) (-2160 296 344 ) 
4 914 918 (-2160 296 344 ) (-3072 296 344 ) (-3072 304 344 ) (-2160 304 344 ) 
4 914 916 (-2048 400 344 ) (-2048 304 344 ) (-2072 304 344 ) (-2072 400 344 ) 
4 914 915 (-2048 1024 344 ) (-2048 400 344 ) (-2072 400 344 ) (-2072 1024 344 ) 
4 914 917 (-2072 304 344 ) (-3072 304 344 ) (-3072 1024 344 ) (-2072 1024 344 ) 
4 915 921 (-2072 1024 216 ) (-2048 1024 216 ) (-2048 400 216 ) (-2072 400 216 ) 
4 915 916 (-2072 400 344 ) (-2072 400 224 ) (-2048 400 224 ) (-2048 400 344 ) 
4 915 917 (-2072 1024 216 ) (-2072 400 216 ) (-2072 400 344 ) (-2072 1024 344 ) 
4 916 917 (-2072 304 248 ) (-2072 304 344 ) (-2072 400 344 ) (-2072 400 224 ) 
4 917 963 (-3072 304 344 ) (-3072 1024 344 ) (-3072 1024 216 ) (-3072 304 216 ) 
4 917 921 (-2160 1024 216 ) (-2072 1024 216 ) (-2072 304 216 ) (-2160 304 216 ) 
4 917 922 (-3072 304 216 ) (-3072 1024 216 ) (-2160 1024 216 ) (-2160 304 216 ) 
4 917 918 (-3072 304 216 ) (-2160 304 216 ) (-2160 304 344 ) (-3072 304 344 ) 
4 918 963 (-3072 296 344 ) (-3072 304 344 ) (-3072 304 216 ) (-3072 296 216 ) 
4 918 922 (-3072 296 216 ) (-3072 304 216 ) (-2160 304 216 ) (-2160 296 216 ) 
4 918 920 (-3072 296 216 ) (-2160 296 216 ) (-2160 296 344 ) (-3072 296 344 ) 
4 919 1243 (-2048 0 216 ) (-2048 0 344 ) (-2152 0 344 ) (-2152 0 216 ) 
4 919 923 (-2048 0 216 ) (-2152 0 216 ) (-2152 296 216 ) (-2048 296 216 ) 
4 920 1246 (-2160 0 344 ) (-3072 0 344 ) (-3072 0 216 ) (-2160 0 216 ) 
4 920 963 (-3072 0 216 ) (-3072 0 344 ) (-3072 296 344 ) (-3072 296 216 ) 
4 920 924 (-2160 0 216 ) (-3072 0 216 ) (-3072 296 216 ) (-2160 296 216 ) 
4 921 944 (-2152 304 88 ) (-2160 304 88 ) (-2160 1024 88 ) (-2152 1024 88 ) 
4 921 927 (-2072 304 88 ) (-2152 304 88 ) (-2152 1024 88 ) (-2072 1024 88 ) 
4 921 925 (-2048 1024 88 ) (-2048 304 88 ) (-2072 304 88 ) (-2072 1024 88 ) 
4 921 922 (-2160 1024 88 ) (-2160 304 88 ) (-2160 304 216 ) (-2160 1024 216 ) 
4 922 963 (-3072 296 216 ) (-3072 1024 216 ) (-3072 1024 88 ) (-3072 296 88 ) 
4 922 948 (-2272 296 88 ) (-2280 296 88 ) (-2280 1024 88 ) (-2272 1024 88 ) 
4 922 949 (-2280 296 88 ) (-3072 296 88 ) (-3072 1024 88 ) (-2280 1024 88 ) 
4 922 946 (-2160 296 88 ) (-2272 296 88 ) (-2272 1024 88 ) (-2160 1024 88 ) 
4 922 924 (-3072 296 88 ) (-2160 296 88 ) (-2160 296 216 ) (-3072 296 216 ) 
4 923 1247 (-2048 0 88 ) (-2048 0 216 ) (-2152 0 216 ) (-2152 0 88 ) 
4 923 941 (-2072 72 88 ) (-2152 72 88 ) (-2152 152 88 ) (-2072 152 88 ) 
4 923 939 (-2056 72 88 ) (-2072 72 88 ) (-2072 152 88 ) (-2056 152 88 ) 
4 923 937 (-2048 152 88 ) (-2048 72 88 ) (-2056 72 88 ) (-2056 152 88 ) 
4 923 935 (-2072 152 88 ) (-2152 152 88 ) (-2152 168 88 ) (-2072 168 88 ) 
4 923 933 (-2152 168 88 ) (-2152 184 88 ) (-2072 184 88 ) (-2072 168 88 ) 
4 923 931 (-2152 184 88 ) (-2152 200 88 ) (-2072 200 88 ) (-2072 184 88 ) 
4 923 929 (-2152 200 88 ) (-2152 216 88 ) (-2072 216 88 ) (-2072 200 88 ) 
4 924 1248 (-2160 0 216 ) (-3072 0 216 ) (-3072 0 88 ) (-2160 0 88 ) 
4 924 963 (-3072 0 88 ) (-3072 0 216 ) (-3072 296 216 ) (-3072 296 88 ) 
4 924 948 (-2280 80 88 ) (-2280 296 88 ) (-2272 296 88 ) (-2272 80 88 ) 
4 924 949 (-2280 0 88 ) (-3072 0 88 ) (-3072 296 88 ) (-2280 296 88 ) 
4 924 946 (-2272 80 88 ) (-2272 296 88 ) (-2160 296 88 ) (-2160 80 88 ) 
4 924 947 (-2160 0 88 ) (-2272 0 88 ) (-2272 72 88 ) (-2160 72 88 ) 
4 925 950 (-2072 1024 -48 ) (-2048 1024 -48 ) (-2048 304 -48 ) (-2072 304 -48 ) 
4 925 927 (-2072 1024 -48 ) (-2072 304 -48 ) (-2072 304 88 ) (-2072 1024 88 ) 
4 926 939 (-2056 152 8 ) (-2056 152 80 ) (-2072 152 80 ) (-2072 152 8 ) 
4 926 940 (-2072 152 -48 ) (-2056 152 -48 ) (-2056 152 -8 ) (-2072 152 -8 ) 
4 926 937 (-2048 152 -8 ) (-2048 152 80 ) (-2056 152 80 ) (-2056 152 -8 ) 
4 926 938 (-2056 152 -48 ) (-2048 152 -48 ) (-2048 152 -24 ) (-2056 152 -24 ) 
4 926 935 (-2072 152 32 ) (-2072 152 80 ) (-2072 168 80 ) (-2072 168 32 ) 
4 926 936 (-2072 168 -48 ) (-2072 152 -48 ) (-2072 152 16 ) (-2072 168 16 ) 
4 926 933 (-2072 168 48 ) (-2072 168 80 ) (-2072 184 80 ) (-2072 184 48 ) 
4 926 934 (-2072 184 -48 ) (-2072 168 -48 ) (-2072 168 32 ) (-2072 184 32 ) 
4 926 931 (-2072 184 64 ) (-2072 184 80 ) (-2072 200 80 ) (-2072 200 64 ) 
4 926 932 (-2072 200 -48 ) (-2072 184 -48 ) (-2072 184 48 ) (-2072 200 48 ) 
4 926 930 (-2072 216 -48 ) (-2072 200 -48 ) (-2072 200 64 ) (-2072 216 64 ) 
4 926 928 (-2072 296 -48 ) (-2072 216 -48 ) (-2072 216 80 ) (-2072 296 80 ) 
4 927 950 (-2152 304 -48 ) (-2152 1024 -48 ) (-2072 1024 -48 ) (-2072 304 -48 ) 
4 927 944 (-2152 1024 -48 ) (-2152 304 -48 ) (-2152 304 88 ) (-2152 1024 88 ) 
4 928 930 (-2152 216 64 ) (-2152 216 -48 ) (-2072 216 -48 ) (-2072 216 64 ) 
4 929 931 (-2152 200 88 ) (-2152 200 80 ) (-2072 200 80 ) (-2072 200 88 ) 
4 930 932 (-2152 200 48 ) (-2152 200 -48 ) (-2072 200 -48 ) (-2072 200 48 ) 
4 931 933 (-2152 184 88 ) (-2152 184 64 ) (-2072 184 64 ) (-2072 184 88 ) 
4 932 934 (-2152 184 32 ) (-2152 184 -48 ) (-2072 184 -48 ) (-2072 184 32 ) 
4 933 935 (-2152 168 88 ) (-2152 168 48 ) (-2072 168 48 ) (-2072 168 88 ) 
4 934 936 (-2152 168 16 ) (-2152 168 -48 ) (-2072 168 -48 ) (-2072 168 16 ) 
4 935 941 (-2152 152 88 ) (-2152 152 32 ) (-2072 152 32 ) (-2072 152 88 ) 
4 936 942 (-2152 152 8 ) (-2152 152 -48 ) (-2072 152 -48 ) (-2072 152 8 ) 
4 937 943 (-2048 72 -8 ) (-2048 72 80 ) (-2056 72 80 ) (-2056 72 -8 ) 
4 937 939 (-2056 152 88 ) (-2056 152 8 ) (-2056 72 8 ) (-2056 72 88 ) 
4 938 943 (-2056 72 -48 ) (-2048 72 -48 ) (-2048 72 -24 ) (-2056 72 -24 ) 
4 938 940 (-2056 152 -24 ) (-2056 152 -48 ) (-2056 72 -48 ) (-2056 72 -24 ) 
4 939 943 (-2056 72 8 ) (-2056 72 80 ) (-2072 72 80 ) (-2072 72 8 ) 
4 939 941 (-2072 152 88 ) (-2072 152 16 ) (-2072 72 16 ) (-2072 72 88 ) 
4 940 943 (-2072 72 -48 ) (-2056 72 -48 ) (-2056 72 -8 ) (-2072 72 -8 ) 
4 940 942 (-2072 152 -8 ) (-2072 152 -48 ) (-2072 72 -48 ) (-2072 72 -8 ) 
4 941 943 (-2152 72 80 ) (-2152 72 16 ) (-2072 72 16 ) (-2072 72 80 ) 
4 942 943 (-2152 72 8 ) (-2152 72 -48 ) (-2072 72 -48 ) (-2072 72 8 ) 
4 943 1251 (-2048 0 -48 ) (-2048 0 80 ) (-2152 0 80 ) (-2152 0 -48 ) 
4 943 945 (-2152 48 -48 ) (-2152 0 -48 ) (-2152 0 72 ) (-2152 48 72 ) 
4 944 950 (-2160 304 -48 ) (-2160 1024 -48 ) (-2152 1024 -48 ) (-2152 304 -48 ) 
4 944 946 (-2160 1024 -48 ) (-2160 304 -48 ) (-2160 304 88 ) (-2160 1024 88 ) 
4 945 1252 (-2160 0 72 ) (-2160 0 -48 ) (-2152 0 -48 ) (-2152 0 72 ) 
4 945 947 (-2160 48 -48 ) (-2160 0 -48 ) (-2160 0 72 ) (-2160 48 72 ) 
4 946 951 (-2272 80 -48 ) (-2272 1024 -48 ) (-2160 1024 -48 ) (-2160 80 -48 ) 
4 946 948 (-2272 1024 -48 ) (-2272 80 -48 ) (-2272 80 88 ) (-2272 1024 88 ) 
4 947 1259 (-2252 0 88 ) (-2272 0 88 ) (-2272 0 -48 ) (-2252 0 -48 ) 
4 947 1256 (-2252 0 72 ) (-2252 0 -48 ) (-2180 0 -48 ) (-2180 0 72 ) 
4 947 1255 (-2180 0 88 ) (-2252 0 88 ) (-2252 0 72 ) (-2180 0 72 ) 
4 947 1253 (-2160 0 88 ) (-2180 0 88 ) (-2180 0 -48 ) (-2160 0 -48 ) 
4 948 952 (-2280 80 -48 ) (-2280 1024 -48 ) (-2272 1024 -48 ) (-2272 80 -48 ) 
4 948 949 (-2280 1024 -48 ) (-2280 80 -48 ) (-2280 80 88 ) (-2280 1024 88 ) 
4 949 1260 (-2280 0 88 ) (-3072 0 88 ) (-3072 0 -48 ) (-2280 0 -48 ) 
4 949 963 (-3072 0 -48 ) (-3072 0 88 ) (-3072 1024 88 ) (-3072 1024 -48 ) 
4 949 952 (-2280 0 -48 ) (-3072 0 -48 ) (-3072 1024 -48 ) (-2280 1024 -48 ) 
4 950 953 (-2048 1024 -96 ) (-2048 864 -96 ) (-2160 864 -96 ) (-2160 1024 -96 ) 
4 950 951 (-2160 1024 -96 ) (-2160 304 -96 ) (-2160 304 -48 ) (-2160 1024 -48 ) 
4 951 953 (-2240 1024 -96 ) (-2160 1024 -96 ) (-2160 864 -96 ) (-2240 864 -96 ) 
4 951 954 (-2272 72 -96 ) (-2272 1024 -96 ) (-2240 1024 -96 ) (-2240 72 -96 ) 
4 951 952 (-2272 1024 -96 ) (-2272 72 -96 ) (-2272 72 -48 ) (-2272 1024 -48 ) 
4 952 1279 (-2272 0 -48 ) (-3072 0 -48 ) (-3072 0 -96 ) (-2272 0 -96 ) 
4 952 963 (-3072 0 -96 ) (-3072 0 -48 ) (-3072 1024 -48 ) (-3072 1024 -96 ) 
4 952 954 (-2272 0 -96 ) (-3072 0 -96 ) (-3072 1024 -96 ) (-2272 1024 -96 ) 
4 953 955 (-2240 864 -160 ) (-2240 1024 -160 ) (-2048 1024 -160 ) (-2048 864 -160 ) 
4 953 954 (-2240 1024 -160 ) (-2240 864 -160 ) (-2240 864 -96 ) (-2240 1024 -96 ) 
4 954 1281 (-2240 0 -96 ) (-3072 0 -96 ) (-3072 0 -160 ) (-2240 0 -160 ) 
4 954 963 (-3072 0 -160 ) (-3072 0 -96 ) (-3072 1024 -96 ) (-3072 1024 -160 ) 
4 954 955 (-2240 0 -160 ) (-3072 0 -160 ) (-3072 1024 -160 ) (-2240 1024 -160 ) 
4 955 1282 (-2048 0 -1504 ) (-2048 0 -160 ) (-3072 0 -160 ) (-3072 0 -1504 ) 
4 955 963 (-3072 0 -1504 ) (-3072 0 -160 ) (-3072 1024 -160 ) (-3072 1024 -1504 ) 
4 956 959 (-4096 4096 2784 ) (-4096 4096 -1504 ) (-4096 4000 -1504 ) (-4096 4000 2784 ) 
4 957 960 (-4096 3552 -1504 ) (-4096 3072 -1504 ) (-4096 3072 2784 ) (-4096 3552 2784 ) 
4 957 958 (-3072 3072 -1504 ) (-3072 3072 2784 ) (-4096 3072 2784 ) (-4096 3072 -1504 ) 
4 958 962 (-3072 2048 -1504 ) (-3072 2048 2784 ) (-4096 2048 2784 ) (-4096 2048 -1504 ) 
4 958 961 (-4096 2048 -1504 ) (-4096 2048 2784 ) (-4096 3072 2784 ) (-4096 3072 -1504 ) 
4 960 961 (-4096 3072 -1504 ) (-4096 3072 2784 ) (-4320 3072 2784 ) (-4320 3072 -1504 ) 
4 961 964 (-4096 2048 -1504 ) (-4096 2048 2784 ) (-4320 2048 2784 ) (-4320 2048 -1504 ) 
4 962 964 (-4096 2048 2784 ) (-4096 2048 -1504 ) (-4096 1024 -1504 ) (-4096 1024 2784 ) 
4 962 963 (-3072 1024 -1504 ) (-3072 1024 2784 ) (-4096 1024 2784 ) (-4096 1024 -1504 ) 
4 963 1302 (-3072 0 -1504 ) (-3072 0 2784 ) (-4096 0 2784 ) (-4096 0 -1504 ) 
4 963 965 (-4096 0 -1504 ) (-4096 0 2784 ) (-4096 1024 2784 ) (-4096 1024 -1504 ) 
4 964 965 (-4096 1024 -1504 ) (-4096 1024 2784 ) (-4320 1024 2784 ) (-4320 1024 -1504 ) 
4 965 1304 (-4096 0 -1504 ) (-4096 0 2784 ) (-4320 0 2784 ) (-4320 0 -1504 ) 
3 966 982 (0 -192 480 ) (0 -192 1282.669922 ) (-688.002747 -192 480 ) 
4 966 976 (-688.003967 -192 480 ) (0 -192 1282.671875 ) (0 -80 1282.671875 ) (-688.003906 -80 480 ) 
4 966 973 (0 -80 1282.671875 ) (0 0 1282.671875 ) (-688.003906 0 480 ) (-688.003906 -80 480 ) 
4 966 967 (0 -192 480 ) (-288 -192 480 ) (-288 0 480 ) (0 0 480 ) 
4 967 984 (0 -192 472 ) (0 -192 480 ) (-288 -192 480 ) (-281.142883 -192 472 ) 
4 967 969 (0 -192 472 ) (-281.142883 -192 472 ) (-281.142883 0 472 ) (0 0 472 ) 
3 968 978 (-688.003967 -144 480 ) (-694.861084 -137.141846 472 ) (-694.861084 -144 472 ) 
3 968 970 (-694.859375 -144 472 ) (-694.859375 -137.143570 472 ) (-688.002808 -144 472 ) 
4 969 987 (-240 0 424 ) (0 0 424 ) (0 -192 424 ) (-240 -192 424 ) 
4 969 984 (-240 -192 424 ) (0 -192 424 ) (0 -192 472 ) (-281.142883 -192 472 ) 
4 970 992 (-736.002747 0 424 ) (-728 0 424 ) (-728 -144 424 ) (-736.002747 -135.997223 424 ) 
4 970 991 (-728 0 424 ) (-576 0 424 ) (-576 -144 424 ) (-728 -144 424 ) 
4 970 988 (-576 0 424 ) (-248 0 424 ) (-248 -144 424 ) (-576 -144 424 ) 
4 970 978 (-736.003906 -96 424 ) (-736.003906 -144 424 ) (-694.861084 -144 472 ) (-694.861084 -137.141846 472 ) 
4 970 977 (-736.003906 -80 424 ) (-736.003906 -96 424 ) (-694.861084 -137.141846 472 ) (-694.861084 -80 472 ) 
4 970 975 (-736.003906 0 424 ) (-736.003906 -80 424 ) (-694.861084 -80 472 ) (-694.861023 0 472 ) 
4 970 971 (-248.003906 -144 424 ) (-288.003906 -144 472 ) (-688.006470 -144 472 ) (-728.006470 -144 424 ) 
4 971 991 (-576 -192 424 ) (-728.006470 -192 424 ) (-728.006531 -144 424 ) (-576 -144 424 ) 
4 971 988 (-248 -144 424 ) (-248 -192 424 ) (-576 -192 424 ) (-576 -144 424 ) 
4 971 985 (-728.006531 -192 424 ) (-288 -192 424 ) (-288 -192 472 ) (-688.006470 -192 472 ) 
3 971 983 (-288 -192 424 ) (-248 -192 424 ) (-288 -192 470.665985 ) 
4 972 1194 (-1024 0 2784 ) (-1024 0 472 ) (-1024 -80 472 ) (-1024 -80 2784 ) 
4 972 979 (-1024 -80 480 ) (-1024 -80 472 ) (-766.666748 -80 472 ) (-760 -80 480 ) 
5 972 976 (0 -80 1357.333252 ) (0 -80 2784 ) (-1024 -80 2784 ) (-1024 -80 480 ) (-752 -80 480 ) 
4 972 974 (-758.857056 -80 472 ) (-1024 -80 472 ) (-1024 0 472 ) (-758.857056 0 472 ) 
4 972 973 (0 -80 1357.335571 ) (-752.002197 -80 480 ) (-752.002258 0 480 ) (0 0 1357.335693 ) 
4 973 976 (-688 -80 480 ) (0 -80 1282.667358 ) (0 -80 1357.333252 ) (-752 -80 480 ) 
4 974 1194 (-1024 0 472 ) (-1024 0 424 ) (-1024 -80 424 ) (-1024 -80 472 ) 
4 974 995 (-1024 -80 424 ) (-1024 0 424 ) (-800 0 424 ) (-800 -80 424 ) 
3 974 980 (-806.666626 -80 424 ) (-800 -80 424 ) (-800 -80 432 ) 
4 974 979 (-1024 -80 424 ) (-806.666626 -80 424 ) (-766.666626 -80 472 ) (-1024 -80 472 ) 
4 975 994 (-792 0 424 ) (-736.002747 0 424 ) (-736.002747 -80 424 ) (-792 -80 424 ) 
3 975 978 (-792 -80 424 ) (-752.003967 -80 424 ) (-752.003967 -80 471.995331 ) 
5 975 977 (-752.003967 -80 424 ) (-736 -80 424 ) (-694.857178 -80 472 ) (-752 -80 472 ) (-752.003967 -80 471.995331 ) 
4 976 1220 (-1024 -192 480 ) (-1024 -192 2784 ) (-1024 -104 2784 ) (-1024 -104 480 ) 
4 976 1212 (-1024 -104 2784 ) (-1024 -96 2784 ) (-1024 -96 480 ) (-1024 -104 480 ) 
4 976 1194 (-1024 -96 2784 ) (-1024 -80 2784 ) (-1024 -80 480 ) (-1024 -96 480 ) 
5 976 982 (-688.002747 -192 480 ) (0 -192 1282.669922 ) (0 -192 2784 ) (-1024 -192 2784 ) (-1024 -192 480 ) 
4 976 979 (-1024 -80 480 ) (-760 -80 480 ) (-696 -144 480 ) (-1024 -144 480 ) 
4 976 981 (-688.003906 -144 480 ) (-688.003906 -192 480 ) (-1024 -192 480 ) (-1024 -144 480 ) 
3 977 994 (-752.003906 -80 424 ) (-736.002747 -80 424 ) (-736.002747 -96 424 ) 
4 977 978 (-752.007812 -80 472 ) (-752.007812 -80 424 ) (-736.002075 -96.005737 424 ) (-694.857422 -137.150375 472 ) 
4 978 994 (-792 -80 424 ) (-752.003906 -80 424 ) (-736.002747 -96 424 ) (-736.002747 -135.997253 424 ) 
4 979 1220 (-1024 -104 424 ) (-1024 -144 424 ) (-1024 -144 480 ) (-1024 -104 480 ) 
4 979 1212 (-1024 -96 424 ) (-1024 -104 424 ) (-1024 -104 480 ) (-1024 -96 480 ) 
4 979 1194 (-1024 -80 424 ) (-1024 -96 424 ) (-1024 -96 480 ) (-1024 -80 480 ) 
3 979 993 (-744 -144 424 ) (-800 -144 424 ) (-800 -88 424 ) 
5 979 995 (-1024 -144 424 ) (-1024 -80 424 ) (-806.666626 -80 424 ) (-800 -86.666641 424 ) (-800 -144 424 ) 
4 979 980 (-736 -144 431.998077 ) (-742.665100 -144 424 ) (-806.666687 -80 424 ) (-800 -80 432 ) 
4 979 981 (-1024 -144 424 ) (-742.666687 -144 424 ) (-696 -144 480 ) (-1024 -144 480 ) 
3 980 995 (-806.666626 -80 424 ) (-800 -80 424 ) (-800 -86.666641 424 ) 
4 980 981 (-742.666687 -144 424 ) (-736.003906 -144 424 ) (-736 -144 424.004517 ) (-736 -144 432 ) 
4 981 1220 (-1024 -144 424 ) (-1024 -192 424 ) (-1024 -192 480 ) (-1024 -144 480 ) 
5 981 993 (-800 -144 424 ) (-744 -144 424 ) (-736.002747 -151.997238 424 ) (-736.002747 -192 424 ) (-800 -192 424 ) 
4 981 995 (-1024 -192 424 ) (-1024 -144 424 ) (-800 -144 424 ) (-800 -192 424 ) 
4 981 986 (-1024 -192 424 ) (-736.002747 -192 424 ) (-688.002747 -192 480 ) (-1024 -192 480 ) 
5 982 1220 (-1024 -240 424 ) (-1024 -1024 424 ) (-1024 -1024 2784 ) (-1024 -192 2784 ) (-1024 -192 480 ) 
4 982 1182 (0 -1024 424 ) (0 -1024 2784 ) (-1024 -1024 2784 ) (-1024 -1024 424 ) 
4 982 999 (-736 -240 424 ) (-280 -240 424 ) (-280 -480 424 ) (-736 -480 424 ) 
4 982 1000 (-280 -480 424 ) (-280 -1024 424 ) (-736 -1024 424 ) (-736 -480 424 ) 
4 982 998 (-280 -240 424 ) (0 -240 424 ) (0 -1024 424 ) (-280 -1024 424 ) 
4 982 1001 (-1024 -1024 424 ) (-1024 -240 424 ) (-736 -240 424 ) (-736 -1024 424 ) 
4 982 986 (-736.002808 -240 424 ) (-1024 -240 424 ) (-1024 -192 480 ) (-688.002747 -192 480 ) 
4 982 984 (0 -240 424 ) (-240 -240 424 ) (-288 -192 480 ) (0 -192 480 ) 
4 983 988 (-288 -192 424 ) (-248 -192 424 ) (-248 -232 424 ) (-288 -232 424 ) 
3 983 985 (-288 -192 470.666626 ) (-288 -192 424 ) (-288 -232 424 ) 
4 984 996 (0 -232 424 ) (0 -240 424 ) (-240 -240 424 ) (-240 -232 424 ) 
4 984 987 (-240 -192 424 ) (0 -192 424 ) (0 -232 424 ) (-240 -232 424 ) 
4 985 991 (-728.006531 -192 424 ) (-576 -192 424 ) (-576 -232 424 ) (-728.006470 -232 424 ) 
4 985 988 (-576 -192 424 ) (-288 -192 424 ) (-288 -232 424 ) (-576 -232 424 ) 
3 986 1220 (-1024 -192 424 ) (-1024 -240 424 ) (-1024 -192 480 ) 
4 986 997 (-1024 -240 424 ) (-1024 -232 424 ) (-736.002808 -232 424 ) (-736.002808 -240 424 ) 
4 986 993 (-800 -192 424 ) (-736.002747 -192 424 ) (-736.002808 -232 424 ) (-800 -232 424 ) 
4 986 995 (-1024 -232 424 ) (-1024 -192 424 ) (-800 -192 424 ) (-800 -232 424 ) 
4 987 996 (0 -232 400 ) (0 -232 424 ) (-240 -232 424 ) (-240 -232 400 ) 
4 987 989 (0 -232 400 ) (-240 -232 400 ) (-240 0 400 ) (0 0 400 ) 
4 988 991 (-576 -232 408 ) (-576 -232 424 ) (-576 0 424 ) (-576 0 408 ) 
4 989 1002 (-240 0 360 ) (0 0 360 ) (0 -232 360 ) (-240 -232 360 ) 
4 989 996 (-240 -232 360 ) (0 -232 360 ) (0 -232 400 ) (-240 -232 400 ) 
4 990 1013 (-248 -192 360 ) (-248 -232 360 ) (-568 -232 360 ) (-568 -192 360 ) 
4 990 1008 (-248 -120 360 ) (-248 -192 360 ) (-568 -192 360 ) (-568 -120 360 ) 
4 990 1006 (-568 0 360 ) (-248 0 360 ) (-248 -120 360 ) (-568 -120 360 ) 
4 991 1014 (-576 -192 360 ) (-576 -232 360 ) (-728 -232 360 ) (-728 -192 360 ) 
4 991 1012 (-576 -120 360 ) (-576 -192 360 ) (-728 -192 360 ) (-728 -120 360 ) 
4 991 1007 (-728 0 360 ) (-576 0 360 ) (-576 -120 360 ) (-728 -120 360 ) 
4 991 992 (-728 0 360 ) (-728 -144 360 ) (-728 -144 424 ) (-728 0 424 ) 
4 992 1025 (-728 -73 360 ) (-728 -144 360 ) (-736 -136 360 ) (-736 -73 360 ) 
4 992 1017 (-736 0 360 ) (-728 0 360 ) (-728 -73 360 ) (-736 -73 360 ) 
4 992 994 (-736 0 360 ) (-736 -136 360 ) (-736 -136 424 ) (-736 0 424 ) 
5 993 1024 (-736 -152 360 ) (-736 -232 360 ) (-800 -232 360 ) (-800 -160 360 ) (-764 -124 360 ) 
3 993 1023 (-800 -96 360 ) (-800 -88 360 ) (-796 -92 360 ) 
4 993 1020 (-800 -160 360 ) (-800 -96 360 ) (-796 -92 360 ) (-764 -124 360 ) 
4 993 997 (-800 -232 360 ) (-736 -232 360 ) (-736 -232 424 ) (-800 -232 424 ) 
4 993 995 (-800 -88 360 ) (-800 -232 360 ) (-800 -232 424 ) (-800 -88 424 ) 
4 994 1025 (-736 -73 360 ) (-736 -136 360 ) (-792 -80 360 ) (-792 -73 360 ) 
4 994 1017 (-792 0 360 ) (-736 0 360 ) (-736 -73 360 ) (-792 -73 360 ) 
4 995 1220 (-1024 -104 360 ) (-1024 -232 360 ) (-1024 -232 424 ) (-1024 -104 424 ) 
4 995 1212 (-1024 -96 360 ) (-1024 -104 360 ) (-1024 -104 424 ) (-1024 -96 424 ) 
4 995 1194 (-1024 0 424 ) (-1024 0 360 ) (-1024 -96 360 ) (-1024 -96 424 ) 
4 995 1026 (-1024 -232 360 ) (-1024 0 360 ) (-800 0 360 ) (-800 -232 360 ) 
4 995 997 (-1024 -232 360 ) (-800 -232 360 ) (-800 -232 424 ) (-1024 -232 424 ) 
4 996 1002 (-240 -232 360 ) (0 -232 360 ) (0 -240 360 ) (-240 -240 360 ) 
4 996 998 (-240 -240 360 ) (0 -240 360 ) (0 -240 424 ) (-240 -240 424 ) 
4 997 1220 (-1024 -232 360 ) (-1024 -240 360 ) (-1024 -240 424 ) (-1024 -232 424 ) 
4 997 1034 (-1024 -240 360 ) (-1024 -232 360 ) (-736 -232 360 ) (-736 -240 360 ) 
4 997 1001 (-1024 -240 360 ) (-736 -240 360 ) (-736 -240 424 ) (-1024 -240 424 ) 
4 998 1182 (0 -1024 360 ) (0 -1024 424 ) (-280 -1024 424 ) (-280 -1024 360 ) 
4 998 1055 (-280 -472 360 ) (-280 -464 360 ) (0 -464 360 ) (0 -472 360 ) 
4 998 1058 (0 -1024 360 ) (-280 -1024 360 ) (-280 -472 360 ) (0 -472 360 ) 
4 998 1037 (-280 -464 360 ) (-280 -240 360 ) (0 -240 360 ) (0 -464 360 ) 
4 998 999 (-280 -240 424 ) (-280 -240 368 ) (-280 -480 368 ) (-280 -480 424 ) 
4 998 1000 (-280 -480 360 ) (-280 -1024 360 ) (-280 -1024 424 ) (-280 -480 424 ) 
4 999 1000 (-736 -480 424 ) (-736 -480 368 ) (-280 -480 368 ) (-280 -480 424 ) 
4 999 1001 (-736 -240 424 ) (-736 -240 368 ) (-736 -480 368 ) (-736 -480 424 ) 
4 1000 1182 (-280 -1024 424 ) (-736 -1024 424 ) (-736 -1024 360 ) (-280 -1024 360 ) 
4 1000 1058 (-280 -1024 360 ) (-736 -1024 360 ) (-736 -480 360 ) (-280 -480 360 ) 
4 1000 1001 (-736 -480 360 ) (-736 -1024 360 ) (-736 -1024 424 ) (-736 -480 424 ) 
4 1001 1220 (-1024 -240 360 ) (-1024 -1024 360 ) (-1024 -1024 424 ) (-1024 -240 424 ) 
4 1001 1182 (-736 -1024 424 ) (-1024 -1024 424 ) (-1024 -1024 360 ) (-736 -1024 360 ) 
4 1001 1057 (-1024 -472 360 ) (-1024 -464 360 ) (-736 -464 360 ) (-736 -472 360 ) 
4 1001 1058 (-736 -1024 360 ) (-1024 -1024 360 ) (-1024 -472 360 ) (-736 -472 360 ) 
4 1001 1054 (-1024 -464 360 ) (-1024 -240 360 ) (-736 -240 360 ) (-736 -464 360 ) 
4 1002 1059 (-240 0 224 ) (0 0 224 ) (0 -240 224 ) (-240 -240 224 ) 
4 1002 1051 (-240 -240 224 ) (0 -240 224 ) (0 -240 232 ) (-240 -240 232 ) 
4 1002 1037 (0 -240 232 ) (0 -240 360 ) (-240 -240 360 ) (-240 -240 232 ) 
4 1002 1004 (-240 -108 352 ) (-240 -60 352 ) (-240 -60 264 ) (-240 -108 264 ) 
4 1002 1005 (-240 -176 352 ) (-240 -128 352 ) (-240 -128 264 ) (-240 -176 264 ) 
4 1002 1003 (-240 -36 352 ) (-240 0 352 ) (-240 0 264 ) (-240 -36 264 ) 
4 1003 1006 (-248 -36 352 ) (-248 0 352 ) (-248 0 264 ) (-248 -36 264 ) 
4 1004 1006 (-248 -108 352 ) (-248 -60 352 ) (-248 -60 264 ) (-248 -108 264 ) 
4 1005 1008 (-248 -176 352 ) (-248 -128 352 ) (-248 -128 264 ) (-248 -176 264 ) 
4 1006 1016 (-560 0 232 ) (-480 0 232 ) (-480 -80 232 ) (-560 -80 232 ) 
4 1006 1015 (-480 0 232 ) (-416 0 232 ) (-416 -32 232 ) (-480 -32 232 ) 
4 1006 1008 (-568 -120 232 ) (-248 -120 232 ) (-248 -120 360 ) (-568 -120 360 ) 
4 1007 1025 (-728 -120 360 ) (-728 -73 360 ) (-728 -73 232 ) (-728 -120 232 ) 
4 1007 1017 (-728 -73 360 ) (-728 0 360 ) (-728 0 232 ) (-728 -73 232 ) 
4 1007 1012 (-728 -120 360 ) (-728 -120 232 ) (-576 -120 232 ) (-576 -120 360 ) 
4 1008 1013 (-568 -192 232 ) (-248 -192 232 ) (-248 -192 360 ) (-568 -192 360 ) 
4 1008 1009 (-568 -120 352 ) (-568 -120 232 ) (-568 -192 232 ) (-568 -192 352 ) 
4 1009 1010 (-570 -128 232 ) (-570 -184 232 ) (-570 -184 344.010010 ) (-570 -128 344.010010 ) 
4 1010 1011 (-574 -128 232 ) (-574 -184 232 ) (-574 -184 344.010010 ) (-574 -128 344.010010 ) 
4 1011 1012 (-576 -120 352 ) (-576 -120 232 ) (-576 -192 232 ) (-576 -192 352 ) 
4 1012 1025 (-728 -144 360 ) (-728 -120 360 ) (-728 -120 232 ) (-728 -144 232 ) 
4 1012 1014 (-728 -192 360 ) (-728 -192 232 ) (-576 -192 232 ) (-576 -192 360 ) 
4 1013 1027 (-368 -232 352 ) (-368 -232 232 ) (-296 -232 232 ) (-296 -232 352 ) 
4 1014 1031 (-688 -232 352 ) (-688 -232 232 ) (-616 -232 232 ) (-616 -232 352 ) 
4 1015 1088 (-480 0 224 ) (-464 0 224 ) (-464 -32 224 ) (-480 -32 224 ) 
4 1015 1086 (-464 0 224 ) (-448 0 224 ) (-448 -32 224 ) (-464 -32 224 ) 
4 1015 1084 (-448 0 224 ) (-432 0 224 ) (-432 -32 224 ) (-448 -32 224 ) 
4 1015 1083 (-432 0 224 ) (-416 0 224 ) (-416 -32 224 ) (-432 -32 224 ) 
4 1015 1016 (-480 0 224 ) (-480 -32 224 ) (-480 -32 232 ) (-480 0 232 ) 
4 1016 1096 (-480 -48 224 ) (-480 -64 224 ) (-560 -64 224 ) (-560 -48 224 ) 
4 1016 1094 (-480 -32 224 ) (-480 -48 224 ) (-560 -48 224 ) (-560 -32 224 ) 
4 1016 1090 (-560 0 224 ) (-480 0 224 ) (-480 -32 224 ) (-560 -32 224 ) 
4 1017 1025 (-728 -73 232 ) (-728 -73 360 ) (-792 -73 360 ) (-792 -73 232 ) 
4 1017 1018 (-792 -21 352 ) (-792 0 352 ) (-792 0 264 ) (-792 -21 264 ) 
4 1017 1019 (-792 -73 264 ) (-792 -73 352 ) (-792 -27 352 ) (-792 -27 264 ) 
4 1018 1026 (-800 -21 352 ) (-800 0 352 ) (-800 0 264 ) (-800 -21 264 ) 
4 1019 1026 (-800 -73 264 ) (-800 -73 352 ) (-800 -27 352 ) (-800 -27 264 ) 
4 1020 1024 (-800 -160 360 ) (-800 -160 352 ) (-764 -124 352 ) (-764 -124 360 ) 
4 1020 1023 (-796 -92 352 ) (-800 -96 352 ) (-800 -96 360 ) (-796 -92 360 ) 
4 1020 1021 (-800 -96 352 ) (-796 -92 352 ) (-764.001953 -123.998047 352 ) (-800 -159.996094 352 ) 
4 1020 1026 (-800 -160 352 ) (-800 -160 360 ) (-800 -96 360 ) (-800 -96 352 ) 
4 1021 1025 (-788 -84 264 ) (-788 -84 352 ) (-756 -116 352 ) (-756 -116 264 ) 
4 1021 1024 (-800 -160 352 ) (-800 -160 264 ) (-764 -124 264 ) (-764 -124 352 ) 
4 1021 1023 (-796 -92 264 ) (-800 -96 264 ) (-800 -96 352 ) (-796 -92 352 ) 
4 1021 1022 (-800 -96 264 ) (-796 -92 264 ) (-764.001953 -123.998047 264 ) (-800 -159.996094 264 ) 
4 1021 1026 (-800 -160 264 ) (-800 -160 352 ) (-800 -96 352 ) (-800 -96 264 ) 
4 1022 1131 (-800 -160 224 ) (-800 -96 224 ) (-796 -92 224 ) (-764 -124 224 ) 
4 1022 1024 (-800 -160 264 ) (-800 -160 224 ) (-764 -124 224 ) (-764 -124 264 ) 
4 1022 1023 (-796 -92 224 ) (-800 -96 224 ) (-800 -96 264 ) (-796 -92 264 ) 
4 1022 1026 (-800 -96 224 ) (-800 -160 224 ) (-800 -160 264 ) (-800 -96 264 ) 
3 1023 1131 (-800 -96 224 ) (-800 -88 224 ) (-796 -92 224 ) 
4 1023 1026 (-800 -88 224 ) (-800 -96 224 ) (-800 -96 360 ) (-800 -88 360 ) 
4 1024 1128 (-736 -232 224 ) (-744 -232 224 ) (-744 -144 224 ) (-736 -152 224 ) 
5 1024 1131 (-744 -232 224 ) (-800 -232 224 ) (-800 -160 224 ) (-764 -124 224 ) (-744 -144 224 ) 
4 1024 1036 (-800 -232 224 ) (-736 -232 224 ) (-736 -232 232 ) (-800 -232 232 ) 
4 1024 1034 (-736 -232 232 ) (-736 -232 360 ) (-800 -232 360 ) (-800 -232 232 ) 
4 1024 1026 (-800 -160 224 ) (-800 -232 224 ) (-800 -232 360 ) (-800 -160 360 ) 
4 1026 1220 (-1024 -104 224 ) (-1024 -232 224 ) (-1024 -232 360 ) (-1024 -104 360 ) 
4 1026 1212 (-1024 -96 224 ) (-1024 -104 224 ) (-1024 -104 360 ) (-1024 -96 360 ) 
4 1026 1194 (-1024 0 360 ) (-1024 0 224 ) (-1024 -96 224 ) (-1024 -96 360 ) 
4 1026 1134 (-1024 -232 224 ) (-1024 0 224 ) (-800 0 224 ) (-800 -232 224 ) 
4 1026 1036 (-1024 -232 224 ) (-800 -232 224 ) (-800 -232 232 ) (-1024 -232 232 ) 
4 1026 1034 (-800 -232 232 ) (-800 -232 360 ) (-1024 -232 360 ) (-1024 -232 232 ) 
4 1027 1035 (-368 -232 232 ) (-368 -232 224 ) (-368 -234 224 ) (-368 -234 232 ) 
4 1027 1028 (-360 -234 232 ) (-304 -234 232 ) (-304 -234 344.010010 ) (-360 -234 344.010010 ) 
4 1027 1029 (-368 -234 232 ) (-368 -234 224 ) (-296 -234 224 ) (-296 -234 232 ) 
4 1028 1030 (-360 -238 232 ) (-304 -238 232 ) (-304 -238 344.010010 ) (-360 -238 344.010010 ) 
4 1028 1029 (-360 -234 232 ) (-304 -234 232 ) (-304 -238 232 ) (-360 -238 232 ) 
4 1029 1035 (-368 -234 224 ) (-368 -238 224 ) (-368 -238 232 ) (-368 -234 232 ) 
4 1029 1030 (-368 -238 232 ) (-368 -238 224 ) (-296 -238 224 ) (-296 -238 232 ) 
4 1030 1040 (-296 -240 232 ) (-296 -240 352 ) (-368 -240 352 ) (-368 -240 232 ) 
4 1030 1035 (-368 -238 224 ) (-368 -240 224 ) (-368 -240 232 ) (-368 -238 232 ) 
4 1031 1032 (-680 -234 232 ) (-624 -234 232 ) (-624 -234 344.010010 ) (-680 -234 344.010010 ) 
4 1032 1033 (-680 -238 232 ) (-624 -238 232 ) (-624 -238 344.010010 ) (-680 -238 344.010010 ) 
4 1033 1050 (-688 -240 352 ) (-688 -240 232 ) (-616 -240 232 ) (-616 -240 352 ) 
4 1034 1220 (-1024 -240 232 ) (-1024 -240 360 ) (-1024 -232 360 ) (-1024 -232 232 ) 
4 1034 1054 (-736 -240 360 ) (-1024 -240 360 ) (-1024 -240 232 ) (-736 -240 232 ) 
4 1034 1036 (-1024 -232 232 ) (-736 -232 232 ) (-736 -240 232 ) (-1024 -240 232 ) 
4 1036 1220 (-1024 -232 224 ) (-1024 -240 224 ) (-1024 -240 232 ) (-1024 -232 232 ) 
4 1036 1128 (-744 -232 224 ) (-736 -232 224 ) (-736 -240 224 ) (-744 -240 224 ) 
4 1036 1131 (-800 -232 224 ) (-744 -232 224 ) (-744 -240 224 ) (-800 -240 224 ) 
4 1036 1134 (-1024 -240 224 ) (-1024 -232 224 ) (-800 -232 224 ) (-800 -240 224 ) 
4 1036 1054 (-1024 -240 224 ) (-736 -240 224 ) (-736 -240 232 ) (-1024 -240 232 ) 
4 1037 1055 (0 -464 232 ) (0 -464 360 ) (-280 -464 360 ) (-280 -464 232 ) 
4 1037 1051 (0 -464 232 ) (-280 -464 232 ) (-280 -240 232 ) (0 -240 232 ) 
4 1037 1038 (-280 -284 264 ) (-280 -332 264 ) (-280 -332 352 ) (-280 -284 352 ) 
4 1037 1039 (-280 -372 264 ) (-280 -420 264 ) (-280 -420 352 ) (-280 -372 352 ) 
4 1038 1044 (-288 -284 264 ) (-288 -332 264 ) (-288 -332 344 ) (-288 -284 344 ) 
4 1038 1042 (-288 -332 344 ) (-288 -332 352 ) (-288 -284 352 ) (-288 -284 344 ) 
4 1039 1044 (-288 -372 264 ) (-288 -420 264 ) (-288 -420 344 ) (-288 -372 344 ) 
4 1039 1042 (-288 -420 344 ) (-288 -420 352 ) (-288 -372 352 ) (-288 -372 344 ) 
4 1040 1044 (-480 -280 232 ) (-288 -280 232 ) (-288 -280 344 ) (-480 -280 344 ) 
4 1040 1042 (-288 -280 344 ) (-288 -280 360 ) (-480 -280 360 ) (-480 -280 344 ) 
4 1041 1046 (-568 -280 344 ) (-568 -280 232 ) (-488 -280 232 ) (-488 -280 344 ) 
4 1041 1043 (-568 -280 360 ) (-568 -280 344 ) (-488 -280 344 ) (-488 -280 360 ) 
4 1042 1047 (-480 -424 344 ) (-288 -424 344 ) (-288 -424 360 ) (-480 -424 360 ) 
4 1042 1044 (-288 -424 344 ) (-480 -424 344 ) (-480 -280 344 ) (-288 -280 344 ) 
4 1043 1048 (-568 -424 360 ) (-568 -424 344 ) (-488 -424 344 ) (-488 -424 360 ) 
4 1043 1046 (-488 -424 344 ) (-568 -424 344 ) (-568 -280 344 ) (-488 -280 344 ) 
4 1044 1047 (-480 -424 232 ) (-288 -424 232 ) (-288 -424 344 ) (-480 -424 344 ) 
4 1044 1045 (-482 -400 344 ) (-482 -304 344 ) (-482 -304 232 ) (-482 -400 232 ) 
4 1045 1046 (-486 -400 344 ) (-486 -304 344 ) (-486 -304 232 ) (-486 -400 232 ) 
4 1046 1049 (-568 -424 248 ) (-568 -424 336 ) (-568 -344 336 ) (-568 -344 248 ) 
4 1046 1048 (-568 -424 344 ) (-568 -424 232 ) (-488 -424 232 ) (-488 -424 344 ) 
4 1048 1056 (-532 -464 352 ) (-532 -464 244 ) (-492 -464 244 ) (-492 -464 352 ) 
4 1048 1049 (-568 -432 248 ) (-568 -432 336 ) (-568 -424 336 ) (-568 -424 248 ) 
4 1049 1050 (-576 -432 248 ) (-576 -432 336 ) (-576 -344 336 ) (-576 -344 248 ) 
4 1050 1053 (-728 -436 240 ) (-728 -436 352 ) (-728 -396 352 ) (-728 -396 240 ) 
4 1050 1052 (-728 -308 240 ) (-728 -308 352 ) (-728 -268 352 ) (-728 -268 240 ) 
4 1051 1079 (-280 -240 224 ) (-248 -240 224 ) (-248 -464 224 ) (-280 -464 224 ) 
4 1051 1061 (-248 -240 224 ) (-240 -240 224 ) (-240 -464 224 ) (-248 -464 224 ) 
4 1051 1059 (-240 -240 224 ) (0 -240 224 ) (0 -464 224 ) (-240 -464 224 ) 
4 1051 1055 (-280 -464 224 ) (0 -464 224 ) (0 -464 232 ) (-280 -464 232 ) 
4 1052 1054 (-736 -308 240 ) (-736 -308 352 ) (-736 -268 352 ) (-736 -268 240 ) 
4 1053 1054 (-736 -436 240 ) (-736 -436 352 ) (-736 -396 352 ) (-736 -396 240 ) 
4 1054 1220 (-1024 -240 224 ) (-1024 -464 224 ) (-1024 -464 360 ) (-1024 -240 360 ) 
4 1054 1128 (-744 -240 224 ) (-736 -240 224 ) (-736 -248 224 ) (-744 -248 224 ) 
4 1054 1130 (-736 -456 224 ) (-736 -464 224 ) (-744 -464 224 ) (-744 -456 224 ) 
4 1054 1131 (-800 -240 224 ) (-744 -240 224 ) (-744 -464 224 ) (-800 -464 224 ) 
4 1054 1134 (-1024 -464 224 ) (-1024 -240 224 ) (-800 -240 224 ) (-800 -464 224 ) 
4 1054 1057 (-1024 -464 224 ) (-736 -464 224 ) (-736 -464 360 ) (-1024 -464 360 ) 
4 1055 1079 (-280 -464 224 ) (-248 -464 224 ) (-248 -472 224 ) (-280 -472 224 ) 
4 1055 1061 (-248 -464 224 ) (-240 -464 224 ) (-240 -472 224 ) (-248 -472 224 ) 
4 1055 1059 (-240 -464 224 ) (0 -464 224 ) (0 -472 224 ) (-240 -472 224 ) 
4 1055 1058 (-280 -472 224 ) (0 -472 224 ) (0 -472 360 ) (-280 -472 360 ) 
4 1056 1058 (-492 -472 244 ) (-492 -472 352 ) (-532 -472 352 ) (-532 -472 244 ) 
4 1057 1220 (-1024 -464 224 ) (-1024 -472 224 ) (-1024 -472 360 ) (-1024 -464 360 ) 
4 1057 1130 (-744 -464 224 ) (-736 -464 224 ) (-736 -472 224 ) (-744 -472 224 ) 
4 1057 1131 (-800 -464 224 ) (-744 -464 224 ) (-744 -472 224 ) (-800 -472 224 ) 
4 1057 1134 (-1024 -472 224 ) (-1024 -464 224 ) (-800 -464 224 ) (-800 -472 224 ) 
4 1057 1058 (-1024 -472 224 ) (-736 -472 224 ) (-736 -472 360 ) (-1024 -472 360 ) 
4 1058 1220 (-1024 -472 224 ) (-1024 -1024 224 ) (-1024 -1024 360 ) (-1024 -472 360 ) 
4 1058 1182 (0 -1024 224 ) (0 -1024 360 ) (-1024 -1024 360 ) (-1024 -1024 224 ) 
4 1058 1130 (-744 -472 224 ) (-736 -472 224 ) (-736 -1024 224 ) (-744 -1024 224 ) 
4 1058 1131 (-800 -472 224 ) (-744 -472 224 ) (-744 -1024 224 ) (-800 -1024 224 ) 
4 1058 1134 (-1024 -1024 224 ) (-1024 -472 224 ) (-800 -472 224 ) (-800 -1024 224 ) 
4 1058 1124 (-736 -472 224 ) (-728 -472 224 ) (-728 -1024 224 ) (-736 -1024 224 ) 
4 1058 1119 (-728 -472 224 ) (-568 -472 224 ) (-568 -1024 224 ) (-728 -1024 224 ) 
4 1058 1108 (-568 -472 224 ) (-320 -472 224 ) (-320 -1024 224 ) (-568 -1024 224 ) 
4 1058 1106 (-320 -472 224 ) (-312 -472 224 ) (-312 -1024 224 ) (-320 -1024 224 ) 
4 1058 1081 (-312 -472 224 ) (-304 -472 224 ) (-304 -1024 224 ) (-312 -1024 224 ) 
4 1058 1079 (-304 -472 224 ) (-248 -472 224 ) (-248 -1024 224 ) (-304 -1024 224 ) 
4 1058 1061 (-248 -472 224 ) (-240 -472 224 ) (-240 -1024 224 ) (-248 -1024 224 ) 
4 1058 1059 (-240 -472 224 ) (0 -472 224 ) (0 -1024 224 ) (-240 -1024 224 ) 
4 1059 1182 (0 -1024 96 ) (0 -1024 224 ) (-240 -1024 224 ) (-240 -1024 96 ) 
4 1059 1142 (-240 -472 96 ) (-240 -256 96 ) (-224 -256 96 ) (-224 -472 96 ) 
4 1059 1143 (-224 -1024 96 ) (-240 -1024 96 ) (-240 -472 96 ) (-224 -472 96 ) 
4 1059 1140 (-224 -512 96 ) (-224 -256 96 ) (0 -256 96 ) (0 -512 96 ) 
4 1059 1141 (0 -1024 96 ) (-224 -1024 96 ) (-224 -512 96 ) (0 -512 96 ) 
4 1059 1136 (-240 -144 96 ) (-240 -24 96 ) (-224 -24 96 ) (-224 -144 96 ) 
4 1059 1135 (-224 0 96 ) (0 0 96 ) (0 -256 96 ) (-224 -256 96 ) 
4 1059 1066 (-240 -240 96 ) (-240 -1024 96 ) (-240 -1024 128 ) (-240 -240 128 ) 
4 1059 1065 (-240 -24 96 ) (-240 -144 96 ) (-240 -144 128 ) (-240 -24 128 ) 
4 1059 1063 (-240 -216 216 ) (-240 -168 216 ) (-240 -168 128 ) (-240 -216 128 ) 
4 1059 1064 (-240 -1024 128 ) (-240 -1024 216 ) (-240 -240 216 ) (-240 -240 128 ) 
4 1059 1062 (-240 -144 216 ) (-240 -24 216 ) (-240 -24 128 ) (-240 -144 128 ) 
4 1059 1060 (-240 -144 224 ) (-240 -24 224 ) (-240 -24 216 ) (-240 -144 216 ) 
4 1059 1061 (-240 -1024 216 ) (-240 -1024 224 ) (-240 -240 224 ) (-240 -240 216 ) 
4 1060 1076 (-248 -144 224 ) (-248 -120 224 ) (-248 -120 216 ) (-248 -144 216 ) 
4 1060 1071 (-248 -120 224 ) (-248 -48 224 ) (-248 -48 216 ) (-248 -120 216 ) 
4 1060 1068 (-248 -48 224 ) (-248 -24 224 ) (-248 -24 216 ) (-248 -48 216 ) 
4 1060 1062 (-248 -144 216 ) (-248 -24 216 ) (-240 -24 216 ) (-240 -144 216 ) 
4 1061 1182 (-240 -1024 224 ) (-248 -1024 224 ) (-248 -1024 216 ) (-240 -1024 216 ) 
4 1061 1079 (-248 -1024 216 ) (-248 -1024 224 ) (-248 -240 224 ) (-248 -240 216 ) 
4 1061 1064 (-248 -1024 216 ) (-248 -240 216 ) (-240 -240 216 ) (-240 -1024 216 ) 
4 1062 1076 (-248 -144 216 ) (-248 -120 216 ) (-248 -120 128 ) (-248 -144 128 ) 
4 1062 1073 (-248 -120 216 ) (-248 -48 216 ) (-248 -48 128 ) (-248 -120 128 ) 
4 1062 1068 (-248 -48 216 ) (-248 -24 216 ) (-248 -24 128 ) (-248 -48 128 ) 
4 1062 1065 (-248 -144 128 ) (-248 -24 128 ) (-240 -24 128 ) (-240 -144 128 ) 
4 1063 1078 (-248 -216 216 ) (-248 -168 216 ) (-248 -168 128 ) (-248 -216 128 ) 
4 1064 1182 (-248 -1024 216 ) (-248 -1024 128 ) (-240 -1024 128 ) (-240 -1024 216 ) 
4 1064 1079 (-248 -1024 128 ) (-248 -1024 216 ) (-248 -240 216 ) (-248 -240 128 ) 
4 1064 1066 (-248 -1024 128 ) (-248 -240 128 ) (-240 -240 128 ) (-240 -1024 128 ) 
4 1065 1076 (-248 -120 96 ) (-248 -144 96 ) (-248 -144 128 ) (-248 -120 128 ) 
4 1065 1073 (-248 -48 96 ) (-248 -120 96 ) (-248 -120 128 ) (-248 -48 128 ) 
4 1065 1068 (-248 -24 96 ) (-248 -48 96 ) (-248 -48 128 ) (-248 -24 128 ) 
4 1066 1182 (-248 -1024 128 ) (-248 -1024 96 ) (-240 -1024 96 ) (-240 -1024 128 ) 
4 1066 1142 (-248 -472 96 ) (-248 -256 96 ) (-240 -256 96 ) (-240 -472 96 ) 
4 1066 1143 (-240 -1024 96 ) (-248 -1024 96 ) (-248 -472 96 ) (-240 -472 96 ) 
4 1066 1079 (-248 -240 96 ) (-248 -1024 96 ) (-248 -1024 128 ) (-248 -240 128 ) 
4 1067 1069 (-272 0 96 ) (-272 -16 96 ) (-272 -16 224 ) (-272 0 224 ) 
4 1068 1073 (-272 -48 96 ) (-248 -48 96 ) (-248 -48 216 ) (-272 -48 216 ) 
4 1068 1071 (-248 -48 216 ) (-248 -48 224 ) (-272 -48 224 ) (-272 -48 216 ) 
4 1069 1070 (-280 0 96 ) (-280 -16 96 ) (-280 -16 224 ) (-280 0 224 ) 
4 1070 1093 (-312 -40 96 ) (-312 -48 96 ) (-312 -48 224 ) (-312 -40 224 ) 
4 1070 1092 (-312 -32 96 ) (-312 -40 96 ) (-312 -40 224 ) (-312 -32 224 ) 
4 1070 1082 (-312 0 96 ) (-312 -32 96 ) (-312 -32 224 ) (-312 0 224 ) 
4 1070 1075 (-312 -48 216 ) (-312 -48 96 ) (-280 -48 96 ) (-280 -48 216 ) 
4 1070 1072 (-312 -48 224 ) (-312 -48 216 ) (-280 -48 216 ) (-280 -48 224 ) 
4 1071 1076 (-272 -120 216 ) (-248 -120 216 ) (-248 -120 224 ) (-272 -120 224 ) 
4 1071 1073 (-248 -120 216 ) (-272 -120 216 ) (-272 -48 216 ) (-248 -48 216 ) 
4 1072 1103 (-312 -120 216 ) (-312 -120 224 ) (-312 -112 224 ) (-312 -112 216 ) 
4 1072 1093 (-312 -112 224 ) (-312 -48 224 ) (-312 -48 216 ) (-312 -112 216 ) 
4 1072 1077 (-312 -120 224 ) (-312 -120 216 ) (-280 -120 216 ) (-280 -120 224 ) 
4 1072 1075 (-280 -120 216 ) (-312 -120 216 ) (-312 -48 216 ) (-280 -48 216 ) 
4 1073 1076 (-272 -120 96 ) (-248 -120 96 ) (-248 -120 216 ) (-272 -120 216 ) 
4 1073 1074 (-274 -56 96 ) (-274 -112 96 ) (-274 -112 208 ) (-274 -56 208 ) 
4 1074 1075 (-278 -56 96 ) (-278 -112 96 ) (-278 -112 208 ) (-278 -56 208 ) 
4 1075 1103 (-312 -112 96 ) (-312 -120 96 ) (-312 -120 216 ) (-312 -112 216 ) 
4 1075 1093 (-312 -48 96 ) (-312 -112 96 ) (-312 -112 216 ) (-312 -48 216 ) 
4 1075 1077 (-312 -120 216 ) (-312 -120 96 ) (-280 -120 96 ) (-280 -120 216 ) 
4 1077 1103 (-312 -120 96 ) (-312 -152 96 ) (-312 -152 224 ) (-312 -120 224 ) 
4 1077 1078 (-312 -152 224 ) (-312 -152 96 ) (-280 -152 96 ) (-280 -152 224 ) 
4 1078 1103 (-312 -152 96 ) (-312 -232 96 ) (-312 -232 224 ) (-312 -152 224 ) 
4 1079 1182 (-248 -1024 224 ) (-304 -1024 224 ) (-304 -1024 96 ) (-248 -1024 96 ) 
4 1079 1142 (-304 -472 96 ) (-304 -256 96 ) (-248 -256 96 ) (-248 -472 96 ) 
4 1079 1143 (-248 -1024 96 ) (-304 -1024 96 ) (-304 -472 96 ) (-248 -472 96 ) 
4 1079 1081 (-304 -464 96 ) (-304 -1024 96 ) (-304 -1024 224 ) (-304 -464 224 ) 
4 1079 1080 (-304 -248 96 ) (-304 -456 96 ) (-304 -456 216 ) (-304 -248 216 ) 
4 1080 1105 (-312 -256 96 ) (-312 -448 96 ) (-312 -448 208 ) (-312 -256 208 ) 
4 1081 1182 (-304 -1024 224 ) (-312 -1024 224 ) (-312 -1024 96 ) (-304 -1024 96 ) 
4 1081 1145 (-304 -1024 96 ) (-312 -1024 96 ) (-312 -472 96 ) (-304 -472 96 ) 
4 1081 1106 (-312 -472 96 ) (-312 -1024 96 ) (-312 -1024 224 ) (-312 -472 224 ) 
4 1082 1092 (-416 -32 96 ) (-312 -32 96 ) (-312 -32 224 ) (-416 -32 224 ) 
4 1082 1083 (-416 -32 112 ) (-416 -32 224 ) (-416 0 224 ) (-416 0 112 ) 
4 1083 1084 (-432 -32 128 ) (-432 -32 224 ) (-432 0 224 ) (-432 0 128 ) 
4 1084 1086 (-448 -32 144 ) (-448 -32 224 ) (-448 0 224 ) (-448 0 144 ) 
4 1085 1087 (-448 0 96 ) (-448 -32 96 ) (-448 -32 112 ) (-448 0 112 ) 
4 1086 1088 (-464 -32 160 ) (-464 -32 224 ) (-464 0 224 ) (-464 0 160 ) 
4 1087 1089 (-464 0 96 ) (-464 -32 96 ) (-464 -32 128 ) (-464 0 128 ) 
4 1088 1090 (-480 -32 176 ) (-480 -32 224 ) (-480 0 224 ) (-480 0 176 ) 
4 1089 1091 (-480 0 96 ) (-480 -32 96 ) (-480 -32 144 ) (-480 0 144 ) 
4 1090 1094 (-568 -32 224 ) (-568 -32 192 ) (-480 -32 192 ) (-480 -32 224 ) 
4 1091 1095 (-568 -32 160 ) (-568 -32 96 ) (-480 -32 96 ) (-480 -32 160 ) 
4 1092 1093 (-416 -40 96 ) (-312 -40 96 ) (-312 -40 224 ) (-416 -40 224 ) 
4 1093 1103 (-472 -112 96 ) (-312 -112 96 ) (-312 -112 224 ) (-472 -112 224 ) 
4 1094 1096 (-568 -48 224 ) (-568 -48 208 ) (-480 -48 208 ) (-480 -48 224 ) 
4 1095 1097 (-568 -48 176 ) (-568 -48 96 ) (-480 -48 96 ) (-480 -48 176 ) 
4 1097 1098 (-568 -64 192 ) (-568 -64 96 ) (-480 -64 96 ) (-480 -64 192 ) 
4 1098 1099 (-568 -80 208 ) (-568 -80 96 ) (-480 -80 96 ) (-480 -80 208 ) 
4 1099 1100 (-560 -104 96 ) (-488 -104 96 ) (-488 -104 216 ) (-560 -104 216 ) 
4 1100 1101 (-552 -106 96 ) (-496 -106 96 ) (-496 -106 208 ) (-552 -106 208 ) 
4 1101 1102 (-552 -110 96 ) (-496 -110 96 ) (-496 -110 208 ) (-552 -110 208 ) 
4 1102 1103 (-560 -112 96 ) (-488 -112 96 ) (-488 -112 216 ) (-560 -112 216 ) 
4 1103 1110 (-568 -120 96 ) (-568 -192 96 ) (-568 -192 216 ) (-568 -120 216 ) 
4 1104 1118 (-568 -240 96 ) (-568 -256 96 ) (-568 -256 224 ) (-568 -240 224 ) 
4 1104 1107 (-568 -256 224 ) (-568 -256 96 ) (-320 -256 96 ) (-320 -256 224 ) 
4 1105 1107 (-320 -256 208 ) (-320 -256 96 ) (-320 -448 96 ) (-320 -448 208 ) 
4 1106 1182 (-312 -1024 224 ) (-320 -1024 224 ) (-320 -1024 96 ) (-312 -1024 96 ) 
4 1106 1145 (-312 -1024 96 ) (-320 -1024 96 ) (-320 -472 96 ) (-312 -472 96 ) 
4 1106 1108 (-320 -472 96 ) (-320 -1024 96 ) (-320 -1024 224 ) (-320 -472 224 ) 
4 1107 1118 (-568 -256 96 ) (-568 -464 96 ) (-568 -464 224 ) (-568 -256 224 ) 
4 1108 1182 (-320 -1024 224 ) (-568 -1024 224 ) (-568 -1024 96 ) (-320 -1024 96 ) 
4 1108 1146 (-328 -1024 96 ) (-568 -1024 96 ) (-568 -472 96 ) (-328 -472 96 ) 
4 1108 1145 (-320 -1024 96 ) (-328 -1024 96 ) (-328 -472 96 ) (-320 -472 96 ) 
4 1108 1119 (-568 -472 96 ) (-568 -1024 96 ) (-568 -1024 224 ) (-568 -472 224 ) 
4 1109 1120 (-728 0 96 ) (-728 -120 96 ) (-728 -120 224 ) (-728 0 224 ) 
4 1109 1113 (-728 -120 224 ) (-728 -120 96 ) (-576 -120 96 ) (-576 -120 224 ) 
4 1110 1111 (-570 -128 96 ) (-570 -184 96 ) (-570 -184 208 ) (-570 -128 208 ) 
4 1111 1112 (-574 -128 96 ) (-574 -184 96 ) (-574 -184 208 ) (-574 -128 208 ) 
4 1112 1113 (-576 -120 216 ) (-576 -120 96 ) (-576 -192 96 ) (-576 -192 216 ) 
4 1113 1121 (-728 -156 96 ) (-728 -192 96 ) (-728 -192 216 ) (-728 -156 216 ) 
4 1113 1120 (-728 -120 96 ) (-728 -144 96 ) (-728 -144 224 ) (-728 -120 224 ) 
4 1113 1114 (-728 -192 224 ) (-728 -192 96 ) (-576 -192 96 ) (-576 -192 224 ) 
4 1114 1121 (-728 -192 96 ) (-728 -228 96 ) (-728 -228 216 ) (-728 -192 216 ) 
4 1114 1115 (-688 -232 96 ) (-616 -232 96 ) (-616 -232 216 ) (-688 -232 216 ) 
4 1115 1116 (-680 -234 96 ) (-624 -234 96 ) (-624 -234 208 ) (-680 -234 208 ) 
4 1116 1117 (-680 -238 96 ) (-624 -238 96 ) (-624 -238 208 ) (-680 -238 208 ) 
4 1117 1118 (-688 -240 96 ) (-616 -240 96 ) (-616 -240 216 ) (-688 -240 216 ) 
4 1119 1182 (-568 -1024 224 ) (-728 -1024 224 ) (-728 -1024 96 ) (-568 -1024 96 ) 
4 1119 1146 (-568 -1024 96 ) (-728 -1024 96 ) (-728 -472 96 ) (-568 -472 96 ) 
4 1119 1124 (-728 -472 96 ) (-728 -1024 96 ) (-728 -1024 224 ) (-728 -472 224 ) 
4 1120 1133 (-736 -73 96 ) (-736 -136 96 ) (-736 -136 224 ) (-736 -73 224 ) 
4 1120 1125 (-736 0 96 ) (-736 -73 96 ) (-736 -73 224 ) (-736 0 224 ) 
4 1121 1122 (-730 -164 96 ) (-730 -220 96 ) (-730 -220 208 ) (-730 -164 208 ) 
4 1122 1123 (-734 -164 96 ) (-734 -220 96 ) (-734 -220 208 ) (-734 -164 208 ) 
4 1123 1128 (-736 -156 96 ) (-736 -228 96 ) (-736 -228 216 ) (-736 -156 216 ) 
4 1124 1182 (-728 -1024 224 ) (-736 -1024 224 ) (-736 -1024 96 ) (-728 -1024 96 ) 
4 1124 1146 (-728 -1024 96 ) (-736 -1024 96 ) (-736 -472 96 ) (-728 -472 96 ) 
4 1124 1130 (-736 -472 96 ) (-736 -1024 96 ) (-736 -1024 224 ) (-736 -472 224 ) 
4 1125 1133 (-792 -73 96 ) (-736 -73 96 ) (-736 -73 224 ) (-792 -73 224 ) 
4 1125 1126 (-792 -21 216 ) (-792 0 216 ) (-792 0 128 ) (-792 -21 128 ) 
4 1125 1127 (-792 -73 128 ) (-792 -73 216 ) (-792 -27 216 ) (-792 -27 128 ) 
4 1126 1134 (-800 -21 216 ) (-800 0 216 ) (-800 0 128 ) (-800 -21 128 ) 
4 1127 1134 (-800 -73 128 ) (-800 -73 216 ) (-800 -27 216 ) (-800 -27 128 ) 
4 1128 1129 (-744 -248 216 ) (-744 -248 96 ) (-736 -248 96 ) (-736 -248 216 ) 
4 1128 1131 (-744 -143.998047 224 ) (-744 -143.998047 96 ) (-744 -248 96 ) (-744 -248 224 ) 
4 1129 1131 (-744 -248 96 ) (-744 -456 96 ) (-744 -456 216 ) (-744 -248 216 ) 
4 1129 1130 (-744 -456 216 ) (-744 -456 96 ) (-736 -456 96 ) (-736 -456 216 ) 
4 1130 1182 (-736 -1024 224 ) (-744 -1024 224 ) (-744 -1024 96 ) (-736 -1024 96 ) 
4 1130 1161 (-736 -1024 96 ) (-744 -1024 96 ) (-744 -472 96 ) (-736 -472 96 ) 
4 1130 1131 (-744 -456 96 ) (-744 -1024 96 ) (-744 -1024 224 ) (-744 -456 224 ) 
4 1131 1182 (-744 -1024 224 ) (-800 -1024 224 ) (-800 -1024 96 ) (-744 -1024 96 ) 
4 1131 1161 (-744 -1024 96 ) (-800 -1024 96 ) (-800 -472 96 ) (-744 -472 96 ) 
4 1131 1132 (-796 -92 128 ) (-796 -92 216 ) (-764 -124 216 ) (-764 -124 128 ) 
4 1131 1134 (-800 -88 96 ) (-800 -1024 96 ) (-800 -1024 224 ) (-800 -88 224 ) 
4 1132 1133 (-788 -84 128 ) (-788 -84 216 ) (-756 -116 216 ) (-756 -116 128 ) 
4 1134 1223 (-1024 -480 96 ) (-1024 -1024 96 ) (-1024 -1024 216 ) (-1024 -480 216 ) 
4 1134 1221 (-1024 -104 96 ) (-1024 -480 96 ) (-1024 -480 216 ) (-1024 -104 216 ) 
4 1134 1220 (-1024 -1024 216 ) (-1024 -1024 224 ) (-1024 -104 224 ) (-1024 -104 216 ) 
4 1134 1212 (-1024 -96 96 ) (-1024 -104 96 ) (-1024 -104 224 ) (-1024 -96 224 ) 
4 1134 1194 (-1024 0 224 ) (-1024 0 96 ) (-1024 -96 96 ) (-1024 -96 224 ) 
4 1134 1182 (-800 -1024 224 ) (-1024 -1024 224 ) (-1024 -1024 96 ) (-800 -1024 96 ) 
3 1134 1160 (-880 -472 96 ) (-880 -408 96 ) (-800 -472 96 ) 
4 1134 1161 (-800 -1024 96 ) (-880 -1024 96 ) (-880 -472 96 ) (-800 -472 96 ) 
4 1134 1162 (-880 -1024 96 ) (-1024 -1024 96 ) (-1024 0 96 ) (-880 0 96 ) 
4 1135 1140 (0 -256 64 ) (0 -256 96 ) (-224 -256 96 ) (-224 -256 64 ) 
4 1135 1136 (-224 -144 96 ) (-224 -24 96 ) (-224 -24 80 ) (-224 -144 80 ) 
4 1137 1139 (-280 0 0 ) (-280 -24 0 ) (-280 -24 80 ) (-280 0 80 ) 
4 1137 1144 (-280 0 0 ) (-248 0 0 ) (-248 -24 0 ) (-280 -24 0 ) 
4 1138 1139 (-280 -144 0 ) (-280 -232 0 ) (-280 -232 80 ) (-280 -144 80 ) 
4 1138 1144 (-248 -144 0 ) (-248 -232 0 ) (-280 -232 0 ) (-280 -144 0 ) 
4 1139 1144 (-304 -232 0 ) (-304 0 0 ) (-280 0 0 ) (-280 -232 0 ) 
4 1140 1142 (-224 -256 96 ) (-224 -256 64 ) (-224 -472 64 ) (-224 -472 96 ) 
4 1140 1143 (-224 -472 64 ) (-224 -512 64 ) (-224 -512 96 ) (-224 -472 96 ) 
4 1140 1141 (-224 -512 96 ) (-224 -512 64 ) (0 -512 64 ) (0 -512 96 ) 
4 1141 1191 (-16 -1024 92 ) (-64 -1024 92 ) (-64 -1024 0 ) (-16 -1024 0 ) 
4 1141 1192 (-64 -1024 92 ) (-224 -1024 92 ) (-224 -1024 0 ) (-64 -1024 0 ) 
4 1141 1187 (0 -1024 0 ) (0 -1024 92 ) (-16 -1024 92 ) (-16 -1024 0 ) 
4 1141 1185 (-16 -1024 96 ) (-64 -1024 96 ) (-64 -1024 92 ) (-16 -1024 92 ) 
4 1141 1186 (-64 -1024 96 ) (-224 -1024 96 ) (-224 -1024 92 ) (-64 -1024 92 ) 
4 1141 1183 (0 -1024 92 ) (0 -1024 96 ) (-16 -1024 96 ) (-16 -1024 92 ) 
4 1141 1143 (-224 -512 0 ) (-224 -1024 0 ) (-224 -1024 96 ) (-224 -512 96 ) 
4 1141 1144 (0 -1024 0 ) (-224 -1024 0 ) (-224 -512 0 ) (0 -512 0 ) 
3 1142 1143 (-304 -472 96 ) (-224 -472 64 ) (-224 -472 96 ) 
4 1143 1192 (-304 -1024 92 ) (-304 -1024 0 ) (-224 -1024 0 ) (-224 -1024 92 ) 
4 1143 1186 (-224 -1024 96 ) (-304 -1024 96 ) (-304 -1024 92 ) (-224 -1024 92 ) 
4 1143 1151 (-304 -1024 0 ) (-304 -1024 80 ) (-304 -472 80 ) (-304 -472 0 ) 
4 1143 1145 (-304 -1024 80 ) (-304 -1024 96 ) (-304 -472 96 ) (-304 -472 80 ) 
4 1143 1144 (-224 -1024 0 ) (-304 -1024 0 ) (-304 -472 0 ) (-224 -472 0 ) 
4 1144 1193 (-16 -1024 0 ) (-304 -1024 0 ) (-304 -1024 -40 ) (-16 -1024 -40 ) 
4 1144 1187 (0 -1024 -40 ) (0 -1024 0 ) (-16 -1024 0 ) (-16 -1024 -40 ) 
4 1144 1157 (0 -1024 -40 ) (-304 -1024 -40 ) (-304 0 -40 ) (0 0 -40 ) 
4 1144 1151 (-304 -472 -40 ) (-304 -1024 -40 ) (-304 -1024 0 ) (-304 -472 0 ) 
4 1145 1192 (-328 -1024 92 ) (-328 -1024 80 ) (-304 -1024 80 ) (-304 -1024 92 ) 
4 1145 1186 (-304 -1024 96 ) (-328 -1024 96 ) (-328 -1024 92 ) (-304 -1024 92 ) 
4 1145 1151 (-304 -472 80 ) (-304 -1024 80 ) (-328 -1024 80 ) (-328 -472 80 ) 
4 1145 1146 (-328 -472 80 ) (-328 -1024 80 ) (-328 -1024 96 ) (-328 -472 96 ) 
4 1146 1192 (-736 -1024 92 ) (-736 -1024 80 ) (-328 -1024 80 ) (-328 -1024 92 ) 
4 1146 1186 (-328 -1024 96 ) (-736 -1024 96 ) (-736 -1024 92 ) (-328 -1024 92 ) 
4 1146 1163 (-736 -472 88 ) (-736 -472 80 ) (-736 -1024 80 ) (-736 -1024 88 ) 
4 1146 1161 (-736 -1024 96 ) (-736 -472 96 ) (-736 -472 88 ) (-736 -1024 88 ) 
4 1146 1156 (-736 -1024 80 ) (-736 -472 80 ) (-728 -472 80 ) (-728 -1024 80 ) 
4 1146 1151 (-728 -472 80 ) (-328 -472 80 ) (-328 -1024 80 ) (-728 -1024 80 ) 
4 1147 1155 (-728 -124 -4 ) (-728 -124 60 ) (-728 -76 60 ) (-728 -76 -4 ) 
4 1147 1152 (-728 0 -40 ) (-728 -64 -40 ) (-728 -64 80 ) (-728 0 80 ) 
4 1148 1156 (-728 -192 -40 ) (-728 -224 -40 ) (-728 -224 80 ) (-728 -192 80 ) 
4 1148 1149 (-728 -224 80 ) (-728 -224 -40 ) (-696 -224 -40 ) (-696 -224 80 ) 
4 1149 1156 (-728 -224 -40 ) (-728 -232 -40 ) (-728 -232 80 ) (-728 -224 80 ) 
4 1149 1150 (-728 -232 80 ) (-728 -232 -40 ) (-688 -232 -40 ) (-688 -232 80 ) 
4 1150 1156 (-728 -232 -40 ) (-728 -464 -40 ) (-728 -464 80 ) (-728 -232 80 ) 
4 1151 1193 (-728 -1024 -40 ) (-304 -1024 -40 ) (-304 -1024 0 ) (-728 -1024 0 ) 
4 1151 1192 (-304 -1024 0 ) (-304 -1024 80 ) (-728 -1024 80 ) (-728 -1024 0 ) 
4 1151 1158 (-304 -1024 -40 ) (-728 -1024 -40 ) (-728 -472 -40 ) (-304 -472 -40 ) 
4 1151 1156 (-728 -472 -40 ) (-728 -1024 -40 ) (-728 -1024 80 ) (-728 -472 80 ) 
4 1152 1153 (-730 0 -40 ) (-730 -56 -40 ) (-730 -56 72 ) (-730 0 72 ) 
4 1153 1154 (-734 0 -40 ) (-734 -56 -40 ) (-734 -56 72 ) (-734 0 72 ) 
4 1154 1169 (-736 0 80 ) (-736 0 -40 ) (-736 -64 -40 ) (-736 -64 80 ) 
4 1155 1169 (-736 -124 -4 ) (-736 -124 60 ) (-736 -76 60 ) (-736 -76 -4 ) 
4 1156 1193 (-736 -1024 0 ) (-736 -1024 -40 ) (-728 -1024 -40 ) (-728 -1024 0 ) 
4 1156 1192 (-736 -1024 80 ) (-736 -1024 0 ) (-728 -1024 0 ) (-728 -1024 80 ) 
4 1156 1169 (-736 -184 -40 ) (-736 -472 -40 ) (-736 -472 80 ) (-736 -184 80 ) 
4 1156 1163 (-736 -472 -40 ) (-736 -1024 -40 ) (-736 -1024 80 ) (-736 -472 80 ) 
4 1156 1158 (-728 -1024 -40 ) (-736 -1024 -40 ) (-736 -472 -40 ) (-728 -472 -40 ) 
4 1157 1193 (-16 -1024 -40 ) (-304 -1024 -40 ) (-304 -1024 -64 ) (-16 -1024 -64 ) 
4 1157 1187 (0 -1024 -64 ) (0 -1024 -40 ) (-16 -1024 -40 ) (-16 -1024 -64 ) 
4 1157 1159 (-304 0 -64 ) (0 0 -64 ) (0 -1024 -64 ) (-304 -1024 -64 ) 
4 1157 1158 (-304 -472 -64 ) (-304 -1024 -64 ) (-304 -1024 -40 ) (-304 -472 -40 ) 
4 1158 1193 (-304 -1024 -40 ) (-736 -1024 -40 ) (-736 -1024 -64 ) (-304 -1024 -64 ) 
4 1158 1163 (-736 -472 -64 ) (-736 -1024 -64 ) (-736 -1024 -40 ) (-736 -472 -40 ) 
4 1158 1159 (-736 -1024 -64 ) (-736 -472 -64 ) (-304 -472 -64 ) (-304 -1024 -64 ) 
4 1159 1193 (-16 -1024 -64 ) (-736 -1024 -64 ) (-736 -1024 -1504 ) (-16 -1024 -1504 ) 
4 1159 1187 (0 -1024 -1504 ) (0 -1024 -64 ) (-16 -1024 -64 ) (-16 -1024 -1504 ) 
4 1159 1181 (-736 0 -96 ) (-736 0 -1504 ) (-736 -1024 -1504 ) (-736 -1024 -96 ) 
4 1159 1170 (-736 0 -64 ) (-736 0 -96 ) (-736 -472 -96 ) (-736 -472 -64 ) 
4 1159 1163 (-736 -472 -96 ) (-736 -1024 -96 ) (-736 -1024 -64 ) (-736 -472 -64 ) 
4 1160 1168 (-856 -472 88 ) (-872 -472 88 ) (-872 -414.399933 88 ) (-856 -427.199921 88 ) 
3 1160 1166 (-800 -472 88 ) (-856 -472 88 ) (-856 -427.199921 88 ) 
4 1160 1180 (-872 -472 88 ) (-880 -472 88 ) (-880 -408 88 ) (-872 -414.399933 88 ) 
4 1160 1161 (-880 -472 96 ) (-880 -472 88 ) (-800 -472 88 ) (-800 -472 96 ) 
4 1160 1162 (-880 -408 88 ) (-880 -472 88 ) (-880 -472 96 ) (-880 -408 96 ) 
4 1161 1192 (-736 -1024 88 ) (-736 -1024 92 ) (-880 -1024 92 ) (-880 -1024 88 ) 
4 1161 1186 (-736 -1024 92 ) (-736 -1024 96 ) (-880 -1024 96 ) (-880 -1024 92 ) 
4 1161 1168 (-856 -1024 88 ) (-872 -1024 88 ) (-872 -472 88 ) (-856 -472 88 ) 
4 1161 1165 (-768 -1024 88 ) (-784 -1024 88 ) (-784 -472 88 ) (-768 -472 88 ) 
4 1161 1163 (-736 -472 88 ) (-736 -1024 88 ) (-768 -1024 88 ) (-768 -472 88 ) 
4 1161 1166 (-784 -1024 88 ) (-856 -1024 88 ) (-856 -472 88 ) (-784 -472 88 ) 
4 1161 1180 (-872 -1024 88 ) (-880 -1024 88 ) (-880 -472 88 ) (-872 -472 88 ) 
4 1161 1162 (-880 -472 88 ) (-880 -1024 88 ) (-880 -1024 96 ) (-880 -472 96 ) 
4 1162 1223 (-1024 -480 88 ) (-1024 -1024 88 ) (-1024 -1024 96 ) (-1024 -480 96 ) 
4 1162 1221 (-1024 -104 88 ) (-1024 -480 88 ) (-1024 -480 96 ) (-1024 -104 96 ) 
4 1162 1212 (-1024 -96 88 ) (-1024 -104 88 ) (-1024 -104 96 ) (-1024 -96 96 ) 
4 1162 1194 (-1024 0 96 ) (-1024 0 88 ) (-1024 -96 88 ) (-1024 -96 96 ) 
4 1162 1192 (-1024 -1024 92 ) (-1024 -1024 88 ) (-880 -1024 88 ) (-880 -1024 92 ) 
4 1162 1186 (-880 -1024 96 ) (-1024 -1024 96 ) (-1024 -1024 92 ) (-880 -1024 92 ) 
4 1162 1180 (-1024 0 88 ) (-880 0 88 ) (-880 -1024 88 ) (-1024 -1024 88 ) 
4 1163 1193 (-736 -1024 -96 ) (-736 -1024 0 ) (-768 -1024 0 ) (-768 -1024 -96 ) 
4 1163 1192 (-736 -1024 0 ) (-736 -1024 88 ) (-768 -1024 88 ) (-768 -1024 0 ) 
4 1163 1181 (-736 -472 -96 ) (-736 -1024 -96 ) (-768 -1024 -96 ) (-768 -444 -96 ) 
4 1163 1169 (-768 -444 -40 ) (-768 -444 88 ) (-736 -472 88 ) (-736 -472 -40 ) 
4 1163 1170 (-736 -472 -96 ) (-768 -444 -96 ) (-768 -444 -48 ) (-736 -472 -48 ) 
4 1163 1164 (-768 -443.998047 88 ) (-768 -443.998047 -96 ) (-768 -448 -96 ) (-768 -448 88 ) 
4 1163 1165 (-768 -464 -96 ) (-768 -1024 -96 ) (-768 -1024 88 ) (-768 -464 88 ) 
4 1164 1181 (-784 -448 -96 ) (-784 -430 -96 ) (-768 -444 -96 ) (-768 -448 -96 ) 
4 1164 1169 (-784 -430 -40 ) (-784 -430 88 ) (-768 -444 88 ) (-768 -444 -40 ) 
4 1164 1170 (-768 -444 -96 ) (-784 -430 -96 ) (-784 -430 -48 ) (-768 -444 -48 ) 
4 1164 1166 (-784 -429.998047 88 ) (-784 -429.998047 -96 ) (-784 -448 -96 ) (-784 -448 88 ) 
4 1165 1193 (-784 -1024 0 ) (-784 -1024 -96 ) (-768 -1024 -96 ) (-768 -1024 0 ) 
4 1165 1192 (-768 -1024 88 ) (-784 -1024 88 ) (-784 -1024 0 ) (-768 -1024 0 ) 
4 1165 1181 (-768 -1024 -96 ) (-784 -1024 -96 ) (-784 -464 -96 ) (-768 -464 -96 ) 
4 1165 1166 (-784 -464 -96 ) (-784 -1024 -96 ) (-784 -1024 88 ) (-784 -464 88 ) 
4 1166 1193 (-856 -1024 0 ) (-856 -1024 -96 ) (-784 -1024 -96 ) (-784 -1024 0 ) 
4 1166 1192 (-784 -1024 88 ) (-856 -1024 88 ) (-856 -1024 0 ) (-784 -1024 0 ) 
4 1166 1181 (-784 -1024 -96 ) (-856 -1024 -96 ) (-856 -367 -96 ) (-784 -430 -96 ) 
4 1166 1169 (-856 -367 -40 ) (-856 -367 88 ) (-784 -430 88 ) (-784 -430 -40 ) 
4 1166 1170 (-784 -430 -96 ) (-856 -367 -96 ) (-856 -367 -48 ) (-784 -430 -48 ) 
4 1166 1167 (-856 -366.998047 88 ) (-856 -366.998047 -96 ) (-856 -384 -96 ) (-856 -384 88 ) 
4 1166 1168 (-856 -400 -96 ) (-856 -1024 -96 ) (-856 -1024 88 ) (-856 -400 88 ) 
4 1167 1181 (-872 -384 -96 ) (-872 -353 -96 ) (-856 -367 -96 ) (-856 -384 -96 ) 
4 1167 1179 (-864 -360 -96 ) (-872 -353 -96 ) (-872 -353 88 ) (-864 -360 88 ) 
4 1167 1178 (-856 -367 -96 ) (-864 -360 -96 ) (-864 -360 -48 ) (-856 -367 -48 ) 
4 1167 1177 (-864 -360 -40 ) (-864 -360 88 ) (-856 -367 88 ) (-856 -367 -40 ) 
4 1167 1180 (-872 -353 -96 ) (-872 -384 -96 ) (-872 -384 88 ) (-872 -353 88 ) 
4 1168 1193 (-872 -1024 0 ) (-872 -1024 -96 ) (-856 -1024 -96 ) (-856 -1024 0 ) 
4 1168 1192 (-856 -1024 88 ) (-872 -1024 88 ) (-872 -1024 0 ) (-856 -1024 0 ) 
4 1168 1181 (-856 -1024 -96 ) (-872 -1024 -96 ) (-872 -400 -96 ) (-856 -400 -96 ) 
4 1168 1180 (-872 -400 -96 ) (-872 -1024 -96 ) (-872 -1024 88 ) (-872 -400 88 ) 
4 1169 1177 (-856 -366.998047 -40 ) (-856 -366.998047 88 ) (-856 -256 88 ) (-856 -256 -40 ) 
4 1169 1172 (-856 -240 88 ) (-856 -112 88 ) (-856 -112 -40 ) (-856 -240 -40 ) 
4 1169 1171 (-856 -96 88 ) (-856 0 88 ) (-856 0 -40 ) (-856 -96 -40 ) 
4 1170 1181 (-856 0 -96 ) (-736 0 -96 ) (-736 -472 -96 ) (-856 -367 -96 ) 
4 1170 1178 (-856 -256 -96 ) (-856 -366.998047 -96 ) (-856 -366.998047 -48 ) (-856 -256 -48 ) 
4 1170 1173 (-856 0 -96 ) (-856 -96 -96 ) (-856 -96 -48 ) (-856 0 -48 ) 
4 1170 1174 (-856 -112 -96 ) (-856 -240 -96 ) (-856 -240 -48 ) (-856 -112 -48 ) 
4 1171 1175 (-864 -96 88 ) (-864 0 88 ) (-864 0 -40 ) (-864 -96 -40 ) 
4 1172 1176 (-864 -240 -40 ) (-864 -240 88 ) (-864 -112 88 ) (-864 -112 -40 ) 
4 1173 1181 (-864 0 -96 ) (-856 0 -96 ) (-856 -96 -96 ) (-864 -96 -96 ) 
4 1173 1175 (-864 0 -96 ) (-864 -96 -96 ) (-864 -96 -48 ) (-864 0 -48 ) 
4 1174 1181 (-856 -112 -96 ) (-856 -240 -96 ) (-864 -240 -96 ) (-864 -112 -96 ) 
4 1174 1176 (-864 -112 -96 ) (-864 -240 -96 ) (-864 -240 -48 ) (-864 -112 -48 ) 
4 1175 1181 (-872 0 -96 ) (-864 0 -96 ) (-864 -96 -96 ) (-872 -96 -96 ) 
4 1175 1180 (-872 0 -96 ) (-872 -96 -96 ) (-872 -96 88 ) (-872 0 88 ) 
4 1176 1181 (-864 -112 -96 ) (-864 -240 -96 ) (-872 -240 -96 ) (-872 -112 -96 ) 
4 1176 1180 (-872 -112 -96 ) (-872 -240 -96 ) (-872 -240 88 ) (-872 -112 88 ) 
4 1177 1179 (-864 -360 -40 ) (-864 -360 88 ) (-864 -256 88 ) (-864 -256 -40 ) 
4 1178 1181 (-856 -256 -96 ) (-856 -367 -96 ) (-864 -360 -96 ) (-864 -256 -96 ) 
4 1178 1179 (-864 -256 -96 ) (-864 -360 -96 ) (-864 -360 -48 ) (-864 -256 -48 ) 
4 1179 1181 (-864 -360 -96 ) (-872 -353 -96 ) (-872 -256 -96 ) (-864 -256 -96 ) 
4 1179 1180 (-872 -256 -96 ) (-872 -353 -96 ) (-872 -353 88 ) (-872 -256 88 ) 
4 1180 1238 (-1024 -96 -96 ) (-1024 -1024 -96 ) (-1024 -1024 -48 ) (-1024 -96 -48 ) 
4 1180 1236 (-1024 -1024 -48 ) (-1024 -1024 88 ) (-1024 -480 88 ) (-1024 -480 -48 ) 
4 1180 1226 (-1024 -104 80 ) (-1024 -104 -48 ) (-1024 -480 -48 ) (-1024 -480 80 ) 
4 1180 1225 (-1024 -480 88 ) (-1024 -104 88 ) (-1024 -104 80 ) (-1024 -480 80 ) 
4 1180 1216 (-1024 -96 80 ) (-1024 -96 -48 ) (-1024 -104 -48 ) (-1024 -104 80 ) 
4 1180 1215 (-1024 -104 88 ) (-1024 -96 88 ) (-1024 -96 80 ) (-1024 -104 80 ) 
4 1180 1209 (-1024 -56 -96 ) (-1024 -96 -96 ) (-1024 -96 -48 ) (-1024 -56 -48 ) 
4 1180 1203 (-1024 0 -48 ) (-1024 0 -96 ) (-1024 -56 -96 ) (-1024 -56 -48 ) 
4 1180 1198 (-1024 0 80 ) (-1024 0 -48 ) (-1024 -96 -48 ) (-1024 -96 80 ) 
4 1180 1197 (-1024 0 88 ) (-1024 0 80 ) (-1024 -96 80 ) (-1024 -96 88 ) 
4 1180 1193 (-1024 -1024 0 ) (-1024 -1024 -96 ) (-872 -1024 -96 ) (-872 -1024 0 ) 
4 1180 1192 (-872 -1024 88 ) (-1024 -1024 88 ) (-1024 -1024 0 ) (-872 -1024 0 ) 
4 1180 1181 (-1024 -1024 -96 ) (-1024 0 -96 ) (-872 0 -96 ) (-872 -1024 -96 ) 
4 1181 1242 (-1024 -96 -1504 ) (-1024 -1024 -1504 ) (-1024 -1024 -160 ) (-1024 -96 -160 ) 
4 1181 1240 (-1024 -512 -96 ) (-1024 -96 -96 ) (-1024 -96 -160 ) (-1024 -512 -160 ) 
4 1181 1241 (-1024 -1024 -160 ) (-1024 -1024 -96 ) (-1024 -512 -96 ) (-1024 -512 -160 ) 
4 1181 1211 (-1024 0 -160 ) (-1024 0 -1504 ) (-1024 -96 -1504 ) (-1024 -96 -160 ) 
4 1181 1210 (-1024 0 -96 ) (-1024 0 -160 ) (-1024 -96 -160 ) (-1024 -96 -96 ) 
4 1181 1193 (-736 -1024 -1504 ) (-736 -1024 -96 ) (-1024 -1024 -96 ) (-1024 -1024 -1504 ) 
4 1182 1285 (0 -2048 96 ) (0 -2048 2784 ) (-1024 -2048 2784 ) (-1024 -2048 96 ) 
4 1182 1283 (-1024 -2048 96 ) (-1024 -2048 2784 ) (-1024 -1024 2784 ) (-1024 -1024 96 ) 
4 1182 1185 (-64 -1816 96 ) (-64 -1024 96 ) (-16 -1024 96 ) (-16 -1816 96 ) 
4 1182 1186 (-64 -2048 96 ) (-1024 -2048 96 ) (-1024 -1024 96 ) (-64 -1024 96 ) 
4 1182 1183 (-16 -1816 96 ) (-16 -1024 96 ) (0 -1024 96 ) (0 -1816 96 ) 
4 1182 1184 (0 -2048 96 ) (-16 -2048 96 ) (-16 -1864 96 ) (0 -1864 96 ) 
4 1183 1187 (-16 -1024 92 ) (0 -1024 92 ) (0 -1816 92 ) (-16 -1816 92 ) 
4 1183 1185 (-16 -1024 92 ) (-16 -1816 92 ) (-16 -1816 96 ) (-16 -1024 96 ) 
4 1184 1286 (0 -2048 92 ) (0 -2048 96 ) (-16 -2048 96 ) (-16 -2048 92 ) 
4 1184 1189 (0 -1864 92 ) (0 -2048 92 ) (-16 -2048 92 ) (-16 -1864 92 ) 
4 1185 1191 (-64 -1024 92 ) (-16 -1024 92 ) (-16 -1816 92 ) (-64 -1816 92 ) 
4 1185 1186 (-64 -1024 92 ) (-64 -1816 92 ) (-64 -1816 96 ) (-64 -1024 96 ) 
4 1186 1289 (-64 -2048 96 ) (-1024 -2048 96 ) (-1024 -2048 92 ) (-64 -2048 92 ) 
4 1186 1283 (-1024 -2048 92 ) (-1024 -2048 96 ) (-1024 -1024 96 ) (-1024 -1024 92 ) 
4 1186 1192 (-1024 -2048 92 ) (-1024 -1024 92 ) (-64 -1024 92 ) (-64 -2048 92 ) 
4 1187 1193 (-16 -1024 0 ) (-16 -1024 -1504 ) (-16 -1816 -1504 ) (-16 -1816 0 ) 
4 1187 1191 (-16 -1816 92 ) (-16 -1024 92 ) (-16 -1024 0 ) (-16 -1816 0 ) 
4 1187 1188 (-16 -1816 0 ) (-16 -1816 -1504 ) (0 -1816 -1504 ) (0 -1816 0 ) 
4 1188 1193 (-16 -1864 -1504 ) (-16 -1864 0 ) (-16 -1816 0 ) (-16 -1816 -1504 ) 
4 1188 1190 (-16 -1864 0 ) (-16 -1864 -1504 ) (0 -1864 -1504 ) (0 -1864 0 ) 
4 1189 1290 (0 -2048 32 ) (0 -2048 92 ) (-16 -2048 92 ) (-16 -2048 32 ) 
4 1190 1291 (0 -2048 -1504 ) (0 -2048 0 ) (-16 -2048 0 ) (-16 -2048 -1504 ) 
4 1190 1193 (-16 -2048 -1504 ) (-16 -2048 0 ) (-16 -1864 0 ) (-16 -1864 -1504 ) 
4 1191 1193 (-64 -1024 0 ) (-16 -1024 0 ) (-16 -1816 0 ) (-64 -1816 0 ) 
4 1191 1192 (-64 -1024 0 ) (-64 -1816 0 ) (-64 -1816 92 ) (-64 -1024 92 ) 
4 1192 1295 (-64 -2048 92 ) (-1024 -2048 92 ) (-1024 -2048 0 ) (-64 -2048 0 ) 
4 1192 1283 (-1024 -2048 0 ) (-1024 -2048 92 ) (-1024 -1024 92 ) (-1024 -1024 0 ) 
4 1192 1193 (-1024 -2048 0 ) (-1024 -1024 0 ) (-64 -1024 0 ) (-64 -2048 0 ) 
4 1193 1296 (-16 -2048 -1504 ) (-16 -2048 0 ) (-1024 -2048 0 ) (-1024 -2048 -1504 ) 
4 1193 1283 (-1024 -2048 -1504 ) (-1024 -2048 0 ) (-1024 -1024 0 ) (-1024 -1024 -1504 ) 
4 1194 1213 (-1648 -96 2784 ) (-1728 -96 2784 ) (-1728 -96 216 ) (-1648 -96 216 ) 
4 1194 1212 (-1024 -96 88 ) (-1024 -96 2784 ) (-1648 -96 2784 ) (-1648 -96 88 ) 
4 1194 1197 (-1024 -96 88 ) (-1648 -96 88 ) (-1648 0 88 ) (-1024 0 88 ) 
4 1194 1195 (-1728 0 2784 ) (-1728 0 344 ) (-1728 -96 344 ) (-1728 -96 2784 ) 
4 1195 1243 (-2048 0 2784 ) (-2048 0 344 ) (-2048 -96 344 ) (-2048 -96 2784 ) 
4 1195 1213 (-1736 -96 344 ) (-1728 -96 344 ) (-1728 -96 2784 ) (-1736 -96 2784 ) 
4 1195 1214 (-2048 -96 2784 ) (-2048 -96 344 ) (-1736 -96 344 ) (-1736 -96 2784 ) 
4 1195 1196 (-2048 0 344 ) (-1736 0 344 ) (-1736 -96 344 ) (-2048 -96 344 ) 
4 1196 1247 (-2048 0 216 ) (-2048 0 88 ) (-2048 -96 88 ) (-2048 -96 216 ) 
4 1196 1243 (-2048 0 344 ) (-2048 0 216 ) (-2048 -96 216 ) (-2048 -96 344 ) 
4 1196 1214 (-2048 -96 344 ) (-2048 -96 88 ) (-1736 -96 88 ) (-1736 -96 344 ) 
4 1197 1215 (-1024 -96 80 ) (-1024 -96 88 ) (-1648 -96 88 ) (-1648 -96 80 ) 
4 1197 1198 (-1024 -96 80 ) (-1648 -96 80 ) (-1648 0 80 ) (-1024 0 80 ) 
4 1198 1216 (-1024 -96 -48 ) (-1024 -96 80 ) (-1648 -96 80 ) (-1648 -96 -48 ) 
4 1198 1209 (-1024 -96 -48 ) (-1648 -96 -48 ) (-1648 -56 -48 ) (-1024 -56 -48 ) 
4 1198 1205 (-1664 -56 -48 ) (-1664 0 -48 ) (-1656 0 -48 ) (-1656 -56 -48 ) 
4 1198 1204 (-1656 0 -48 ) (-1640 0 -48 ) (-1640 -56 -48 ) (-1656 -56 -48 ) 
4 1198 1203 (-1640 0 -48 ) (-1024 0 -48 ) (-1024 -56 -48 ) (-1640 -56 -48 ) 
4 1198 1199 (-1664 0 -48 ) (-1664 -72 -48 ) (-1664 -72 80 ) (-1664 0 80 ) 
4 1198 1200 (-1664 -88 -48 ) (-1664 -96 -48 ) (-1664 -96 80 ) (-1664 -88 80 ) 
4 1199 1206 (-1680 -56 -48 ) (-1680 0 -48 ) (-1672 0 -48 ) (-1672 -56 -48 ) 
4 1199 1205 (-1672 0 -48 ) (-1664 0 -48 ) (-1664 -56 -48 ) (-1672 -56 -48 ) 
4 1199 1201 (-1680 0 -48 ) (-1680 -72 -48 ) (-1680 -72 80 ) (-1680 0 80 ) 
4 1200 1201 (-1680 -88 -48 ) (-1680 -96 -48 ) (-1680 -96 80 ) (-1680 -88 80 ) 
4 1201 1208 (-1720 0 -48 ) (-1704 0 -48 ) (-1704 -56 -48 ) (-1720 -56 -48 ) 
4 1201 1207 (-1704 0 -48 ) (-1688 0 -48 ) (-1688 -56 -48 ) (-1704 -56 -48 ) 
4 1201 1206 (-1688 0 -48 ) (-1680 0 -48 ) (-1680 -56 -48 ) (-1688 -56 -48 ) 
4 1202 1251 (-2048 0 80 ) (-2048 0 -48 ) (-2048 -96 -48 ) (-2048 -96 80 ) 
4 1202 1217 (-1976 -96 72 ) (-1976 -96 -48 ) (-1848 -96 -48 ) (-1848 -96 72 ) 
4 1203 1210 (-1088 0 -96 ) (-1024 0 -96 ) (-1024 -56 -96 ) (-1088 -56 -96 ) 
4 1203 1209 (-1640 -56 -96 ) (-1024 -56 -96 ) (-1024 -56 -48 ) (-1640 -56 -48 ) 
4 1203 1204 (-1640 -56 -88 ) (-1640 -56 -48 ) (-1640 0 -48 ) (-1640 0 -88 ) 
4 1204 1209 (-1640 -56 -88 ) (-1640 -56 -48 ) (-1648 -56 -48 ) (-1648 -56 -88 ) 
4 1204 1205 (-1656 -56 -80 ) (-1656 -56 -48 ) (-1656 0 -48 ) (-1656 0 -80 ) 
4 1205 1206 (-1672 -56 -72 ) (-1672 -56 -48 ) (-1672 0 -48 ) (-1672 0 -72 ) 
4 1206 1207 (-1688 -56 -64 ) (-1688 -56 -48 ) (-1688 0 -48 ) (-1688 0 -64 ) 
4 1207 1208 (-1704 -56 -56 ) (-1704 -56 -48 ) (-1704 0 -48 ) (-1704 0 -56 ) 
4 1209 1238 (-1024 -96 -96 ) (-1024 -96 -48 ) (-1648 -96 -48 ) (-1648 -96 -96 ) 
4 1209 1210 (-1024 -96 -96 ) (-1088 -96 -96 ) (-1088 -56 -96 ) (-1024 -56 -96 ) 
4 1210 1240 (-1024 -96 -160 ) (-1024 -96 -96 ) (-1088 -96 -96 ) (-1088 -96 -160 ) 
4 1210 1211 (-1024 -96 -160 ) (-1088 -96 -160 ) (-1088 0 -160 ) (-1024 0 -160 ) 
4 1211 1282 (-2048 0 -160 ) (-2048 0 -1504 ) (-2048 -96 -1504 ) (-2048 -96 -160 ) 
4 1211 1242 (-1024 -96 -1504 ) (-1024 -96 -160 ) (-2048 -96 -160 ) (-2048 -96 -1504 ) 
4 1212 1221 (-1024 -104 88 ) (-1024 -104 216 ) (-1648 -104 216 ) (-1648 -104 88 ) 
4 1212 1220 (-1024 -104 216 ) (-1024 -104 2784 ) (-1648 -104 2784 ) (-1648 -104 216 ) 
4 1212 1215 (-1024 -104 88 ) (-1648 -104 88 ) (-1648 -96 88 ) (-1024 -96 88 ) 
4 1212 1213 (-1648 -104 216 ) (-1648 -104 2784 ) (-1648 -96 2784 ) (-1648 -96 216 ) 
4 1213 1220 (-1648 -104 2784 ) (-1736 -104 2784 ) (-1736 -104 216 ) (-1648 -104 216 ) 
4 1213 1214 (-1736 -104 216 ) (-1736 -104 2784 ) (-1736 -96 2784 ) (-1736 -96 216 ) 
4 1214 1247 (-2048 -96 216 ) (-2048 -96 88 ) (-2048 -104 88 ) (-2048 -104 216 ) 
4 1214 1243 (-2048 -96 2784 ) (-2048 -96 216 ) (-2048 -104 216 ) (-2048 -104 2784 ) 
4 1214 1222 (-2048 -104 216 ) (-2048 -104 88 ) (-1736 -104 88 ) (-1736 -104 216 ) 
4 1214 1220 (-1736 -104 2784 ) (-2048 -104 2784 ) (-2048 -104 216 ) (-1736 -104 216 ) 
4 1215 1225 (-1024 -104 80 ) (-1024 -104 88 ) (-1648 -104 88 ) (-1648 -104 80 ) 
4 1215 1216 (-1024 -104 80 ) (-1648 -104 80 ) (-1648 -96 80 ) (-1024 -96 80 ) 
4 1216 1238 (-1648 -96 -48 ) (-1024 -96 -48 ) (-1024 -104 -48 ) (-1648 -104 -48 ) 
4 1216 1226 (-1648 -104 -48 ) (-1024 -104 -48 ) (-1024 -104 80 ) (-1648 -104 80 ) 
4 1217 1218 (-1856 -98 64 ) (-1968 -98 64 ) (-1968 -98 -48 ) (-1856 -98 -48 ) 
4 1218 1219 (-1856 -102 64 ) (-1968 -102 64 ) (-1968 -102 -48 ) (-1856 -102 -48 ) 
4 1219 1227 (-1976 -104 -48 ) (-1848 -104 -48 ) (-1848 -104 72 ) (-1976 -104 72 ) 
4 1220 1283 (-1024 -1024 216 ) (-1024 -1024 2784 ) (-2048 -1024 2784 ) (-2048 -1024 216 ) 
4 1220 1243 (-2048 -1024 216 ) (-2048 -1024 2784 ) (-2048 -104 2784 ) (-2048 -104 216 ) 
4 1220 1224 (-1648 -1024 216 ) (-2048 -1024 216 ) (-2048 -488 216 ) (-1648 -488 216 ) 
4 1220 1223 (-1024 -1024 216 ) (-1648 -1024 216 ) (-1648 -480 216 ) (-1024 -480 216 ) 
4 1220 1221 (-1648 -104 216 ) (-1024 -104 216 ) (-1024 -480 216 ) (-1648 -480 216 ) 
4 1220 1222 (-2048 -480 216 ) (-2048 -104 216 ) (-1656 -104 216 ) (-1656 -480 216 ) 
4 1221 1225 (-1648 -104 88 ) (-1024 -104 88 ) (-1024 -480 88 ) (-1648 -480 88 ) 
4 1221 1223 (-1648 -480 88 ) (-1024 -480 88 ) (-1024 -480 216 ) (-1648 -480 216 ) 
4 1222 1247 (-2048 -480 216 ) (-2048 -104 216 ) (-2048 -104 88 ) (-2048 -480 88 ) 
4 1223 1283 (-1024 -1024 88 ) (-1024 -1024 216 ) (-1648 -1024 216 ) (-1648 -1024 88 ) 
4 1223 1236 (-1648 -480 88 ) (-1024 -480 88 ) (-1024 -1024 88 ) (-1648 -1024 88 ) 
4 1223 1224 (-1648 -488 88 ) (-1648 -1024 88 ) (-1648 -1024 216 ) (-1648 -488 216 ) 
4 1224 1283 (-1648 -1024 216 ) (-2048 -1024 216 ) (-2048 -1024 88 ) (-1648 -1024 88 ) 
4 1224 1249 (-2048 -1024 88 ) (-2048 -1024 216 ) (-2048 -488 216 ) (-2048 -488 88 ) 
4 1224 1237 (-2048 -1024 88 ) (-2048 -488 88 ) (-1648 -488 88 ) (-1648 -1024 88 ) 
4 1225 1236 (-1024 -480 80 ) (-1024 -480 88 ) (-1648 -480 88 ) (-1648 -480 80 ) 
4 1225 1226 (-1024 -480 80 ) (-1648 -480 80 ) (-1648 -104 80 ) (-1024 -104 80 ) 
4 1226 1238 (-1648 -104 -48 ) (-1024 -104 -48 ) (-1024 -480 -48 ) (-1648 -480 -48 ) 
4 1226 1236 (-1648 -480 -48 ) (-1024 -480 -48 ) (-1024 -480 80 ) (-1648 -480 80 ) 
4 1227 1232 (-1992 -372 72 ) (-1992 -372 -48 ) (-1992 -444 -48 ) (-1992 -444 72 ) 
4 1227 1228 (-1992 -328 80 ) (-1992 -104 80 ) (-1992 -104 -48 ) (-1992 -328 -48 ) 
4 1229 1265 (-2048 -104 80 ) (-2048 -104 -48 ) (-2048 -328 -48 ) (-2048 -328 80 ) 
4 1230 1266 (-2048 -336 -48 ) (-2048 -372 -48 ) (-2048 -372 80 ) (-2048 -336 80 ) 
4 1230 1234 (-2048 -372 -48 ) (-2000 -372 -48 ) (-2000 -372 72 ) (-2048 -372 72 ) 
4 1230 1231 (-2000 -372 72 ) (-2000 -372 80 ) (-2048 -372 80 ) (-2048 -372 72 ) 
4 1231 1266 (-2048 -444 72 ) (-2048 -444 80 ) (-2048 -372 80 ) (-2048 -372 72 ) 
4 1231 1235 (-2000 -444 80 ) (-2048 -444 80 ) (-2048 -444 72 ) (-2000 -444 72 ) 
4 1231 1234 (-2000 -444 72 ) (-2048 -444 72 ) (-2048 -372 72 ) (-2000 -372 72 ) 
4 1232 1233 (-1994 -380 64 ) (-1994 -380 -48 ) (-1994 -436 -48 ) (-1994 -436 64 ) 
4 1233 1234 (-1998 -380 64 ) (-1998 -380 -48 ) (-1998 -436 -48 ) (-1998 -436 64 ) 
4 1234 1266 (-2048 -372 -48 ) (-2048 -444 -48 ) (-2048 -444 72 ) (-2048 -372 72 ) 
4 1234 1235 (-2048 -444 -48 ) (-2000 -444 -48 ) (-2000 -444 72 ) (-2048 -444 72 ) 
4 1235 1266 (-2048 -444 -48 ) (-2048 -480 -48 ) (-2048 -480 80 ) (-2048 -444 80 ) 
4 1236 1283 (-1024 -1024 -48 ) (-1024 -1024 88 ) (-1648 -1024 88 ) (-1648 -1024 -48 ) 
4 1236 1238 (-1648 -480 -48 ) (-1024 -480 -48 ) (-1024 -1024 -48 ) (-1648 -1024 -48 ) 
4 1236 1237 (-1648 -488 -48 ) (-1648 -1024 -48 ) (-1648 -1024 88 ) (-1648 -488 88 ) 
4 1237 1283 (-1648 -1024 88 ) (-2048 -1024 88 ) (-2048 -1024 -48 ) (-1648 -1024 -48 ) 
4 1237 1268 (-2048 -1024 -48 ) (-2048 -1024 88 ) (-2048 -488 88 ) (-2048 -488 -48 ) 
4 1237 1239 (-2048 -1024 -48 ) (-2048 -488 -48 ) (-1648 -488 -48 ) (-1648 -1024 -48 ) 
4 1238 1283 (-1024 -1024 -96 ) (-1024 -1024 -48 ) (-1648 -1024 -48 ) (-1648 -1024 -96 ) 
4 1238 1240 (-1088 -96 -96 ) (-1024 -96 -96 ) (-1024 -512 -96 ) (-1088 -512 -96 ) 
4 1238 1241 (-1024 -1024 -96 ) (-1648 -1024 -96 ) (-1648 -512 -96 ) (-1024 -512 -96 ) 
4 1238 1239 (-1648 -488 -96 ) (-1648 -1024 -96 ) (-1648 -1024 -48 ) (-1648 -488 -48 ) 
4 1239 1283 (-1648 -1024 -48 ) (-2048 -1024 -48 ) (-2048 -1024 -96 ) (-1648 -1024 -96 ) 
4 1239 1270 (-2048 -1024 -96 ) (-2048 -1024 -48 ) (-2048 -488 -48 ) (-2048 -488 -96 ) 
4 1239 1241 (-1648 -1024 -96 ) (-2048 -1024 -96 ) (-2048 -512 -96 ) (-1648 -512 -96 ) 
4 1240 1242 (-1088 -96 -160 ) (-1024 -96 -160 ) (-1024 -512 -160 ) (-1088 -512 -160 ) 
4 1240 1241 (-1088 -512 -160 ) (-1024 -512 -160 ) (-1024 -512 -96 ) (-1088 -512 -96 ) 
4 1241 1283 (-1024 -1024 -160 ) (-1024 -1024 -96 ) (-2048 -1024 -96 ) (-2048 -1024 -160 ) 
4 1241 1280 (-2048 -1024 -160 ) (-2048 -1024 -96 ) (-2048 -512 -96 ) (-2048 -512 -160 ) 
4 1241 1242 (-2048 -1024 -160 ) (-2048 -512 -160 ) (-1024 -512 -160 ) (-1024 -1024 -160 ) 
4 1242 1283 (-1024 -1024 -1504 ) (-1024 -1024 -160 ) (-2048 -1024 -160 ) (-2048 -1024 -1504 ) 
4 1242 1282 (-2048 -1024 -1504 ) (-2048 -1024 -160 ) (-2048 -96 -160 ) (-2048 -96 -1504 ) 
4 1243 1284 (-2048 -1024 216 ) (-2048 -1024 2784 ) (-2152 -1024 2784 ) (-2152 -1024 216 ) 
4 1243 1249 (-2048 -488 216 ) (-2048 -1024 216 ) (-2152 -1024 216 ) (-2152 -488 216 ) 
4 1243 1247 (-2152 0 216 ) (-2048 0 216 ) (-2048 -480 216 ) (-2152 -480 216 ) 
4 1243 1244 (-2152 -104 344 ) (-2152 -104 2784 ) (-2152 0 2784 ) (-2152 0 344 ) 
4 1243 1245 (-2152 -104 216 ) (-2152 -1024 216 ) (-2152 -1024 2784 ) (-2152 -104 2784 ) 
4 1244 1245 (-2160 -104 2784 ) (-2160 -104 344 ) (-2152 -104 344 ) (-2152 -104 2784 ) 
4 1244 1246 (-2160 -104 344 ) (-2160 -104 2784 ) (-2160 0 2784 ) (-2160 0 344 ) 
4 1245 1284 (-2152 -1024 2784 ) (-2160 -1024 2784 ) (-2160 -1024 216 ) (-2152 -1024 216 ) 
4 1245 1249 (-2152 -488 216 ) (-2152 -1024 216 ) (-2160 -1024 216 ) (-2160 -488 216 ) 
4 1245 1246 (-2160 -104 216 ) (-2160 -1024 216 ) (-2160 -1024 2784 ) (-2160 -104 2784 ) 
4 1246 1302 (-3072 0 2784 ) (-3072 0 216 ) (-3072 -1024 216 ) (-3072 -1024 2784 ) 
4 1246 1284 (-2160 -1024 2784 ) (-3072 -1024 2784 ) (-3072 -1024 216 ) (-2160 -1024 216 ) 
4 1246 1250 (-2160 -480 216 ) (-2160 -1024 216 ) (-3072 -1024 216 ) (-3072 -480 216 ) 
4 1246 1248 (-3072 0 216 ) (-2160 0 216 ) (-2160 -480 216 ) (-3072 -480 216 ) 
4 1248 1302 (-3072 0 216 ) (-3072 0 88 ) (-3072 -480 88 ) (-3072 -480 216 ) 
4 1248 1267 (-3072 -480 88 ) (-3072 -104 88 ) (-2160 -104 88 ) (-2160 -480 88 ) 
4 1248 1264 (-3072 -104 88 ) (-3072 -96 88 ) (-2160 -96 88 ) (-2160 -104 88 ) 
4 1248 1260 (-3072 -96 88 ) (-3072 0 88 ) (-2280 0 88 ) (-2280 -96 88 ) 
4 1248 1259 (-2272 0 88 ) (-2252 0 88 ) (-2252 -88 88 ) (-2272 -88 88 ) 
4 1248 1255 (-2252 0 88 ) (-2180 0 88 ) (-2180 -88 88 ) (-2252 -88 88 ) 
4 1248 1254 (-2160 -64 88 ) (-2160 -88 88 ) (-2180 -88 88 ) (-2180 -64 88 ) 
4 1248 1253 (-2180 0 88 ) (-2160 0 88 ) (-2160 -64 88 ) (-2180 -64 88 ) 
4 1248 1250 (-3072 -480 88 ) (-2160 -480 88 ) (-2160 -480 216 ) (-3072 -480 216 ) 
4 1249 1284 (-2048 -1024 88 ) (-2048 -1024 216 ) (-2160 -1024 216 ) (-2160 -1024 88 ) 
4 1249 1268 (-2048 -1024 88 ) (-2160 -1024 88 ) (-2160 -488 88 ) (-2048 -488 88 ) 
4 1249 1250 (-2160 -488 88 ) (-2160 -1024 88 ) (-2160 -1024 216 ) (-2160 -488 216 ) 
4 1250 1302 (-3072 -480 88 ) (-3072 -1024 88 ) (-3072 -1024 216 ) (-3072 -480 216 ) 
4 1250 1284 (-2160 -1024 216 ) (-3072 -1024 216 ) (-3072 -1024 88 ) (-2160 -1024 88 ) 
4 1250 1269 (-2160 -1024 88 ) (-3072 -1024 88 ) (-3072 -480 88 ) (-2160 -480 88 ) 
4 1251 1261 (-2124 -96 -48 ) (-2052 -96 -48 ) (-2052 -96 72 ) (-2124 -96 72 ) 
4 1251 1252 (-2152 0 -48 ) (-2152 -64 -48 ) (-2152 -64 72 ) (-2152 0 72 ) 
4 1252 1253 (-2160 0 -48 ) (-2160 -64 -48 ) (-2160 -64 72 ) (-2160 0 72 ) 
4 1253 1256 (-2180 0 -48 ) (-2180 -64 -48 ) (-2180 -64 72 ) (-2180 0 72 ) 
4 1253 1255 (-2180 -64 72 ) (-2180 -64 88 ) (-2180 0 88 ) (-2180 0 72 ) 
4 1253 1254 (-2180 -64 88 ) (-2180 -64 -48 ) (-2160 -64 -48 ) (-2160 -64 88 ) 
4 1254 1256 (-2180 -64 -48 ) (-2180 -88 -48 ) (-2180 -88 72 ) (-2180 -64 72 ) 
4 1254 1255 (-2180 -88 72 ) (-2180 -88 88 ) (-2180 -64 88 ) (-2180 -64 72 ) 
4 1255 1259 (-2252 -88 88 ) (-2252 0 88 ) (-2252 0 72 ) (-2252 -88 72 ) 
4 1255 1256 (-2252 -88 72 ) (-2252 0 72 ) (-2180 0 72 ) (-2180 -88 72 ) 
4 1256 1259 (-2252 0 -48 ) (-2252 -88 -48 ) (-2252 -88 72 ) (-2252 0 72 ) 
4 1256 1257 (-2244 -90 64 ) (-2244 -90 -48 ) (-2188 -90 -48 ) (-2188 -90 64 ) 
4 1257 1258 (-2244 -94 64 ) (-2244 -94 -48 ) (-2188 -94 -48 ) (-2188 -94 64 ) 
4 1258 1264 (-2252 -96 -48 ) (-2180 -96 -48 ) (-2180 -96 72 ) (-2252 -96 72 ) 
4 1260 1302 (-3072 0 88 ) (-3072 0 -48 ) (-3072 -96 -48 ) (-3072 -96 88 ) 
4 1260 1279 (-3072 0 -48 ) (-2280 0 -48 ) (-2280 -96 -48 ) (-3072 -96 -48 ) 
4 1260 1264 (-3072 -96 -48 ) (-2280 -96 -48 ) (-2280 -96 88 ) (-3072 -96 88 ) 
4 1261 1262 (-2060 -98 64 ) (-2116 -98 64 ) (-2116 -98 -48 ) (-2060 -98 -48 ) 
4 1262 1263 (-2060 -102 64 ) (-2116 -102 64 ) (-2116 -102 -48 ) (-2060 -102 -48 ) 
4 1263 1265 (-2124 -104 -48 ) (-2052 -104 -48 ) (-2052 -104 72 ) (-2124 -104 72 ) 
4 1264 1302 (-3072 -96 -48 ) (-3072 -104 -48 ) (-3072 -104 88 ) (-3072 -96 88 ) 
4 1264 1278 (-2256 -104 -48 ) (-2272 -104 -48 ) (-2272 -96 -48 ) (-2256 -96 -48 ) 
4 1264 1279 (-2272 -104 -48 ) (-3072 -104 -48 ) (-3072 -96 -48 ) (-2272 -96 -48 ) 
4 1264 1272 (-2176 -104 -48 ) (-2256 -104 -48 ) (-2256 -96 -48 ) (-2176 -96 -48 ) 
4 1264 1271 (-2160 -104 -48 ) (-2176 -104 -48 ) (-2176 -96 -48 ) (-2160 -96 -48 ) 
4 1264 1267 (-3072 -104 -48 ) (-2160 -104 -48 ) (-2160 -104 88 ) (-3072 -104 88 ) 
4 1267 1302 (-3072 -104 -48 ) (-3072 -480 -48 ) (-3072 -480 88 ) (-3072 -104 88 ) 
4 1267 1278 (-2256 -480 -48 ) (-2272 -480 -48 ) (-2272 -104 -48 ) (-2256 -104 -48 ) 
4 1267 1279 (-2272 -480 -48 ) (-3072 -480 -48 ) (-3072 -104 -48 ) (-2272 -104 -48 ) 
4 1267 1276 (-2256 -176 -48 ) (-2256 -160 -48 ) (-2176 -160 -48 ) (-2176 -176 -48 ) 
4 1267 1277 (-2176 -480 -48 ) (-2256 -480 -48 ) (-2256 -176 -48 ) (-2176 -176 -48 ) 
4 1267 1275 (-2256 -160 -48 ) (-2256 -144 -48 ) (-2176 -144 -48 ) (-2176 -160 -48 ) 
4 1267 1274 (-2256 -144 -48 ) (-2256 -128 -48 ) (-2176 -128 -48 ) (-2176 -144 -48 ) 
4 1267 1273 (-2256 -128 -48 ) (-2256 -112 -48 ) (-2176 -112 -48 ) (-2176 -128 -48 ) 
4 1267 1272 (-2256 -112 -48 ) (-2256 -104 -48 ) (-2176 -104 -48 ) (-2176 -112 -48 ) 
4 1267 1271 (-2160 -480 -48 ) (-2176 -480 -48 ) (-2176 -104 -48 ) (-2160 -104 -48 ) 
4 1267 1269 (-3072 -480 -48 ) (-2160 -480 -48 ) (-2160 -480 88 ) (-3072 -480 88 ) 
4 1268 1284 (-2048 -1024 -48 ) (-2048 -1024 88 ) (-2160 -1024 88 ) (-2160 -1024 -48 ) 
4 1268 1270 (-2048 -488 -48 ) (-2048 -1024 -48 ) (-2160 -1024 -48 ) (-2160 -488 -48 ) 
4 1268 1269 (-2160 -488 -48 ) (-2160 -1024 -48 ) (-2160 -1024 88 ) (-2160 -488 88 ) 
4 1269 1302 (-3072 -480 -48 ) (-3072 -1024 -48 ) (-3072 -1024 88 ) (-3072 -480 88 ) 
4 1269 1284 (-2160 -1024 88 ) (-3072 -1024 88 ) (-3072 -1024 -48 ) (-2160 -1024 -48 ) 
4 1269 1278 (-2256 -1024 -48 ) (-2272 -1024 -48 ) (-2272 -480 -48 ) (-2256 -480 -48 ) 
4 1269 1279 (-2272 -1024 -48 ) (-3072 -1024 -48 ) (-3072 -480 -48 ) (-2272 -480 -48 ) 
4 1269 1277 (-2176 -1024 -48 ) (-2256 -1024 -48 ) (-2256 -480 -48 ) (-2176 -480 -48 ) 
4 1269 1271 (-2160 -1024 -48 ) (-2176 -1024 -48 ) (-2176 -480 -48 ) (-2160 -480 -48 ) 
4 1270 1284 (-2048 -1024 -96 ) (-2048 -1024 -48 ) (-2160 -1024 -48 ) (-2160 -1024 -96 ) 
4 1270 1280 (-2048 -1024 -96 ) (-2160 -1024 -96 ) (-2160 -512 -96 ) (-2048 -512 -96 ) 
4 1270 1271 (-2160 -488 -96 ) (-2160 -1024 -96 ) (-2160 -1024 -48 ) (-2160 -488 -48 ) 
4 1271 1284 (-2160 -1024 -48 ) (-2176 -1024 -48 ) (-2176 -1024 -96 ) (-2160 -1024 -96 ) 
4 1271 1280 (-2160 -1024 -96 ) (-2176 -1024 -96 ) (-2176 -512 -96 ) (-2160 -512 -96 ) 
4 1271 1276 (-2176 -176 -88 ) (-2176 -176 -48 ) (-2176 -160 -48 ) (-2176 -160 -88 ) 
4 1271 1277 (-2176 -176 -96 ) (-2176 -1024 -96 ) (-2176 -1024 -48 ) (-2176 -176 -48 ) 
4 1271 1275 (-2176 -160 -80 ) (-2176 -160 -48 ) (-2176 -144 -48 ) (-2176 -144 -80 ) 
4 1271 1274 (-2176 -144 -72 ) (-2176 -144 -48 ) (-2176 -128 -48 ) (-2176 -128 -72 ) 
4 1271 1273 (-2176 -128 -64 ) (-2176 -128 -48 ) (-2176 -112 -48 ) (-2176 -112 -64 ) 
4 1271 1272 (-2176 -112 -56 ) (-2176 -112 -48 ) (-2176 -96 -48 ) (-2176 -96 -56 ) 
4 1272 1278 (-2256 -112 -56 ) (-2256 -112 -48 ) (-2256 -96 -48 ) (-2256 -96 -56 ) 
4 1272 1273 (-2256 -112 -48 ) (-2256 -112 -56 ) (-2176 -112 -56 ) (-2176 -112 -48 ) 
4 1273 1278 (-2256 -128 -64 ) (-2256 -128 -48 ) (-2256 -112 -48 ) (-2256 -112 -64 ) 
4 1273 1274 (-2256 -128 -48 ) (-2256 -128 -64 ) (-2176 -128 -64 ) (-2176 -128 -48 ) 
4 1274 1278 (-2256 -144 -72 ) (-2256 -144 -48 ) (-2256 -128 -48 ) (-2256 -128 -72 ) 
4 1274 1275 (-2256 -144 -48 ) (-2256 -144 -72 ) (-2176 -144 -72 ) (-2176 -144 -48 ) 
4 1275 1278 (-2256 -160 -80 ) (-2256 -160 -48 ) (-2256 -144 -48 ) (-2256 -144 -80 ) 
4 1275 1276 (-2256 -160 -48 ) (-2256 -160 -80 ) (-2176 -160 -80 ) (-2176 -160 -48 ) 
4 1276 1278 (-2256 -176 -88 ) (-2256 -176 -48 ) (-2256 -160 -48 ) (-2256 -160 -88 ) 
4 1276 1277 (-2256 -176 -48 ) (-2256 -176 -88 ) (-2176 -176 -88 ) (-2176 -176 -48 ) 
4 1277 1284 (-2176 -1024 -48 ) (-2256 -1024 -48 ) (-2256 -1024 -96 ) (-2176 -1024 -96 ) 
4 1277 1280 (-2176 -1024 -96 ) (-2240 -1024 -96 ) (-2240 -512 -96 ) (-2176 -512 -96 ) 
4 1277 1281 (-2240 -1024 -96 ) (-2256 -1024 -96 ) (-2256 -176 -96 ) (-2240 -176 -96 ) 
4 1277 1278 (-2256 -176 -96 ) (-2256 -1024 -96 ) (-2256 -1024 -48 ) (-2256 -176 -48 ) 
4 1278 1284 (-2256 -1024 -48 ) (-2272 -1024 -48 ) (-2272 -1024 -96 ) (-2256 -1024 -96 ) 
4 1278 1281 (-2256 -1024 -96 ) (-2272 -1024 -96 ) (-2272 -96 -96 ) (-2256 -96 -96 ) 
4 1278 1279 (-2272 -96 -96 ) (-2272 -1024 -96 ) (-2272 -1024 -48 ) (-2272 -96 -48 ) 
4 1279 1302 (-3072 0 -48 ) (-3072 0 -96 ) (-3072 -1024 -96 ) (-3072 -1024 -48 ) 
4 1279 1284 (-2272 -1024 -48 ) (-3072 -1024 -48 ) (-3072 -1024 -96 ) (-2272 -1024 -96 ) 
4 1279 1281 (-2272 -1024 -96 ) (-3072 -1024 -96 ) (-3072 0 -96 ) (-2272 0 -96 ) 
4 1280 1284 (-2048 -1024 -160 ) (-2048 -1024 -96 ) (-2240 -1024 -96 ) (-2240 -1024 -160 ) 
4 1280 1282 (-2048 -512 -160 ) (-2048 -1024 -160 ) (-2240 -1024 -160 ) (-2240 -512 -160 ) 
4 1280 1281 (-2240 -512 -160 ) (-2240 -1024 -160 ) (-2240 -1024 -96 ) (-2240 -512 -96 ) 
4 1281 1302 (-3072 0 -96 ) (-3072 0 -160 ) (-3072 -1024 -160 ) (-3072 -1024 -96 ) 
4 1281 1284 (-2240 -1024 -96 ) (-3072 -1024 -96 ) (-3072 -1024 -160 ) (-2240 -1024 -160 ) 
4 1281 1282 (-3072 0 -160 ) (-2240 0 -160 ) (-2240 -1024 -160 ) (-3072 -1024 -160 ) 
4 1282 1302 (-3072 0 -160 ) (-3072 0 -1504 ) (-3072 -1024 -1504 ) (-3072 -1024 -160 ) 
4 1282 1284 (-2048 -1024 -1504 ) (-2048 -1024 -160 ) (-3072 -1024 -160 ) (-3072 -1024 -1504 ) 
4 1283 1297 (-1024 -2048 -1504 ) (-1024 -2048 2784 ) (-2048 -2048 2784 ) (-2048 -2048 -1504 ) 
4 1283 1284 (-2048 -1024 2784 ) (-2048 -1024 -1504 ) (-2048 -2048 -1504 ) (-2048 -2048 2784 ) 
4 1284 1303 (-3072 -2048 -1504 ) (-3072 -2048 2784 ) (-3072 -1024 2784 ) (-3072 -1024 -1504 ) 
4 1284 1298 (-2048 -2048 -1504 ) (-2048 -2048 2784 ) (-3072 -2048 2784 ) (-3072 -2048 -1504 ) 
4 1285 1299 (0 -3072 96 ) (0 -3072 2784 ) (-1024 -3072 2784 ) (-1024 -3072 96 ) 
4 1285 1297 (-1024 -3072 96 ) (-1024 -3072 2784 ) (-1024 -2048 2784 ) (-1024 -2048 96 ) 
4 1285 1288 (-16 -2136 96 ) (-16 -3072 96 ) (-64 -3072 96 ) (-64 -2136 96 ) 
4 1285 1289 (-1024 -3072 96 ) (-1024 -2048 96 ) (-64 -2048 96 ) (-64 -3072 96 ) 
4 1285 1286 (-16 -2048 96 ) (0 -2048 96 ) (0 -2088 96 ) (-16 -2088 96 ) 
4 1285 1287 (0 -2136 96 ) (0 -3072 96 ) (-16 -3072 96 ) (-16 -2136 96 ) 
4 1286 1290 (-16 -2088 92 ) (-16 -2048 92 ) (0 -2048 92 ) (0 -2088 92 ) 
4 1287 1299 (0 -3072 92 ) (0 -3072 96 ) (-16 -3072 96 ) (-16 -3072 92 ) 
4 1287 1293 (0 -3072 92 ) (-16 -3072 92 ) (-16 -2136 92 ) (0 -2136 92 ) 
4 1287 1288 (-16 -2136 92 ) (-16 -3072 92 ) (-16 -3072 96 ) (-16 -2136 96 ) 
4 1288 1299 (-16 -3072 96 ) (-64 -3072 96 ) (-64 -3072 92 ) (-16 -3072 92 ) 
4 1288 1294 (-16 -3072 92 ) (-64 -3072 92 ) (-64 -2136 92 ) (-16 -2136 92 ) 
4 1288 1289 (-64 -2136 92 ) (-64 -3072 92 ) (-64 -3072 96 ) (-64 -2136 96 ) 
4 1289 1299 (-64 -3072 96 ) (-1024 -3072 96 ) (-1024 -3072 92 ) (-64 -3072 92 ) 
4 1289 1297 (-1024 -3072 92 ) (-1024 -3072 96 ) (-1024 -2048 96 ) (-1024 -2048 92 ) 
4 1289 1295 (-64 -3072 92 ) (-1024 -3072 92 ) (-1024 -2048 92 ) (-64 -2048 92 ) 
4 1291 1296 (-16 -2088 -1504 ) (-16 -2088 0 ) (-16 -2048 0 ) (-16 -2048 -1504 ) 
4 1291 1292 (-16 -2088 0 ) (-16 -2088 -1504 ) (0 -2088 -1504 ) (0 -2088 0 ) 
4 1292 1296 (-16 -2088 0 ) (-16 -2088 -1504 ) (-16 -2136 -1504 ) (-16 -2136 0 ) 
4 1292 1293 (-16 -2136 0 ) (-16 -2136 -1504 ) (0 -2136 -1504 ) (0 -2136 0 ) 
4 1293 1299 (0 -3072 -1504 ) (0 -3072 92 ) (-16 -3072 92 ) (-16 -3072 -1504 ) 
4 1293 1296 (-16 -3072 -1504 ) (-16 -3072 0 ) (-16 -2136 0 ) (-16 -2136 -1504 ) 
4 1293 1294 (-16 -3072 0 ) (-16 -3072 92 ) (-16 -2136 92 ) (-16 -2136 0 ) 
4 1294 1299 (-16 -3072 0 ) (-16 -3072 92 ) (-64 -3072 92 ) (-64 -3072 0 ) 
4 1294 1296 (-16 -2136 0 ) (-16 -3072 0 ) (-64 -3072 0 ) (-64 -2136 0 ) 
4 1294 1295 (-64 -2136 0 ) (-64 -3072 0 ) (-64 -3072 92 ) (-64 -2136 92 ) 
4 1295 1299 (-64 -3072 92 ) (-1024 -3072 92 ) (-1024 -3072 0 ) (-64 -3072 0 ) 
4 1295 1297 (-1024 -3072 0 ) (-1024 -3072 92 ) (-1024 -2048 92 ) (-1024 -2048 0 ) 
4 1295 1296 (-1024 -2048 0 ) (-64 -2048 0 ) (-64 -3072 0 ) (-1024 -3072 0 ) 
4 1296 1299 (-16 -3072 -1504 ) (-16 -3072 0 ) (-1024 -3072 0 ) (-1024 -3072 -1504 ) 
4 1296 1297 (-1024 -3072 -1504 ) (-1024 -3072 0 ) (-1024 -2048 0 ) (-1024 -2048 -1504 ) 
4 1297 1300 (-1024 -3072 -1504 ) (-1024 -3072 2784 ) (-2048 -3072 2784 ) (-2048 -3072 -1504 ) 
4 1297 1298 (-2048 -2048 2784 ) (-2048 -2048 -1504 ) (-2048 -3072 -1504 ) (-2048 -3072 2784 ) 
4 1298 1306 (-3072 -3072 -1504 ) (-3072 -3072 2784 ) (-3072 -2048 2784 ) (-3072 -2048 -1504 ) 
4 1298 1301 (-3072 -3072 2784 ) (-3072 -3072 -1504 ) (-2048 -3072 -1504 ) (-2048 -3072 2784 ) 
4 1299 1300 (-1024 -3072 2784 ) (-1024 -3072 -1504 ) (-1024 -4064 -1504 ) (-1024 -4064 2784 ) 
4 1300 1301 (-2048 -3072 2784 ) (-2048 -3072 -1504 ) (-2048 -4064 -1504 ) (-2048 -4064 2784 ) 
4 1301 1308 (-3072 -4064 2784 ) (-3072 -3072 2784 ) (-3072 -3072 -1504 ) (-3072 -4064 -1504 ) 
4 1302 1304 (-4096 0 2784 ) (-4096 0 -1504 ) (-4096 -1024 -1504 ) (-4096 -1024 2784 ) 
4 1302 1303 (-3072 -1024 -1504 ) (-3072 -1024 2784 ) (-4096 -1024 2784 ) (-4096 -1024 -1504 ) 
4 1303 1306 (-3072 -2048 -1504 ) (-3072 -2048 2784 ) (-4096 -2048 2784 ) (-4096 -2048 -1504 ) 
4 1303 1305 (-4096 -2048 -1504 ) (-4096 -2048 2784 ) (-4096 -1024 2784 ) (-4096 -1024 -1504 ) 
4 1304 1305 (-4096 -1024 -1504 ) (-4096 -1024 2784 ) (-4320 -1024 2784 ) (-4320 -1024 -1504 ) 
4 1305 1307 (-4096 -2048 -1504 ) (-4096 -2048 2784 ) (-4320 -2048 2784 ) (-4320 -2048 -1504 ) 
4 1306 1308 (-3072 -3072 -1504 ) (-3072 -3072 2784 ) (-4096 -3072 2784 ) (-4096 -3072 -1504 ) 
4 1306 1307 (-4096 -3072 -1504 ) (-4096 -3072 2784 ) (-4096 -2048 2784 ) (-4096 -2048 -1504 ) 
4 1307 1309 (-4096 -3072 -1504 ) (-4096 -3072 2784 ) (-4320 -3072 2784 ) (-4320 -3072 -1504 ) 
4 1308 1309 (-4096 -3072 2784 ) (-4096 -3072 -1504 ) (-4096 -4064 -1504 ) (-4096 -4064 2784 ) 
