PRT1
479
1305
4 0 4 (3072 3072 -1504 ) (3072 3072 2784 ) (3072 3552 2784 ) (3072 3552 -1504 ) 
4 0 1 (4064 3072 2784 ) (3072 3072 2784 ) (3072 3072 -1504 ) (4064 3072 -1504 ) 
4 1 7 (3072 2048 -1504 ) (3072 2048 2784 ) (3072 3072 2784 ) (3072 3072 -1504 ) 
4 1 2 (3072 2048 2784 ) (3072 2048 -1504 ) (4064 2048 -1504 ) (4064 2048 2784 ) 
4 2 10 (3072 1024 -1504 ) (3072 1024 2784 ) (3072 2048 2784 ) (3072 2048 -1504 ) 
4 2 3 (3072 1024 2784 ) (3072 1024 -1504 ) (4064 1024 -1504 ) (4064 1024 2784 ) 
4 3 19 (4064 0 2784 ) (3072 0 2784 ) (3072 0 -1504 ) (4064 0 -1504 ) 
4 3 11 (3072 0 -1504 ) (3072 0 2784 ) (3072 1024 2784 ) (3072 1024 -1504 ) 
4 4 7 (3072 3072 -1504 ) (3072 3072 2784 ) (2048 3072 2784 ) (2048 3072 -1504 ) 
4 4 5 (2048 3072 -1504 ) (2048 3072 2784 ) (2048 3552 2784 ) (2048 3552 -1504 ) 
4 5 8 (2048 3072 -1504 ) (2048 3072 2784 ) (1024 3072 2784 ) (1024 3072 -1504 ) 
4 5 6 (1024 3072 -1504 ) (1024 3072 2784 ) (1024 3552 2784 ) (1024 3552 -1504 ) 
4 6 38 (0 3072 -1504 ) (0 3072 2784 ) (0 3552 2784 ) (0 3552 -1504 ) 
4 6 9 (1024 3072 -1504 ) (1024 3072 2784 ) (0 3072 2784 ) (0 3072 -1504 ) 
4 7 10 (3072 2048 -1504 ) (3072 2048 2784 ) (2048 2048 2784 ) (2048 2048 -1504 ) 
4 7 8 (2048 2048 -1504 ) (2048 2048 2784 ) (2048 3072 2784 ) (2048 3072 -1504 ) 
4 8 12 (2048 2048 -1504 ) (2048 2048 2784 ) (1024 2048 2784 ) (1024 2048 -1504 ) 
4 8 9 (1024 3072 2784 ) (1024 3072 -1504 ) (1024 2048 -1504 ) (1024 2048 2784 ) 
4 9 41 (0 2048 -1504 ) (0 2048 2784 ) (0 3072 2784 ) (0 3072 -1504 ) 
4 9 13 (0 2048 2784 ) (0 2048 -1504 ) (1024 2048 -1504 ) (1024 2048 2784 ) 
4 10 12 (2048 2048 2784 ) (2048 2048 -1504 ) (2048 1024 -1504 ) (2048 1024 2784 ) 
4 10 11 (3072 1024 -1504 ) (3072 1024 2784 ) (2048 1024 2784 ) (2048 1024 -1504 ) 
4 11 23 (3072 0 -1504 ) (3072 0 2784 ) (2048 0 2784 ) (2048 0 -1504 ) 
4 11 14 (2048 0 -1504 ) (2048 0 2784 ) (2048 1024 2784 ) (2048 1024 -1504 ) 
4 12 14 (2048 1024 -1504 ) (2048 1024 2784 ) (1024 1024 2784 ) (1024 1024 -1504 ) 
4 12 13 (1024 2048 2784 ) (1024 2048 -1504 ) (1024 1024 -1504 ) (1024 1024 2784 ) 
4 13 44 (0 1024 -1504 ) (0 1024 2784 ) (0 2048 2784 ) (0 2048 -1504 ) 
4 13 18 (0 1024 0 ) (0 1024 -1504 ) (1024 1024 -1504 ) (1024 1024 0 ) 
4 13 16 (0 1024 64 ) (0 1024 0 ) (1024 1024 0 ) (1024 1024 64 ) 
4 13 15 (0 1024 2784 ) (0 1024 64 ) (1024 1024 64 ) (1024 1024 2784 ) 
4 14 25 (2048 0 -1504 ) (2048 0 2784 ) (1024 0 2784 ) (1024 0 -1504 ) 
4 14 18 (1024 1024 0 ) (1024 1024 -1504 ) (1024 0 -1504 ) (1024 0 0 ) 
4 14 17 (1024 256 0 ) (1024 0 0 ) (1024 0 64 ) (1024 256 64 ) 
4 14 16 (1024 1024 64 ) (1024 1024 0 ) (1024 256 0 ) (1024 256 64 ) 
4 14 15 (1024 1024 2784 ) (1024 1024 64 ) (1024 0 64 ) (1024 0 2784 ) 
4 15 218 (0 0 64 ) (0 0 96 ) (0 256 96 ) (0 256 64 ) 
4 15 217 (0 256 96 ) (0 336 96 ) (0 336 64 ) (0 256 64 ) 
4 15 216 (0 336 96 ) (0 1024 96 ) (0 1024 64 ) (0 336 64 ) 
4 15 165 (0 0 96 ) (0 0 224 ) (0 1024 224 ) (0 1024 96 ) 
4 15 114 (0 0 224 ) (0 0 360 ) (0 200 360 ) (0 200 224 ) 
4 15 111 (0 216 360 ) (0 1024 360 ) (0 1024 224 ) (0 488 224 ) 
4 15 110 (0 216 224 ) (0 200 224 ) (0 200 254.399994 ) (0 216 248 ) 
4 15 108 (0 276 224 ) (0 256 224 ) (0 216 240 ) (0 216 248 ) 
3 15 107 (0 256 224 ) (0 216 224 ) (0 216 240 ) 
5 15 104 (0 200 360 ) (0 216 360 ) (0 488 224 ) (0 276 224 ) (0 200 254.399994 ) 
4 15 85 (0 0 360 ) (0 0 424 ) (0 104 424 ) (0 104 360 ) 
4 15 71 (0 104 424 ) (0 1024 424 ) (0 1024 360 ) (0 104 360 ) 
4 15 54 (0 0 424 ) (0 0 480 ) (0 64 480 ) (0 64 424 ) 
3 15 47 (0 64 480 ) (0 104 424 ) (0 64 424 ) 
4 15 46 (0 64 480 ) (0 1024 480 ) (0 1024 424 ) (0 104 424 ) 
4 15 45 (0 0 480 ) (0 0 2784 ) (0 1024 2784 ) (0 1024 480 ) 
4 15 26 (1024 0 64 ) (1024 0 2784 ) (0 0 2784 ) (0 0 64 ) 
4 15 17 (1024 0 64 ) (288 0 64 ) (288 256 64 ) (1024 256 64 ) 
4 15 16 (0 256 64 ) (0 1024 64 ) (1024 1024 64 ) (1024 256 64 ) 
4 16 217 (0 256 64 ) (0 336 64 ) (0 336 0 ) (0 256 0 ) 
4 16 216 (0 336 64 ) (0 1024 64 ) (0 1024 0 ) (0 336 0 ) 
4 16 18 (0 256 0 ) (0 1024 0 ) (1024 1024 0 ) (1024 256 0 ) 
4 16 17 (288 256 0 ) (1024 256 0 ) (1024 256 64 ) (288 256 64 ) 
4 17 27 (1024 0 0 ) (1024 0 64 ) (288 0 64 ) (288 0 0 ) 
4 17 18 (288 256 0 ) (1024 256 0 ) (1024 0 0 ) (288 0 0 ) 
4 18 219 (0 0 -1504 ) (0 0 0 ) (0 1024 0 ) (0 1024 -1504 ) 
4 18 29 (1024 0 -1504 ) (1024 0 0 ) (0 0 0 ) (0 0 -1504 ) 
4 19 23 (3072 0 2784 ) (3072 0 -1504 ) (3072 -1024 -1504 ) (3072 -1024 2784 ) 
4 19 20 (4064 -1024 2784 ) (3072 -1024 2784 ) (3072 -1024 -1504 ) (4064 -1024 -1504 ) 
4 20 24 (3072 -2048 -1504 ) (3072 -2048 2784 ) (3072 -1024 2784 ) (3072 -1024 -1504 ) 
4 20 21 (4064 -2048 2784 ) (3072 -2048 2784 ) (3072 -2048 -1504 ) (4064 -2048 -1504 ) 
4 21 32 (3072 -3072 -1504 ) (3072 -3072 2784 ) (3072 -2048 2784 ) (3072 -2048 -1504 ) 
4 21 22 (3072 -3072 2784 ) (3072 -3072 -1504 ) (4064 -3072 -1504 ) (4064 -3072 2784 ) 
4 22 35 (3072 -4064 2784 ) (3072 -3072 2784 ) (3072 -3072 -1504 ) (3072 -4064 -1504 ) 
4 23 25 (2048 0 2784 ) (2048 0 -1504 ) (2048 -1024 -1504 ) (2048 -1024 2784 ) 
4 23 24 (3072 -1024 -1504 ) (3072 -1024 2784 ) (2048 -1024 2784 ) (2048 -1024 -1504 ) 
4 24 32 (3072 -2048 -1504 ) (3072 -2048 2784 ) (2048 -2048 2784 ) (2048 -2048 -1504 ) 
4 24 30 (2048 -2048 -1504 ) (2048 -2048 2784 ) (2048 -1024 2784 ) (2048 -1024 -1504 ) 
4 25 30 (2048 -1024 -1504 ) (2048 -1024 2784 ) (1024 -1024 2784 ) (1024 -1024 -1504 ) 
4 25 29 (1024 0 0 ) (1024 0 -1504 ) (1024 -1024 -1504 ) (1024 -1024 0 ) 
4 25 27 (1024 0 64 ) (1024 0 0 ) (1024 -768 0 ) (1024 -768 64 ) 
4 25 28 (1024 -768 0 ) (1024 -1024 0 ) (1024 -1024 64 ) (1024 -768 64 ) 
4 25 26 (1024 0 2784 ) (1024 0 64 ) (1024 -1024 64 ) (1024 -1024 2784 ) 
4 26 427 (0 -768 96 ) (0 -256 96 ) (0 -256 64 ) (0 -768 64 ) 
4 26 428 (0 -1024 64 ) (0 -1024 96 ) (0 -768 96 ) (0 -768 64 ) 
4 26 425 (0 -256 96 ) (0 0 96 ) (0 0 64 ) (0 -256 64 ) 
4 26 335 (0 -1024 96 ) (0 -1024 224 ) (0 -8 224 ) (0 -8 96 ) 
4 26 332 (0 -8 224 ) (0 0 224 ) (0 0 96 ) (0 -8 96 ) 
4 26 328 (0 -472 360 ) (0 -464 360 ) (0 -464 224 ) (0 -472 224 ) 
4 26 331 (0 -1024 224 ) (0 -1024 360 ) (0 -472 360 ) (0 -472 224 ) 
4 26 312 (0 -464 360 ) (0 -240 360 ) (0 -240 224 ) (0 -464 224 ) 
4 26 270 (0 -8 360 ) (0 0 360 ) (0 0 224 ) (0 -8 224 ) 
4 26 271 (0 -240 360 ) (0 -8 360 ) (0 -8 224 ) (0 -240 224 ) 
4 26 266 (0 -1024 360 ) (0 -1024 424 ) (0 -232 424 ) (0 -232 360 ) 
4 26 259 (0 -232 424 ) (0 0 424 ) (0 0 360 ) (0 -232 360 ) 
3 26 256 (0 -192 480 ) (0 -192 424 ) (0 -240 424 ) 
5 26 254 (0 -1024 424 ) (0 -1024 2784 ) (0 -192 2784 ) (0 -192 480 ) (0 -240 424 ) 
4 26 248 (0 -192 2784 ) (0 -80 2784 ) (0 -80 1282.669922 ) (0 -192 1282.669922 ) 
4 26 245 (0 0 1357.333252 ) (0 0 1282.669922 ) (0 -80 1282.669922 ) (0 -80 1357.333252 ) 
4 26 244 (0 -80 2784 ) (0 0 2784 ) (0 0 1357.333252 ) (0 -80 1357.333252 ) 
4 26 241 (0 0 472 ) (0 0 424 ) (0 -192 424 ) (0 -192 472 ) 
4 26 239 (0 0 480 ) (0 0 472 ) (0 -192 472 ) (0 -192 480 ) 
4 26 238 (0 0 1282.669922 ) (0 0 480 ) (0 -192 480 ) (0 -192 1282.669922 ) 
4 26 31 (1024 -1024 64 ) (1024 -1024 2784 ) (0 -1024 2784 ) (0 -1024 64 ) 
4 26 27 (288 0 64 ) (1024 0 64 ) (1024 -768 64 ) (288 -768 64 ) 
4 26 28 (1024 -1024 64 ) (0 -1024 64 ) (0 -768 64 ) (1024 -768 64 ) 
4 27 29 (1024 0 0 ) (1024 -768 0 ) (288 -768 0 ) (288 0 0 ) 
4 27 28 (288 -768 0 ) (1024 -768 0 ) (1024 -768 64 ) (288 -768 64 ) 
4 28 428 (0 -1024 0 ) (0 -1024 64 ) (0 -768 64 ) (0 -768 0 ) 
4 28 31 (1024 -1024 0 ) (1024 -1024 64 ) (0 -1024 64 ) (0 -1024 0 ) 
4 28 29 (1024 -768 0 ) (1024 -1024 0 ) (0 -1024 0 ) (0 -768 0 ) 
4 29 431 (0 -1024 -1504 ) (0 -1024 0 ) (0 0 0 ) (0 0 -1504 ) 
4 29 31 (1024 -1024 -1504 ) (1024 -1024 0 ) (0 -1024 0 ) (0 -1024 -1504 ) 
4 30 33 (2048 -2048 -1504 ) (2048 -2048 2784 ) (1024 -2048 2784 ) (1024 -2048 -1504 ) 
4 30 31 (1024 -1024 2784 ) (1024 -1024 -1504 ) (1024 -2048 -1504 ) (1024 -2048 2784 ) 
4 31 432 (0 -2048 -1504 ) (0 -2048 2784 ) (0 -1024 2784 ) (0 -1024 -1504 ) 
4 31 34 (1024 -2048 -1504 ) (1024 -2048 2784 ) (0 -2048 2784 ) (0 -2048 -1504 ) 
4 32 35 (3072 -3072 -1504 ) (3072 -3072 2784 ) (2048 -3072 2784 ) (2048 -3072 -1504 ) 
4 32 33 (2048 -3072 -1504 ) (2048 -3072 2784 ) (2048 -2048 2784 ) (2048 -2048 -1504 ) 
4 33 36 (2048 -3072 -1504 ) (2048 -3072 2784 ) (1024 -3072 2784 ) (1024 -3072 -1504 ) 
4 33 34 (1024 -2048 2784 ) (1024 -2048 -1504 ) (1024 -3072 -1504 ) (1024 -3072 2784 ) 
4 34 465 (0 -3072 -1504 ) (0 -3072 2784 ) (0 -2048 2784 ) (0 -2048 -1504 ) 
4 34 37 (0 -3072 2784 ) (0 -3072 -1504 ) (1024 -3072 -1504 ) (1024 -3072 2784 ) 
4 35 36 (2048 -3072 2784 ) (2048 -3072 -1504 ) (2048 -4064 -1504 ) (2048 -4064 2784 ) 
4 36 37 (1024 -3072 2784 ) (1024 -3072 -1504 ) (1024 -4064 -1504 ) (1024 -4064 2784 ) 
4 37 468 (0 -4064 2784 ) (0 -3072 2784 ) (0 -3072 -1504 ) (0 -4064 -1504 ) 
4 38 41 (0 3072 -1504 ) (0 3072 2784 ) (-1024 3072 2784 ) (-1024 3072 -1504 ) 
4 38 39 (-1024 3072 -1504 ) (-1024 3072 2784 ) (-1024 3552 2784 ) (-1024 3552 -1504 ) 
4 39 42 (-1024 3072 -1504 ) (-1024 3072 2784 ) (-2048 3072 2784 ) (-2048 3072 -1504 ) 
4 39 40 (-2048 3072 -1504 ) (-2048 3072 2784 ) (-2048 3552 2784 ) (-2048 3552 -1504 ) 
4 40 230 (-3072 3072 -1504 ) (-3072 3072 2784 ) (-3072 3552 2784 ) (-3072 3552 -1504 ) 
4 40 43 (-2048 3072 -1504 ) (-2048 3072 2784 ) (-3072 3072 2784 ) (-3072 3072 -1504 ) 
4 41 44 (0 2048 -1504 ) (0 2048 2784 ) (-1024 2048 2784 ) (-1024 2048 -1504 ) 
4 41 42 (-1024 2048 -1504 ) (-1024 2048 2784 ) (-1024 3072 2784 ) (-1024 3072 -1504 ) 
4 42 220 (-1024 2048 -1504 ) (-1024 2048 2784 ) (-2048 2048 2784 ) (-2048 2048 -1504 ) 
4 42 43 (-2048 3072 2784 ) (-2048 3072 -1504 ) (-2048 2048 -1504 ) (-2048 2048 2784 ) 
4 43 232 (-3072 2048 -1504 ) (-3072 2048 2784 ) (-3072 3072 2784 ) (-3072 3072 -1504 ) 
4 43 221 (-3072 2048 2784 ) (-3072 2048 -1504 ) (-2048 2048 -1504 ) (-2048 2048 2784 ) 
4 44 220 (-1024 2048 2784 ) (-1024 2048 -1504 ) (-1024 1024 -1504 ) (-1024 1024 2784 ) 
4 44 219 (0 1024 -1504 ) (0 1024 0 ) (-1024 1024 0 ) (-1024 1024 -1504 ) 
4 44 216 (0 1024 0 ) (0 1024 96 ) (-1024 1024 96 ) (-1024 1024 0 ) 
4 44 211 (-816 1024 224 ) (-880 1024 224 ) (-880 1024 96 ) (-816 1024 96 ) 
4 44 215 (-880 1024 224 ) (-1024 1024 224 ) (-1024 1024 96 ) (-880 1024 96 ) 
4 44 204 (-736 1024 224 ) (-816 1024 224 ) (-816 1024 96 ) (-736 1024 96 ) 
4 44 171 (-240 1024 224 ) (-736 1024 224 ) (-736 1024 96 ) (-240 1024 96 ) 
4 44 166 (-160 1024 224 ) (-240 1024 224 ) (-240 1024 96 ) (-160 1024 96 ) 
4 44 165 (0 1024 96 ) (0 1024 224 ) (-160 1024 224 ) (-160 1024 96 ) 
3 44 146 (-796 1024 224 ) (-736 1024 224 ) (-736 1024 248 ) 
4 44 145 (-736 1024 224 ) (-520 1024 224 ) (-520 1024 240 ) (-736 1024 240 ) 
4 44 143 (-520 1024 240 ) (-520 1024 248 ) (-736 1024 248 ) (-736 1024 240 ) 
3 44 142 (-520 1024 248 ) (-520 1024 334.399963 ) (-736 1024 248 ) 
4 44 139 (-520 1024 360 ) (-536 1024 360 ) (-536 1024 328 ) (-520 1024 334.399963 ) 
5 44 141 (-536 1024 360 ) (-1024 1024 360 ) (-1024 1024 224 ) (-796 1024 224 ) (-536 1024 328 ) 
4 44 136 (-520 1024 232 ) (-520 1024 224 ) (-248 1024 224 ) (-248 1024 232 ) 
4 44 117 (-248 1024 360 ) (-520 1024 360 ) (-520 1024 232 ) (-248 1024 232 ) 
4 44 112 (-224 1024 360 ) (-248 1024 360 ) (-248 1024 224 ) (-224 1024 224 ) 
4 44 111 (0 1024 224 ) (0 1024 360 ) (-224 1024 360 ) (-224 1024 224 ) 
4 44 79 (-512 1024 424 ) (-536 1024 424 ) (-536 1024 360 ) (-512 1024 360 ) 
4 44 82 (-536 1024 424 ) (-1024 1024 424 ) (-1024 1024 360 ) (-536 1024 360 ) 
4 44 74 (-224 1024 424 ) (-512 1024 424 ) (-512 1024 360 ) (-224 1024 360 ) 
4 44 71 (0 1024 360 ) (0 1024 424 ) (-224 1024 424 ) (-224 1024 360 ) 
4 44 64 (-512 1024 480 ) (-566.666687 1024 480 ) (-520 1024 424 ) (-512 1024 424 ) 
4 44 62 (-758.857117 1024 472 ) (-800 1024 424 ) (-736.002747 1024 424 ) (-694.859924 1024 472 ) 
4 44 61 (-688.002808 1024 480 ) (-752 1024 480 ) (-758.857117 1024 472 ) (-694.859924 1024 472 ) 
4 44 58 (-566.666687 1024 480 ) (-688.002808 1024 480 ) (-736.002747 1024 424 ) (-520 1024 424 ) 
4 44 57 (-752 1024 480 ) (-1024 1024 480 ) (-1024 1024 424 ) (-800 1024 424 ) 
4 44 46 (0 1024 424 ) (0 1024 480 ) (-512 1024 480 ) (-512 1024 424 ) 
4 44 45 (0 1024 480 ) (0 1024 2784 ) (-1024 1024 2784 ) (-1024 1024 480 ) 
4 45 245 (0 0 1282.670044 ) (0 0 1357.333252 ) (-752 0 480 ) (-688.002747 0 480 ) 
5 45 244 (0 0 1357.333252 ) (0 0 2784 ) (-1024 0 2784 ) (-1024 0 480 ) (-752 0 480 ) 
3 45 238 (0 0 480 ) (0 0 1282.670044 ) (-688.002747 0 480 ) 
4 45 222 (-1024 0 480 ) (-1024 0 2784 ) (-1024 1024 2784 ) (-1024 1024 480 ) 
4 45 67 (-560 64 480 ) (-512 64 480 ) (-512 16 480 ) (-560 16 480 ) 
4 45 65 (-560 136 480 ) (-512 136 480 ) (-512 64 480 ) (-560 64 480 ) 
4 45 64 (-566.666687 136 480 ) (-566.666687 1024 480 ) (-512 1024 480 ) (-512 136 480 ) 
4 45 61 (-752 32 480 ) (-752 1024 480 ) (-688.002808 1024 480 ) (-688.002808 95.997192 480 ) 
4 45 58 (-688.002808 136 480 ) (-688.002808 1024 480 ) (-566.666687 1024 480 ) (-566.666687 136 480 ) 
4 45 57 (-752 0 480 ) (-1024 0 480 ) (-1024 1024 480 ) (-752 1024 480 ) 
4 45 54 (0 0 480 ) (-288 0 480 ) (-288 64 480 ) (0 64 480 ) 
4 45 52 (-512 16 480 ) (-512 64 480 ) (-360 64 480 ) (-360 16 480 ) 
4 45 46 (-512 64 480 ) (-512 1024 480 ) (0 1024 480 ) (0 64 480 ) 
4 46 76 (-224 104 424 ) (-512 104 424 ) (-512 200 424 ) (-224 200 424 ) 
4 46 74 (-512 200 424 ) (-512 1024 424 ) (-224 1024 424 ) (-224 200 424 ) 
4 46 71 (0 1024 424 ) (0 104 424 ) (-224 104 424 ) (-224 1024 424 ) 
4 46 65 (-512 184 424 ) (-512 104 424 ) (-512 64 480 ) (-512 136 480 ) 
4 46 64 (-512 1024 424 ) (-512 184 424 ) (-512 136 480 ) (-512 1024 480 ) 
4 46 49 (-360 64.001396 480 ) (-512 64.001396 480 ) (-512 104.001389 424 ) (-399.991150 104.001389 424 ) 
4 46 47 (0 64.001389 480 ) (-288 64.001396 480 ) (-240 104.001381 424 ) (0 104.001381 424 ) 
3 46 48 (-288 64.001396 480 ) (-294.665985 64.001396 480 ) (-288 69.715172 472 ) 
4 47 86 (-224 64 424 ) (-240 64 424 ) (-240 104 424 ) (-224 104 424 ) 
4 47 85 (0 104 424 ) (0 64 424 ) (-224 64 424 ) (-224 104 424 ) 
4 47 54 (-240 64 424 ) (0 64 424 ) (0 64 480 ) (-288 64 480 ) 
4 49 93 (-399.991150 64 424 ) (-512 64 424 ) (-512 104 424 ) (-399.991150 104 424 ) 
3 49 65 (-512 104 424 ) (-512 64 424 ) (-512 64 480 ) 
4 49 53 (-512 64 472 ) (-512 64 424 ) (-399.991150 64 424 ) (-365.713043 64 472 ) 
4 49 52 (-512 64 480 ) (-512 64 472 ) (-365.713043 64 472 ) (-360 64 480 ) 
4 50 92 (-272 64 424 ) (-392 64 424 ) (-392 96 424 ) (-272 96 424 ) 
4 50 89 (-264 72 424 ) (-264 96 424 ) (-248 96 424 ) (-248 72 424 ) 
4 50 56 (-392 64 424 ) (-248 64 424 ) (-288 64 472 ) (-360 64 472 ) 
4 51 242 (-512 0 472 ) (-512 0 424 ) (-399.991150 0 424 ) (-365.713043 0 472 ) 
4 51 96 (-399.991150 0 424 ) (-512 0 424 ) (-512 56 424 ) (-399.991150 56 424 ) 
4 51 68 (-512 56 424 ) (-512 0 424 ) (-512 0 472 ) (-512 16 472 ) 
4 51 55 (-399.990906 0 424 ) (-399.990906 56 424 ) (-365.712830 16 472 ) (-365.712830 0 472 ) 
4 52 67 (-512 16 480 ) (-512 64 480 ) (-512 64 472 ) (-512 22.857128 472 ) 
4 52 53 (-512 22.857151 472 ) (-512 64 472 ) (-365.707031 64 472 ) (-365.707031 22.857124 472 ) 
3 53 69 (-512 64 424 ) (-512 22.857128 472 ) (-512 64 472 ) 
4 54 241 (0 0 424 ) (0 0 472 ) (-281.142883 0 472 ) (-240 0 424 ) 
4 54 239 (0 0 472 ) (0 0 480 ) (-288 0 480 ) (-281.142883 0 472 ) 
4 54 86 (-240 56 424 ) (-240 64 424 ) (-224 64 424 ) (-224 56 424 ) 
4 54 88 (-224 0 424 ) (-240 0 424 ) (-240 56 424 ) (-224 56 424 ) 
4 54 85 (0 64 424 ) (0 0 424 ) (-224 0 424 ) (-224 64 424 ) 
4 55 242 (-365.713043 0 472 ) (-399.991150 0 424 ) (-248 0 424 ) (-288 0 472 ) 
4 55 96 (-392 0 424 ) (-399.991150 0 424 ) (-399.991150 56 424 ) (-392 56 424 ) 
4 55 95 (-264 0 424 ) (-392 0 424 ) (-392 56 424 ) (-264 56 424 ) 
4 55 91 (-248 0 424 ) (-264 0 424 ) (-264 56 424 ) (-248 56 424 ) 
4 55 56 (-288 16.001240 472 ) (-248 56.001179 424 ) (-392 56.001858 424 ) (-360 16.001575 472 ) 
4 56 95 (-392 64 424 ) (-264 64 424 ) (-264 56 424 ) (-392 56 424 ) 
4 56 91 (-264 64 424 ) (-248 64 424 ) (-248 56 424 ) (-264 56 424 ) 
4 57 246 (-1024 0 472 ) (-1024 0 424 ) (-800 0 424 ) (-758.857117 0 472 ) 
4 57 244 (-752 0 480 ) (-1024 0 480 ) (-1024 0 472 ) (-758.857117 0 472 ) 
4 57 222 (-1024 0 424 ) (-1024 0 480 ) (-1024 1024 480 ) (-1024 1024 424 ) 
4 57 103 (-800 0 424 ) (-1024 0 424 ) (-1024 104 424 ) (-800 104 424 ) 
4 57 84 (-1024 104 424 ) (-1024 184 424 ) (-800 184 424 ) (-800 104 424 ) 
4 57 82 (-1024 184 424 ) (-1024 1024 424 ) (-800 1024 424 ) (-800 184 424 ) 
4 57 62 (-800 32 424 ) (-800 1024 424 ) (-758.857971 1024 472 ) (-758.857971 32 472 ) 
4 57 61 (-758.857971 1024 472 ) (-752 1024 480 ) (-752 32 480 ) (-758.857971 32 472 ) 
4 58 79 (-536 1024 424 ) (-520 1024 424 ) (-520 184 424 ) (-536 184 424 ) 
4 58 82 (-736.002808 184 424 ) (-736.002747 1024 424 ) (-536 1024 424 ) (-536 184 424 ) 
4 58 64 (-520 184 424 ) (-520 1024 424 ) (-566.666016 1024 480 ) (-566.666016 136 480 ) 
4 58 62 (-736.003906 1024 424 ) (-736.003906 184 424 ) (-694.861023 142.857117 472 ) (-694.861023 1024 472 ) 
4 58 61 (-694.861023 142.857117 472 ) (-688.003906 136 480 ) (-688.003906 1024 480 ) (-694.861023 1024 472 ) 
4 59 242 (-694.859924 0 472 ) (-736.002747 0 424 ) (-520 0 424 ) (-560 0 472 ) 
4 59 99 (-728 0 424 ) (-736.002808 0 424 ) (-736.002808 87.997200 424 ) (-728 96 424 ) 
5 59 98 (-520 0 424 ) (-728 0 424 ) (-728 96 424 ) (-720 104 424 ) (-520 104 424 ) 
4 59 83 (-720 104 424 ) (-648 176 424 ) (-520 176 424 ) (-520 104 424 ) 
4 59 66 (-520 0 424 ) (-520 64 424 ) (-560 64 472 ) (-560 0 472 ) 
4 59 63 (-736.003906 87.996109 424 ) (-736.003906 0 424 ) (-694.861023 0 472 ) (-694.861023 89.138977 472 ) 
4 59 60 (-648.003113 176 424 ) (-728.006531 95.996628 424 ) (-688.006470 95.996696 472 ) (-648.003113 136 472 ) 
3 60 98 (-720 104 424 ) (-728.006470 95.993507 424 ) (-728.006470 104 424 ) 
4 60 83 (-648 176 424 ) (-720 104 424 ) (-728.006470 104 424 ) (-728.006470 176 424 ) 
4 61 62 (-758.854309 32.002724 472 ) (-758.854248 1024 472 ) (-694.859436 1024 472 ) (-694.859375 95.997681 472 ) 
4 62 102 (-800 40 424 ) (-800 104 424 ) (-792 104 424 ) (-792 48 424 ) 
4 62 101 (-792 104 424 ) (-736.002808 104 424 ) (-736.002808 103.997238 424 ) (-792 48 424 ) 
4 62 84 (-800 104 424 ) (-800 184 424 ) (-736.002808 184 424 ) (-736.002808 104 424 ) 
4 62 82 (-800 184 424 ) (-800 1024 424 ) (-736.002747 1024 424 ) (-736.002808 184 424 ) 
4 63 247 (-792 0 424 ) (-736.002747 0 424 ) (-694.859924 0 472 ) (-752 0 472 ) 
4 63 100 (-736.002808 0 424 ) (-792 0 424 ) (-792 32 424 ) (-736.002808 87.997185 424 ) 
4 64 79 (-520 184 424 ) (-520 1024 424 ) (-512 1024 424 ) (-512 184 424 ) 
3 64 65 (-512 184 424 ) (-512 136 480 ) (-560 136 480 ) 
3 65 69 (-512 64 424 ) (-512 64 472 ) (-553.142883 64 472 ) 
4 65 67 (-512 64 472 ) (-512 64 480 ) (-560 64 480 ) (-553.142883 64 472 ) 
3 66 242 (-560 0 472 ) (-520 0 424 ) (-512 0 424 ) 
4 66 97 (-512 0 424 ) (-520 0 424 ) (-520 56 424 ) (-512 56 424 ) 
4 66 70 (-512 0 424 ) (-512 64 424 ) (-559.988281 16.011673 471.988281 ) (-559.988281 0 471.988281 ) 
4 67 69 (-553.142822 64 472 ) (-512 64 472 ) (-512 22.857143 472 ) (-553.142822 22.857143 472 ) 
3 68 242 (-512 0 424 ) (-512 0 472 ) (-553.142883 0 472 ) 
4 68 70 (-512 64 424 ) (-512 0 424 ) (-553.142578 0 472 ) (-553.142578 16 472 ) 
3 70 242 (-560 0 472 ) (-512 0 424 ) (-553.142883 0 472 ) 
4 71 114 (0 200 360 ) (0 104 360 ) (-224 104 360 ) (-224 200 360 ) 
4 71 111 (-224 1024 360 ) (0 1024 360 ) (0 216 360 ) (-224 216 360 ) 
4 71 104 (0 216 360 ) (0 200 360 ) (-224 200 360 ) (-224 216 360 ) 
4 71 85 (-224 104 360 ) (0 104 360 ) (0 104 424 ) (-224 104 424 ) 
4 71 77 (-224 200 360 ) (-224 104 360 ) (-224 104 376 ) (-224 200 362.285736 ) 
4 71 76 (-224 104 384 ) (-224 104 424 ) (-224 200 424 ) (-224 200 370.285675 ) 
3 71 75 (-224 272 360 ) (-224 232 360 ) (-224 216 368 ) 
5 71 74 (-224 1024 360 ) (-224 272 360 ) (-224 200 370.285706 ) (-224 200 424 ) (-224 1024 424 ) 
3 71 72 (-224 216 360 ) (-224 200 360 ) (-224 200 362.285736 ) 
4 72 104 (-224 216 360 ) (-224 200 360 ) (-240 200 360 ) (-240 216 360 ) 
4 72 77 (-240 200 360 ) (-224 200 360 ) (-224 200 362.285736 ) (-240 200 362.285736 ) 
4 73 121 (-248 200 360 ) (-512 200 360 ) (-512 208 360 ) (-248 208 360 ) 
4 73 78 (-512 200 362.285736 ) (-512 200 360 ) (-248 200 360 ) (-248 200 362.285736 ) 
4 74 117 (-512 1024 360 ) (-248 1024 360 ) (-248 272 360 ) (-512 272 360 ) 
4 74 112 (-248 1024 360 ) (-224 1024 360 ) (-224 272 360 ) (-248 272 360 ) 
5 74 79 (-512 1024 360 ) (-512 272 360 ) (-512 200 370.285706 ) (-512 200 424 ) (-512 1024 424 ) 
4 74 76 (-512 200 424 ) (-512 200 370.285706 ) (-224 200 370.285706 ) (-224 200 424 ) 
4 74 75 (-512 216 368 ) (-512 272.001007 360 ) (-224 272 360 ) (-224 216 368 ) 
4 75 117 (-248 232 360 ) (-512 232 360 ) (-512 272 360 ) (-248 272 360 ) 
4 75 112 (-224 272 360 ) (-224 232 360 ) (-248 232 360 ) (-248 272 360 ) 
3 75 81 (-512 272 360 ) (-512 232 360 ) (-512 216 368 ) 
4 76 93 (-400 104 424 ) (-512 104 424 ) (-512 104 384 ) (-400 104 384 ) 
4 76 89 (-240 104 424 ) (-264 104 424 ) (-264 104 384 ) (-240 104 384 ) 
4 76 86 (-224 104 384 ) (-224 104 424 ) (-240 104 424 ) (-240 104 384 ) 
4 76 79 (-512 184 424 ) (-512 200 424 ) (-512 200 370.285675 ) (-512 184 372.571381 ) 
4 77 114 (-224 200 360 ) (-224 104 360 ) (-240 104 360 ) (-240 200 360 ) 
4 77 87 (-240 104 360 ) (-224 104 360 ) (-224 104 376 ) (-240 104 376 ) 
4 78 121 (-248 104 360 ) (-512 104 360 ) (-512 200 360 ) (-248 200 360 ) 
4 78 94 (-512 104 360 ) (-400 104 360 ) (-400 104 376 ) (-512 104 376 ) 
4 78 90 (-264 104 360 ) (-248 104 360 ) (-248 104 376 ) (-264 104 376 ) 
4 79 139 (-536 1024 360 ) (-520 1024 360 ) (-520 272.005127 360 ) (-536 272.005157 360 ) 
4 79 117 (-520 1024 360 ) (-512 1024 360 ) (-512 272.005127 360 ) (-520 272.005127 360 ) 
4 79 81 (-536 216 368 ) (-536 272.007019 360 ) (-512 272.007812 360 ) (-512 216 368 ) 
5 79 82 (-536 1024 360 ) (-536 272.005127 360 ) (-536 184 372.571014 ) (-536 184 424 ) (-536 1024 424 ) 
4 80 140 (-520 184 360 ) (-536 184 360 ) (-536 216 360 ) (-520 216 360 ) 
3 80 82 (-536 216 360 ) (-536 184 360 ) (-536 184 364.571991 ) 
4 81 139 (-520 232 360 ) (-536 232 360 ) (-536 272.005157 360 ) (-520 272.005127 360 ) 
4 81 117 (-512 272.005127 360 ) (-512 232 360 ) (-520 232 360 ) (-520 272.005127 360 ) 
3 81 82 (-536 272.005127 360 ) (-536 232 360 ) (-536 216 368 ) 
4 82 222 (-1024 184 424 ) (-1024 1024 424 ) (-1024 1024 360 ) (-1024 184 360 ) 
4 82 141 (-1024 184 360 ) (-1024 1024 360 ) (-536 1024 360 ) (-536 184 360 ) 
4 82 84 (-1024 184 360 ) (-736 184 360 ) (-736 184 424 ) (-1024 184 424 ) 
4 83 152 (-568 104 360 ) (-576 104 360 ) (-576 176 360 ) (-568 176 360 ) 
4 83 153 (-576 104 360 ) (-728 104 360 ) (-728 176 360 ) (-576 176 360 ) 
4 83 150 (-520 104 360 ) (-568 104 360 ) (-568 176 360 ) (-520 176 360 ) 
4 83 98 (-728 104 360 ) (-520 104 360 ) (-520 104 424 ) (-728 104 424 ) 
4 84 222 (-1024 104 424 ) (-1024 184 424 ) (-1024 184 360 ) (-1024 104 360 ) 
4 84 162 (-1024 104 360 ) (-1024 184 360 ) (-800 184 360 ) (-800 104 360 ) 
4 84 157 (-800 184 360 ) (-736 184 360 ) (-736 104 360 ) (-800 104 360 ) 
4 84 102 (-800 104 360 ) (-792 104 360 ) (-792 104 424 ) (-800 104 424 ) 
4 84 101 (-792 104 360 ) (-736 104 360 ) (-736 104 424 ) (-792 104 424 ) 
4 84 103 (-1024 104 360 ) (-800 104 360 ) (-800 104 424 ) (-1024 104 424 ) 
4 85 259 (0 0 360 ) (0 0 424 ) (-224 0 424 ) (-224 0 360 ) 
4 85 114 (0 0 360 ) (-224 0 360 ) (-224 104 360 ) (0 104 360 ) 
4 85 86 (-224 104 424 ) (-224 104 384 ) (-224 56 384 ) (-224 56 424 ) 
4 85 87 (-224 104 376 ) (-224 104 360 ) (-224 56 360 ) (-224 56 376 ) 
4 85 88 (-224 56 360 ) (-224 0 360 ) (-224 0 424 ) (-224 56 424 ) 
4 86 89 (-240 104 424 ) (-240 104 384 ) (-240 72 384 ) (-240 72 424 ) 
4 86 88 (-240 56 424 ) (-240 56 384 ) (-224 56 384 ) (-224 56 424 ) 
4 87 114 (-240 56 360 ) (-240 104 360 ) (-224 104 360 ) (-224 56 360 ) 
4 87 88 (-240 56 376 ) (-240 56 360 ) (-224 56 360 ) (-224 56 376 ) 
4 88 259 (-224 0 424 ) (-240 0 424 ) (-240 0 360 ) (-224 0 360 ) 
4 88 114 (-224 0 360 ) (-240 0 360 ) (-240 56 360 ) (-224 56 360 ) 
4 90 122 (-264 72 360 ) (-264 104 360 ) (-248 104 360 ) (-248 72 360 ) 
4 91 260 (-248 0 424 ) (-264 0 424 ) (-264 0 360 ) (-248 0 360 ) 
4 91 133 (-264 56 360 ) (-264 64 360 ) (-248 64 360 ) (-248 56 360 ) 
4 91 134 (-248 0 360 ) (-264 0 360 ) (-264 56 360 ) (-248 56 360 ) 
4 91 95 (-264 64 360 ) (-264 0 360 ) (-264 0 424 ) (-264 64 424 ) 
4 92 128 (-368 64 360 ) (-392 64 360 ) (-392 96 360 ) (-368 96 360 ) 
4 92 127 (-296 64 360 ) (-368 64 360 ) (-368 96 360 ) (-296 96 360 ) 
4 92 123 (-272 64 360 ) (-296 64 360 ) (-296 96 360 ) (-272 96 360 ) 
4 92 95 (-392 64 360 ) (-272 64 360 ) (-272 64 424 ) (-392 64 424 ) 
4 94 129 (-512 64 360 ) (-512 104 360 ) (-400 104 360 ) (-400 64 360 ) 
4 95 260 (-264 0 424 ) (-392 0 424 ) (-392 0 360 ) (-264 0 360 ) 
4 95 133 (-392 56 360 ) (-392 64 360 ) (-264 64 360 ) (-264 56 360 ) 
4 95 134 (-264 0 360 ) (-392 0 360 ) (-392 56 360 ) (-264 56 360 ) 
4 95 96 (-392 56 360 ) (-392 0 360 ) (-392 0 424 ) (-392 56 424 ) 
4 96 260 (-392 0 424 ) (-512 0 424 ) (-512 0 360 ) (-392 0 360 ) 
4 96 134 (-392 0 360 ) (-512 0 360 ) (-512 56 360 ) (-392 56 360 ) 
4 96 97 (-512 56 360 ) (-512 0 360 ) (-512 0 424 ) (-512 56 424 ) 
4 97 260 (-512 0 424 ) (-520 0 424 ) (-520 0 360 ) (-512 0 360 ) 
4 97 134 (-512 0 360 ) (-520 0 360 ) (-520 56 360 ) (-512 56 360 ) 
4 97 98 (-520 56 360 ) (-520 0 360 ) (-520 0 424 ) (-520 56 424 ) 
4 98 260 (-520 0 424 ) (-728 0 424 ) (-728 0 360 ) (-520 0 360 ) 
4 98 152 (-576 64 360 ) (-576 104 360 ) (-568 104 360 ) (-568 64 360 ) 
4 98 153 (-576 0 360 ) (-728 0 360 ) (-728 104 360 ) (-576 104 360 ) 
4 98 150 (-568 64 360 ) (-568 104 360 ) (-520 104 360 ) (-520 64 360 ) 
4 98 151 (-520 0 360 ) (-568 0 360 ) (-568 56 360 ) (-520 56 360 ) 
4 98 99 (-728 96 360 ) (-728 0 360 ) (-728 0 424 ) (-728 96 424 ) 
4 99 261 (-728 0 424 ) (-736 0 424 ) (-736 0 360 ) (-728 0 360 ) 
4 99 160 (-728 0 360 ) (-736 0 360 ) (-736 25 360 ) (-728 25 360 ) 
4 99 159 (-736 25 360 ) (-736 88 360 ) (-728 96 360 ) (-728 25 360 ) 
4 99 100 (-736 88 360 ) (-736 0 360 ) (-736 0 424 ) (-736 88 424 ) 
4 100 262 (-736 0 424 ) (-792 0 424 ) (-792 0 360 ) (-736 0 360 ) 
4 100 160 (-736 0 360 ) (-792 0 360 ) (-792 25 360 ) (-736 25 360 ) 
4 100 159 (-792 25 360 ) (-792 32 360 ) (-736 88 360 ) (-736 25 360 ) 
3 101 157 (-792 48 360 ) (-792 104 360 ) (-736 104 360 ) 
4 101 102 (-792 104 424 ) (-792 104 360 ) (-792 48 360 ) (-792 48 424 ) 
4 102 157 (-800 40 360 ) (-800 104 360 ) (-792 104 360 ) (-792 48 360 ) 
4 102 103 (-800 104 424 ) (-800 104 360 ) (-800 40 360 ) (-800 40 424 ) 
4 103 265 (-800 0 424 ) (-1024 0 424 ) (-1024 0 360 ) (-800 0 360 ) 
4 103 222 (-1024 0 360 ) (-1024 0 424 ) (-1024 104 424 ) (-1024 104 360 ) 
4 103 162 (-800 0 360 ) (-1024 0 360 ) (-1024 104 360 ) (-800 104 360 ) 
4 104 170 (-180 276 224 ) (-200 276 224 ) (-200 296 224 ) (-180 296 224 ) 
4 104 168 (-200 276 224 ) (-240 276 224 ) (-240 296 224 ) (-200 296 224 ) 
4 104 167 (-160 276 224 ) (-180 276 224 ) (-180 296 224 ) (-160 296 224 ) 
4 104 166 (-240 296 224 ) (-240 488 224 ) (-160 488 224 ) (-160 296 224 ) 
4 104 165 (0 488 224 ) (0 276 224 ) (-160 276 224 ) (-160 488 224 ) 
4 104 114 (-240 200 254.399979 ) (0 200 254.399994 ) (0 200 360 ) (-240 200 360 ) 
4 104 112 (-224 488 224 ) (-240 488 224 ) (-240 232 352 ) (-224 232 352 ) 
4 104 111 (0 488 224 ) (-224 488 224 ) (-224 216 360 ) (0 216 360 ) 
4 104 110 (0 200 254.398254 ) (-240 200 254.398254 ) (-240 216 247.998260 ) (0 216 247.998260 ) 
4 104 108 (-180 275.995636 224 ) (0 275.995636 224 ) (0 216 247.998260 ) (-239.995651 216 247.998260 ) 
4 104 105 (-240 276.006470 224 ) (-240 216 248.002594 ) (-240 216 359.996155 ) (-240 487.994171 224 ) 
4 105 174 (-240 276 224 ) (-248 276 224 ) (-248 296 224 ) (-240 296 224 ) 
4 105 171 (-248 296 224 ) (-248 488 224 ) (-240 488 224 ) (-240 296 224 ) 
4 105 136 (-248 488 224 ) (-248 276 224 ) (-248 256 232 ) (-248 472 232 ) 
4 105 118 (-248 232 241.599991 ) (-248 216 248 ) (-248 216 360 ) (-248 232 352 ) 
4 105 117 (-248 256 232 ) (-248 232 241.599991 ) (-248 232 352 ) (-248 472 232 ) 
4 105 112 (-240 488 224 ) (-248 488 224 ) (-248 232 352 ) (-240 232 352 ) 
4 106 169 (-200 216 224 ) (-240 216 224 ) (-240 256 224 ) (-200 256 224 ) 
3 106 109 (-240 216 224 ) (-200 216 224 ) (-240 216 240 ) 
4 107 167 (-160 216 224 ) (-180 216 224 ) (-180 256 224 ) (-160 256 224 ) 
4 107 165 (0 256 224 ) (0 216 224 ) (-160 216 224 ) (-160 256 224 ) 
4 107 110 (-180 216 224 ) (0 216 224 ) (0 216 240 ) (-220 216 240 ) 
4 107 108 (0 255.997543 224 ) (-180 255.997559 224 ) (-219.997574 216 240 ) (0 216 240 ) 
4 108 167 (-160 256 224 ) (-180 256 224 ) (-180 276 224 ) (-160 276 224 ) 
4 108 165 (0 276 224 ) (0 256 224 ) (-160 256 224 ) (-160 276 224 ) 
4 108 110 (0 216 248 ) (-240 216 248 ) (-220 216 240 ) (0 216 240 ) 
4 109 169 (-200 200 224 ) (-240 200 224 ) (-240 216 224 ) (-200 216 224 ) 
3 109 113 (-240 200 224 ) (-200 200 224 ) (-240 200 240 ) 
4 110 167 (-160 200 224 ) (-180 200 224 ) (-180 216 224 ) (-160 216 224 ) 
4 110 165 (0 216 224 ) (0 200 224 ) (-160 200 224 ) (-160 216 224 ) 
5 110 114 (-180 200 224 ) (0 200 224 ) (0 200 254.399994 ) (-240 200 254.399979 ) (-240 200 248 ) 
4 111 166 (-160 488 224 ) (-224 488 224 ) (-224 1024 224 ) (-160 1024 224 ) 
4 111 165 (0 1024 224 ) (0 488 224 ) (-160 488 224 ) (-160 1024 224 ) 
5 111 112 (-224 1024 224 ) (-224 487.996094 224 ) (-224 232 351.998047 ) (-224 232 360 ) (-224 1024 360 ) 
4 112 171 (-240 488 224 ) (-248 488 224 ) (-248 1024 224 ) (-240 1024 224 ) 
4 112 166 (-224 488 224 ) (-240 488 224 ) (-240 1024 224 ) (-224 1024 224 ) 
4 112 136 (-248 1024 224 ) (-248 488 224 ) (-248 472 232 ) (-248 1024 232 ) 
5 112 117 (-248 472 232 ) (-248 232 352 ) (-248 232 360 ) (-248 1024 360 ) (-248 1024 232 ) 
3 113 269 (-240 0 240 ) (-240 0 224 ) (-200 0 224 ) 
4 113 169 (-200 0 224 ) (-240 0 224 ) (-240 200 224 ) (-200 200 224 ) 
5 114 270 (0 0 224 ) (0 0 360 ) (-240 0 360 ) (-240 0 248 ) (-180 0 224 ) 
4 114 167 (-160 0 224 ) (-180 0 224 ) (-180 200 224 ) (-160 200 224 ) 
4 114 165 (0 200 224 ) (0 0 224 ) (-160 0 224 ) (-160 200 224 ) 
4 114 116 (-240 0 264 ) (-240 0 352 ) (-240 12 352 ) (-240 12 264 ) 
4 114 115 (-240 200 352 ) (-240 200 264 ) (-240 104 264 ) (-240 104 352 ) 
4 115 121 (-248 104 264 ) (-248 104 352 ) (-248 200 352 ) (-248 200 264 ) 
4 116 272 (-248 0 352 ) (-248 0 264 ) (-240 0 264 ) (-240 0 352 ) 
4 116 134 (-248 0 264 ) (-248 0 352 ) (-248 12 352 ) (-248 12 264 ) 
4 117 145 (-520 1024 240 ) (-520 1024 232 ) (-520 256 232 ) (-520 236 240 ) 
5 117 143 (-520 1024 248 ) (-520 1024 240 ) (-520 236 240 ) (-520 232 241.600006 ) (-520 232 248 ) 
4 117 142 (-520 1024 334.399963 ) (-520 1024 248 ) (-520 232 248 ) (-520 232 334.399963 ) 
4 117 139 (-520 232 360 ) (-520 1024 360 ) (-520 1024 334.399963 ) (-520 232 334.399963 ) 
4 117 136 (-520 256 232 ) (-520 1024 232 ) (-248 1024 232 ) (-248 256 232 ) 
4 117 118 (-520 232 352 ) (-520 232 241.599625 ) (-248 232 241.599609 ) (-248 232 352 ) 
3 118 143 (-520 232 248 ) (-520 232 241.600006 ) (-520 216 248 ) 
4 118 142 (-520 232 334.400024 ) (-520 232 248 ) (-520 216 248 ) (-520 216 334.399963 ) 
4 118 140 (-520 216 360 ) (-520 232 352 ) (-520 232 334.400024 ) (-520 216 334.399963 ) 
4 118 120 (-264 216 264 ) (-264 216 352 ) (-496 216 352 ) (-496 216 264 ) 
3 119 144 (-520 236 232 ) (-520 216 232 ) (-520 216 240 ) 
4 119 135 (-520 216 232 ) (-520 236 232 ) (-248 236 232 ) (-248 216 232 ) 
4 120 121 (-264 208 264 ) (-264 208 352 ) (-496 208 352 ) (-496 208 264 ) 
4 121 130 (-512 160 232 ) (-512 104 232 ) (-512 104 352 ) (-512 160 352 ) 
4 121 129 (-512 104 360 ) (-512 104 232 ) (-400 104 232 ) (-400 104 360 ) 
4 121 124 (-368 104 232 ) (-296 104 232 ) (-296 104 352 ) (-368 104 352 ) 
4 121 122 (-264 104 232 ) (-248 104 232 ) (-248 104 360 ) (-264 104 360 ) 
4 123 133 (-296 64 232 ) (-272 64 232 ) (-272 64 360 ) (-296 64 360 ) 
4 123 127 (-296 96 232 ) (-296 64 232 ) (-296 64 360 ) (-296 96 360 ) 
4 124 125 (-360 102 232 ) (-304 102 232 ) (-304 102 344.010010 ) (-360 102 344.010010 ) 
4 125 126 (-360 98 232 ) (-304 98 232 ) (-304 98 344.010010 ) (-360 98 344.010010 ) 
4 126 127 (-368 96 352 ) (-368 96 232 ) (-296 96 232 ) (-296 96 352 ) 
4 127 133 (-368 64 232 ) (-296 64 232 ) (-296 64 360 ) (-368 64 360 ) 
4 127 128 (-368 96 232 ) (-368 64 232 ) (-368 64 360 ) (-368 96 360 ) 
4 128 133 (-392 64 232 ) (-368 64 232 ) (-368 64 360 ) (-392 64 360 ) 
4 129 130 (-512 104 232 ) (-512 88 232 ) (-512 88 352 ) (-512 104 352 ) 
4 130 131 (-514 152 232 ) (-514 96 232 ) (-514 96 344.010010 ) (-514 152 344.010010 ) 
4 131 132 (-518 152 232 ) (-518 96 232 ) (-518 96 344.010010 ) (-518 152 344.010010 ) 
4 132 150 (-520 160 352 ) (-520 160 232 ) (-520 88 232 ) (-520 88 352 ) 
4 133 134 (-392 56 232 ) (-248 56 232 ) (-248 56 360 ) (-392 56 360 ) 
4 134 275 (-248 0 360 ) (-520 0 360 ) (-520 0 232 ) (-248 0 232 ) 
4 134 151 (-520 0 232 ) (-520 0 360 ) (-520 56 360 ) (-520 56 232 ) 
4 134 138 (-520 0 232 ) (-520 48 232 ) (-416 48 232 ) (-416 0 232 ) 
4 135 177 (-520 216 224 ) (-520 248 224 ) (-392 248 224 ) (-392 216 224 ) 
4 135 176 (-392 248 224 ) (-248 248 224 ) (-248 216 224 ) (-392 216 224 ) 
4 135 144 (-520 256 224 ) (-520 216 224 ) (-520 216 232 ) (-520 236 232 ) 
4 136 174 (-520 276 224 ) (-520 296 224 ) (-248 296 224 ) (-248 276 224 ) 
4 136 171 (-520 296 224 ) (-520 1024 224 ) (-248 1024 224 ) (-248 296 224 ) 
4 136 145 (-520 1024 224 ) (-520 276 224 ) (-520 256 232 ) (-520 1024 232 ) 
4 137 177 (-520 176 224 ) (-520 184 224 ) (-512 184 224 ) (-512 176 224 ) 
4 138 289 (-520 0 232 ) (-520 0 224 ) (-480 0 224 ) (-480 0 232 ) 
4 138 287 (-480 0 224 ) (-416 0 224 ) (-416 0 232 ) (-480 0 232 ) 
4 138 186 (-480 0 224 ) (-520 0 224 ) (-520 48 224 ) (-480 48 224 ) 
4 138 184 (-464 0 224 ) (-480 0 224 ) (-480 48 224 ) (-464 48 224 ) 
4 138 182 (-448 0 224 ) (-464 0 224 ) (-464 48 224 ) (-448 48 224 ) 
4 138 180 (-432 0 224 ) (-448 0 224 ) (-448 48 224 ) (-432 48 224 ) 
4 138 179 (-416 0 224 ) (-432 0 224 ) (-432 48 224 ) (-416 48 224 ) 
4 138 154 (-520 48 224 ) (-520 0 224 ) (-520 0 232 ) (-520 48 232 ) 
4 139 142 (-536 232 327.998444 ) (-536 1024 327.998474 ) (-520 1024 334.398468 ) (-520 232 334.398438 ) 
4 139 140 (-536 232 352 ) (-536 232 328 ) (-520 232 334.399994 ) (-520 232 352 ) 
4 139 141 (-536 1024 327.998077 ) (-536 232 327.998047 ) (-536 232 360 ) (-536 1024 360 ) 
4 140 142 (-520 184 334.398438 ) (-536 184 327.998444 ) (-536 232 327.998444 ) (-520 232 334.398438 ) 
5 140 141 (-536 232 327.998047 ) (-536 184 327.998047 ) (-536 184 360 ) (-536 216 360 ) (-536 232 352 ) 
4 141 222 (-1024 184 360 ) (-1024 1024 360 ) (-1024 1024 224 ) (-1024 184 224 ) 
4 141 211 (-880 1024 224 ) (-816 1024 224 ) (-816 184 224 ) (-880 184 224 ) 
4 141 215 (-1024 184 224 ) (-1024 1024 224 ) (-880 1024 224 ) (-880 184 224 ) 
4 141 205 (-796 296 224 ) (-796 184 224 ) (-816 184 224 ) (-816 296 224 ) 
4 141 204 (-816 1024 224 ) (-796 1024 224 ) (-796 296 224 ) (-816 296 224 ) 
4 141 162 (-1024 184 224 ) (-800 184 224 ) (-800 184 360 ) (-1024 184 360 ) 
5 141 157 (-800 184 224 ) (-796 184 224 ) (-736 184 248 ) (-736 184 360 ) (-800 184 360 ) 
4 141 148 (-604 184 300.799988 ) (-556 184 320 ) (-556 184 352 ) (-604 184 352 ) 
4 141 149 (-692 184 265.600006 ) (-644 184 284.799988 ) (-644 184 352 ) (-692 184 352 ) 
4 141 146 (-795.996155 276 224 ) (-795.996216 1024 224 ) (-736 1024 247.998489 ) (-736 216.003845 247.998459 ) 
4 141 142 (-536 184 327.998444 ) (-736 184 247.998459 ) (-736 1024 247.998489 ) (-536 1024 327.998474 ) 
4 142 148 (-556 184 320 ) (-604 184 300.799988 ) (-604 184 264 ) (-556 184 264 ) 
4 142 149 (-644 184 284.799988 ) (-692 184 265.600006 ) (-692 184 264 ) (-644 184 264 ) 
4 142 143 (-736 216 248 ) (-736 1024 248 ) (-520 1024 248 ) (-520 216 248 ) 
4 143 146 (-736 216.004898 247.998047 ) (-736 1024 247.998077 ) (-736 1024 240 ) (-736 236 240 ) 
4 143 145 (-736 236 240 ) (-736 1024 240 ) (-520 1024 240 ) (-520 236 240 ) 
4 144 192 (-536 184 224 ) (-728 184 224 ) (-728 248 224 ) (-536 248 224 ) 
4 144 177 (-520 248 224 ) (-520 184 224 ) (-528 184 224 ) (-528 248 224 ) 
4 145 174 (-520 296 224 ) (-520 276 224 ) (-736 276 224 ) (-736 296 224 ) 
4 145 171 (-736 1024 224 ) (-520 1024 224 ) (-520 296 224 ) (-736 296 224 ) 
4 145 146 (-736 1024 224 ) (-736 276 224 ) (-736 236 240 ) (-736 1024 240 ) 
4 146 209 (-776 276 224 ) (-796 276 224 ) (-796 296 224 ) (-776 296 224 ) 
4 146 208 (-736 296 224 ) (-736 276 224 ) (-776 276 224 ) (-776 296 224 ) 
4 146 204 (-796 1024 224 ) (-736 1024 224 ) (-736 296 224 ) (-796 296 224 ) 
4 147 207 (-736 256 224 ) (-736 184 224 ) (-776 184 224 ) (-776 256 224 ) 
3 147 158 (-776 184 224 ) (-736 184 224 ) (-736 184 240 ) 
4 148 152 (-576 176 264 ) (-568 176 264 ) (-568 176 352 ) (-576 176 352 ) 
4 148 153 (-604 176 264 ) (-576 176 264 ) (-576 176 352 ) (-604 176 352 ) 
4 148 150 (-568 176 264 ) (-556 176 264 ) (-556 176 352 ) (-568 176 352 ) 
4 149 153 (-692 176 264 ) (-644 176 264 ) (-644 176 352 ) (-692 176 352 ) 
4 150 152 (-568 176 360 ) (-568 176 232 ) (-568 64 232 ) (-568 64 360 ) 
4 151 275 (-520 0 360 ) (-568 0 360 ) (-568 0 232 ) (-520 0 232 ) 
4 151 154 (-520 48 232 ) (-520 0 232 ) (-560 0 232 ) (-560 48 232 ) 
4 152 153 (-576 176 360 ) (-576 176 232 ) (-576 64 232 ) (-576 64 360 ) 
4 153 294 (-688 0 360 ) (-728 0 360 ) (-728 0 232 ) (-688 0 232 ) 
4 153 290 (-616 0 360 ) (-688 0 360 ) (-688 0 232 ) (-616 0 232 ) 
4 153 276 (-576 0 360 ) (-616 0 360 ) (-616 0 232 ) (-576 0 232 ) 
4 153 160 (-728 0 232 ) (-728 0 360 ) (-728 25 360 ) (-728 25 232 ) 
4 153 159 (-728 25 360 ) (-728 96 360 ) (-728 96 232 ) (-728 25 232 ) 
4 154 289 (-560 0 224 ) (-520 0 224 ) (-520 0 232 ) (-560 0 232 ) 
4 154 195 (-528 0 224 ) (-560 0 224 ) (-560 48 224 ) (-528 48 224 ) 
4 154 186 (-520 0 224 ) (-528 0 224 ) (-528 48 224 ) (-520 48 224 ) 
4 155 159 (-755.998962 68 264 ) (-755.998962 68 352 ) (-788 35.998997 352 ) (-788 36 264 ) 
4 155 157 (-796 44 264 ) (-796 44 352 ) (-764 76 352 ) (-764 76 264 ) 
4 156 210 (-796 84 224 ) (-776 104 224 ) (-776 64 224 ) (-796 44 224 ) 
4 156 207 (-776 104 224 ) (-736 144 224 ) (-736 104 224 ) (-776 64 224 ) 
4 156 206 (-800 40 224 ) (-800 80 224 ) (-796 84 224 ) (-796 44 224 ) 
3 156 164 (-800 80 224 ) (-800 40 224 ) (-800 40 240 ) 
4 156 158 (-736.004761 104 239.998108 ) (-736 104.003906 239.998108 ) (-736 144 224 ) (-776 104 224 ) 
4 157 205 (-800 100 224 ) (-800 184 224 ) (-796 184 224 ) (-796 104 224 ) 
5 157 162 (-800 184 360 ) (-800 184 224 ) (-800 100 224 ) (-800 40 248 ) (-800 40 360 ) 
4 158 207 (-776 184 224 ) (-736 184 224 ) (-736 144 224 ) (-776 104 224 ) 
4 159 160 (-728 25 232 ) (-728 25 360 ) (-792 25 360 ) (-792 25 232 ) 
4 160 295 (-728 0 360 ) (-792 0 360 ) (-792 0 232 ) (-728 0 232 ) 
4 160 161 (-792 25 352 ) (-792 25 264 ) (-792 0 264 ) (-792 0 352 ) 
4 161 296 (-800 0 352 ) (-800 0 264 ) (-792 0 264 ) (-792 0 352 ) 
4 161 162 (-800 0 264 ) (-800 0 352 ) (-800 25 352 ) (-800 25 264 ) 
5 162 309 (-800 0 360 ) (-1024 0 360 ) (-1024 0 224 ) (-900 0 224 ) (-800 0 264 ) 
4 162 222 (-1024 0 224 ) (-1024 0 360 ) (-1024 184 360 ) (-1024 184 224 ) 
4 162 211 (-880 184 224 ) (-816 184 224 ) (-816 84 224 ) (-880 20 224 ) 
5 162 215 (-900 0 224 ) (-1024 0 224 ) (-1024 184 224 ) (-880 184 224 ) (-880 20 224 ) 
4 162 205 (-816 184 224 ) (-800 184 224 ) (-800 100 224 ) (-816 84 224 ) 
4 162 163 (-899.996094 0 224 ) (-860 39.996105 224 ) (-800 39.996105 248 ) (-800 0 263.998444 ) 
4 163 309 (-900 0 224 ) (-860 0 224 ) (-800 0 248 ) (-800 0 264 ) 
4 163 212 (-860 0 224 ) (-880 0 224 ) (-880 20 224 ) (-860 40 224 ) 
3 163 215 (-880 0 224 ) (-900 0 224 ) (-880 20 224 ) 
3 164 311 (-840 0 224 ) (-800 0 224 ) (-800 0 240 ) 
4 164 213 (-816 0 224 ) (-840 0 224 ) (-840 40 224 ) (-816 64 224 ) 
4 164 206 (-816 24 224 ) (-816 64 224 ) (-800 80 224 ) (-800 40 224 ) 
4 164 203 (-800 0 224 ) (-816 0 224 ) (-816 24 224 ) (-800 40 224 ) 
4 165 332 (0 0 96 ) (0 0 224 ) (-160 0 224 ) (-160 0 96 ) 
4 165 218 (0 0 96 ) (-160 0 96 ) (-160 256 96 ) (0 256 96 ) 
4 165 217 (-160 256 96 ) (-160 336 96 ) (0 336 96 ) (0 256 96 ) 
4 165 216 (-160 336 96 ) (-160 1024 96 ) (0 1024 96 ) (0 336 96 ) 
4 165 169 (-160 296 96 ) (-160 0 96 ) (-160 0 208 ) (-160 296 208 ) 
4 165 167 (-160 0 216 ) (-160 0 224 ) (-160 296 224 ) (-160 296 216 ) 
4 165 166 (-160 1024 96 ) (-160 296 96 ) (-160 296 224 ) (-160 1024 224 ) 
4 166 217 (-224 336 96 ) (-160 336 96 ) (-160 296 96 ) (-224 296 96 ) 
4 166 216 (-240 336 96 ) (-240 1024 96 ) (-160 1024 96 ) (-160 336 96 ) 
4 166 171 (-240 1024 96 ) (-240 296 96 ) (-240 296 224 ) (-240 1024 224 ) 
4 166 170 (-160 296 216 ) (-180 296 224 ) (-200 296 224 ) (-180 296 216 ) 
4 166 169 (-240 296 208 ) (-240 296 96 ) (-160 296 96 ) (-160 296 208 ) 
4 166 168 (-240 296 224 ) (-240 296 216 ) (-180 296 216 ) (-200 296 224 ) 
3 166 167 (-160 296 216 ) (-160 296 224 ) (-180 296 224 ) 
3 167 334 (-160 0 224 ) (-180 0 224 ) (-160 0 216 ) 
3 167 170 (-180 276 224 ) (-180 296 224 ) (-160 296 216 ) 
3 168 174 (-240 276 224 ) (-240 296 224 ) (-240 296 216 ) 
3 168 170 (-180 296 216 ) (-200 296 224 ) (-200 276 224 ) 
5 169 333 (-200 0 224 ) (-240 0 224 ) (-240 0 96 ) (-160 0 96 ) (-160 0 208 ) 
4 169 218 (-160 0 96 ) (-224 0 96 ) (-224 256 96 ) (-160 256 96 ) 
4 169 217 (-224 256 96 ) (-224 296 96 ) (-160 296 96 ) (-160 256 96 ) 
4 169 175 (-240 0 128 ) (-240 0 216 ) (-240 48 216 ) (-240 48 128 ) 
4 169 172 (-240 296 96 ) (-240 256 96 ) (-240 256 224 ) (-240 296 208 ) 
4 171 216 (-736 336 96 ) (-736 1024 96 ) (-240 1024 96 ) (-240 336 96 ) 
4 171 204 (-736 1024 96 ) (-736 296 96 ) (-736 296 224 ) (-736 1024 224 ) 
4 171 174 (-736 296 224 ) (-736 296 216 ) (-240 296 216 ) (-240 296 224 ) 
4 171 173 (-736 296 208 ) (-736 296 96 ) (-728 296 96 ) (-728 296 208 ) 
4 171 172 (-728 296 96 ) (-240 296 96 ) (-240 296 208 ) (-728 296 208 ) 
4 172 173 (-728 256 224 ) (-728 296 207.998047 ) (-728 296 96 ) (-728 256 96 ) 
4 173 207 (-736 296 96 ) (-736 256 96 ) (-736 256 224 ) (-736 296 208 ) 
3 174 208 (-736 276 224 ) (-736 296 224 ) (-736 296 216 ) 
4 175 178 (-248 48 128 ) (-248 0 128 ) (-248 0 216 ) (-248 48 216 ) 
4 176 178 (-392 56 96 ) (-248 56 96 ) (-248 56 224 ) (-392 56 224 ) 
4 176 177 (-392 248 224 ) (-392 248 96 ) (-392 64 96 ) (-392 64 224 ) 
4 177 189 (-528 144 96 ) (-528 72 96 ) (-528 72 216 ) (-528 144 216 ) 
4 177 188 (-528 152 136 ) (-528 152 200 ) (-528 240 200 ) (-528 240 136 ) 
4 178 361 (-312 0 224 ) (-416 0 224 ) (-416 0 96 ) (-312 0 96 ) 
4 178 348 (-272 0 224 ) (-280 0 224 ) (-280 0 96 ) (-272 0 96 ) 
4 178 349 (-280 0 224 ) (-312 0 224 ) (-312 0 96 ) (-280 0 96 ) 
4 178 346 (-248 0 224 ) (-272 0 224 ) (-272 0 96 ) (-248 0 96 ) 
4 178 179 (-416 56 224 ) (-416 56 112 ) (-416 0 112 ) (-416 0 224 ) 
4 179 362 (-416 0 224 ) (-432 0 224 ) (-432 0 112 ) (-416 0 112 ) 
4 179 180 (-432 56 224 ) (-432 56 128 ) (-432 0 128 ) (-432 0 224 ) 
4 180 363 (-432 0 224 ) (-448 0 224 ) (-448 0 128 ) (-432 0 128 ) 
4 180 182 (-448 56 224 ) (-448 56 144 ) (-448 0 144 ) (-448 0 224 ) 
4 181 364 (-448 0 112 ) (-448 0 96 ) (-432 0 96 ) (-432 0 112 ) 
4 181 183 (-448 56 112 ) (-448 56 96 ) (-448 0 96 ) (-448 0 112 ) 
4 182 365 (-448 0 224 ) (-464 0 224 ) (-464 0 144 ) (-448 0 144 ) 
4 182 184 (-464 56 224 ) (-464 56 160 ) (-464 0 160 ) (-464 0 224 ) 
4 183 366 (-464 0 128 ) (-464 0 96 ) (-448 0 96 ) (-448 0 128 ) 
4 183 185 (-464 56 128 ) (-464 56 96 ) (-464 0 96 ) (-464 0 128 ) 
4 184 367 (-464 0 224 ) (-480 0 224 ) (-480 0 160 ) (-464 0 160 ) 
4 184 186 (-480 56 224 ) (-480 56 176 ) (-480 0 176 ) (-480 0 224 ) 
4 185 368 (-480 0 144 ) (-480 0 96 ) (-464 0 96 ) (-464 0 144 ) 
4 185 187 (-480 56 144 ) (-480 56 96 ) (-480 0 96 ) (-480 0 144 ) 
4 186 369 (-480 0 224 ) (-528 0 224 ) (-528 0 176 ) (-480 0 176 ) 
4 186 195 (-528 0 176 ) (-528 0 224 ) (-528 56 224 ) (-528 56 176 ) 
4 187 370 (-528 0 160 ) (-528 0 96 ) (-480 0 96 ) (-480 0 160 ) 
4 187 196 (-528 56 96 ) (-528 0 96 ) (-528 0 160 ) (-528 56 160 ) 
4 188 192 (-536 152 136 ) (-536 152 200 ) (-536 240 200 ) (-536 240 136 ) 
4 189 190 (-530 136 96 ) (-530 80 96 ) (-530 80 208 ) (-530 136 208 ) 
4 190 191 (-534 136 96 ) (-534 80 96 ) (-534 80 208 ) (-534 136 208 ) 
4 191 192 (-536 144 96 ) (-536 72 96 ) (-536 72 216 ) (-536 144 216 ) 
4 192 197 (-576 72 96 ) (-568 72 96 ) (-568 72 224 ) (-576 72 224 ) 
4 192 198 (-728 72 96 ) (-576 72 96 ) (-576 72 224 ) (-728 72 224 ) 
4 192 194 (-568 72 96 ) (-536 72 96 ) (-536 72 224 ) (-568 72 224 ) 
4 192 193 (-728 96 96 ) (-728 72 96 ) (-728 72 224 ) (-728 96 224 ) 
4 193 200 (-736 88 96 ) (-736 72 96 ) (-736 72 224 ) (-736 88 224 ) 
4 193 198 (-736 72 224 ) (-736 72 96 ) (-728 72 96 ) (-728 72 224 ) 
4 194 197 (-568 72 224 ) (-568 72 96 ) (-568 64 96 ) (-568 64 224 ) 
4 195 369 (-528 0 224 ) (-568 0 224 ) (-568 0 176 ) (-528 0 176 ) 
4 196 370 (-568 0 160 ) (-568 0 96 ) (-528 0 96 ) (-528 0 160 ) 
4 197 198 (-576 72 224 ) (-576 72 96 ) (-576 64 96 ) (-576 64 224 ) 
4 198 399 (-728 0 224 ) (-736 0 224 ) (-736 0 96 ) (-728 0 96 ) 
4 198 388 (-576 0 224 ) (-728 0 224 ) (-728 0 96 ) (-576 0 96 ) 
4 198 201 (-736 25 96 ) (-736 0 96 ) (-736 0 224 ) (-736 25 224 ) 
4 198 200 (-736 72 96 ) (-736 25 96 ) (-736 25 224 ) (-736 72 224 ) 
4 199 207 (-796 44 128 ) (-796 44 216 ) (-764 76 216 ) (-764 76 128 ) 
4 199 200 (-755.998962 68 128 ) (-755.998962 68 216 ) (-788 36 216 ) (-788 36 128 ) 
4 200 201 (-792 25 96 ) (-736 25 96 ) (-736 25 224 ) (-792 25 224 ) 
4 201 406 (-744 0 224 ) (-792 0 224 ) (-792 0 96 ) (-744 0 96 ) 
4 201 403 (-736 0 224 ) (-744 0 224 ) (-744 0 96 ) (-736 0 96 ) 
4 201 202 (-792 25 216 ) (-792 25 128 ) (-792 0 128 ) (-792 0 216 ) 
4 202 407 (-800 0 216 ) (-800 0 128 ) (-792 0 128 ) (-792 0 216 ) 
4 202 203 (-800 0 128 ) (-800 0 216 ) (-800 25 216 ) (-800 25 128 ) 
4 203 410 (-800 0 224 ) (-816 0 224 ) (-816 0 96 ) (-800 0 96 ) 
4 203 213 (-816 24 96 ) (-816 0 96 ) (-816 0 224 ) (-816 24 224 ) 
4 203 210 (-816 24 208 ) (-816 24 216 ) (-800 40 222.399994 ) (-800 40 214.400009 ) 
4 203 207 (-800 40 96 ) (-816 24 96 ) (-816 24 208 ) (-800 40 214.400009 ) 
4 203 206 (-816 24 216 ) (-816 24 224 ) (-800 40 224 ) (-800 40 222.399994 ) 
4 204 216 (-816 336 96 ) (-816 1024 96 ) (-736 1024 96 ) (-736 336 96 ) 
4 204 214 (-816 404 96 ) (-816 384 96 ) (-816 296 131.200012 ) (-816 296 139.199982 ) 
3 204 213 (-816 384 96 ) (-816 296 96 ) (-816 296 131.200012 ) 
5 204 211 (-816 1024 96 ) (-816 404 96 ) (-816 296 139.199982 ) (-816 296 224 ) (-816 1024 224 ) 
4 204 209 (-816 296 216 ) (-796 296 216 ) (-776 296 224 ) (-796 296 224 ) 
4 204 208 (-736 296 216 ) (-736 296 224 ) (-776 296 224 ) (-796 296 216 ) 
4 204 207 (-816 296 208 ) (-816 296 96 ) (-736 296 96 ) (-736 296 208 ) 
3 204 205 (-816 296 224 ) (-816 296 216 ) (-796 296 224 ) 
4 205 211 (-816 84 224 ) (-816 296 224 ) (-816 296 216 ) (-816 104 216 ) 
3 205 209 (-816 296 216 ) (-796 296 224 ) (-796 276 224 ) 
4 206 213 (-816 24 216 ) (-816 24 224 ) (-816 64 224 ) (-816 84 216 ) 
4 206 210 (-796.001648 83.998306 224 ) (-796.001953 43.998016 224 ) (-816 24 216 ) (-816 83.998497 216 ) 
4 207 214 (-816 104 208 ) (-816 124 208 ) (-816 296 139.199982 ) (-816 296 131.200027 ) 
5 207 213 (-816 296 96 ) (-816 24 96 ) (-816 24 208 ) (-816 104 208 ) (-816 296 131.200027 ) 
3 207 211 (-816 124 208 ) (-816 296 208 ) (-816 296 139.199982 ) 
4 207 210 (-816 104 208 ) (-816 23.996094 208 ) (-776 63.996380 224 ) (-776 104 224 ) 
3 208 209 (-775.998108 296 224 ) (-795.998169 296 216 ) (-775.998230 276 224 ) 
4 210 213 (-816 24 208 ) (-816 24 216 ) (-816 84 216 ) (-816 104 208 ) 
4 211 216 (-880 340 96 ) (-880 1024 96 ) (-816 1024 96 ) (-816 404 96 ) 
5 211 214 (-880 40.003860 216 ) (-880 340.003906 96 ) (-816 403.996094 96 ) (-816 104 215.998474 ) (-879.996094 40.003860 216.001572 ) 
3 211 212 (-880 20.003906 224 ) (-880 40.003860 216 ) (-860 40.001434 224 ) 
4 211 215 (-880 1024 96 ) (-880 340 96 ) (-880 20 224 ) (-880 1024 224 ) 
3 212 409 (-860 0 224 ) (-880 0 224 ) (-880 0 216 ) 
4 212 215 (-880 0 216 ) (-880 0 224 ) (-880 20 224 ) (-880 40 216 ) 
5 213 410 (-816 0 224 ) (-840 0 224 ) (-880 0 208 ) (-880 0 96 ) (-816 0 96 ) 
3 213 216 (-864 336 96 ) (-816 384 96 ) (-816 336 96 ) 
5 213 214 (-880 320.003906 96 ) (-880 40.003113 208 ) (-879.996826 40.003113 208.001282 ) (-816 104 208.001251 ) (-816 384.003052 96 ) 
4 213 215 (-880 320 96 ) (-880 0 96 ) (-880 0 208 ) (-880 40 208 ) 
5 214 216 (-880 336 96 ) (-880 340 96 ) (-816 404 96 ) (-816 384 96 ) (-864 336 96 ) 
4 214 215 (-880 340 96 ) (-880 320 96 ) (-880 40 208 ) (-880 40 216 ) 
4 215 411 (-880 0 224 ) (-1024 0 224 ) (-1024 0 96 ) (-880 0 96 ) 
4 215 222 (-1024 0 96 ) (-1024 0 224 ) (-1024 1024 224 ) (-1024 1024 96 ) 
4 215 216 (-1024 336 96 ) (-1024 1024 96 ) (-880 1024 96 ) (-880 336 96 ) 
4 216 223 (-1024 336 96 ) (-1024 1024 96 ) (-1024 1024 0 ) (-1024 336 0 ) 
4 216 219 (0 1024 0 ) (0 336 0 ) (-1024 336 0 ) (-1024 1024 0 ) 
4 216 217 (-224 336 0 ) (0 336 0 ) (0 336 96 ) (-224 336 96 ) 
4 217 219 (0 336 0 ) (0 256 0 ) (-224 256 0 ) (-224 336 0 ) 
4 217 218 (-224 256 96 ) (-224 256 64 ) (0 256 64 ) (0 256 96 ) 
4 218 425 (0 0 64 ) (0 0 96 ) (-224 0 96 ) (-224 0 64 ) 
4 219 431 (0 0 -1504 ) (0 0 0 ) (-1024 0 0 ) (-1024 0 -1504 ) 
4 219 228 (-1024 0 -1504 ) (-1024 0 -64 ) (-1024 1024 -64 ) (-1024 1024 -1504 ) 
4 219 224 (-1024 0 -64 ) (-1024 0 0 ) (-1024 336 0 ) (-1024 336 -64 ) 
4 219 223 (-1024 336 0 ) (-1024 1024 0 ) (-1024 1024 -64 ) (-1024 336 -64 ) 
4 220 228 (-1024 1024 -1504 ) (-1024 1024 -64 ) (-2048 1024 -64 ) (-2048 1024 -1504 ) 
4 220 225 (-1184 1024 96 ) (-2048 1024 96 ) (-2048 1024 -64 ) (-1184 1024 -64 ) 
4 220 223 (-1024 1024 -64 ) (-1024 1024 96 ) (-1184 1024 96 ) (-1184 1024 -64 ) 
4 220 222 (-1024 1024 96 ) (-1024 1024 2784 ) (-2048 1024 2784 ) (-2048 1024 96 ) 
4 220 221 (-2048 2048 2784 ) (-2048 2048 -1504 ) (-2048 1024 -1504 ) (-2048 1024 2784 ) 
4 221 234 (-3072 1024 -1504 ) (-3072 1024 2784 ) (-3072 2048 2784 ) (-3072 2048 -1504 ) 
4 221 229 (-3072 1024 2784 ) (-3072 1024 -1504 ) (-2048 1024 -1504 ) (-2048 1024 2784 ) 
4 222 433 (-1024 0 96 ) (-1024 0 2784 ) (-2048 0 2784 ) (-2048 0 96 ) 
4 222 229 (-2048 1024 2784 ) (-2048 1024 96 ) (-2048 0 96 ) (-2048 0 2784 ) 
4 222 227 (-1360 0 96 ) (-2048 0 96 ) (-2048 48 96 ) (-1360 48 96 ) 
4 222 226 (-1232 0 96 ) (-1312 0 96 ) (-1312 48 96 ) (-1232 48 96 ) 
4 222 225 (-2048 1024 96 ) (-1184 1024 96 ) (-1184 48 96 ) (-2048 48 96 ) 
4 222 223 (-1184 1024 96 ) (-1024 1024 96 ) (-1024 336 96 ) (-1184 336 96 ) 
4 223 228 (-1184 336 -64 ) (-1184 1024 -64 ) (-1024 1024 -64 ) (-1024 336 -64 ) 
4 223 225 (-1184 1024 -64 ) (-1184 336 -64 ) (-1184 336 96 ) (-1184 1024 96 ) 
4 223 224 (-1184 336 0 ) (-1184 336 -64 ) (-1024 336 -64 ) (-1024 336 0 ) 
4 224 442 (-1024 0 -64 ) (-1024 0 0 ) (-1184 0 0 ) (-1184 0 -64 ) 
4 224 228 (-1024 0 -64 ) (-1184 0 -64 ) (-1184 336 -64 ) (-1024 336 -64 ) 
4 224 225 (-1184 336 -64 ) (-1184 48 -64 ) (-1184 48 0 ) (-1184 336 0 ) 
4 225 229 (-2048 1024 96 ) (-2048 1024 -64 ) (-2048 48 -64 ) (-2048 48 96 ) 
4 225 228 (-2048 48 -64 ) (-2048 1024 -64 ) (-1184 1024 -64 ) (-1184 48 -64 ) 
4 225 227 (-2048 48 -64 ) (-1360 48 -64 ) (-1360 48 96 ) (-2048 48 96 ) 
4 225 226 (-1312 48 -64 ) (-1232 48 -64 ) (-1232 48 96 ) (-1312 48 96 ) 
4 226 445 (-1312 0 92 ) (-1312 0 -64 ) (-1232 0 -64 ) (-1232 0 92 ) 
4 226 434 (-1232 0 96 ) (-1312 0 96 ) (-1312 0 92 ) (-1232 0 92 ) 
4 226 228 (-1232 0 -64 ) (-1312 0 -64 ) (-1312 48 -64 ) (-1232 48 -64 ) 
4 227 450 (-2048 0 92 ) (-2048 0 -64 ) (-1360 0 -64 ) (-1360 0 92 ) 
4 227 436 (-1360 0 96 ) (-2048 0 96 ) (-2048 0 92 ) (-1360 0 92 ) 
4 227 229 (-2048 48 -64 ) (-2048 0 -64 ) (-2048 0 96 ) (-2048 48 96 ) 
4 227 228 (-1360 0 -64 ) (-2048 0 -64 ) (-2048 48 -64 ) (-1360 48 -64 ) 
4 228 461 (-1024 0 -1504 ) (-1024 0 -64 ) (-2048 0 -64 ) (-2048 0 -1504 ) 
4 228 229 (-2048 1024 -64 ) (-2048 1024 -1504 ) (-2048 0 -1504 ) (-2048 0 -64 ) 
4 229 462 (-2048 0 -1504 ) (-2048 0 2784 ) (-3072 0 2784 ) (-3072 0 -1504 ) 
4 229 235 (-3072 0 -1504 ) (-3072 0 2784 ) (-3072 1024 2784 ) (-3072 1024 -1504 ) 
4 230 232 (-3072 3072 -1504 ) (-3072 3072 2784 ) (-4096 3072 2784 ) (-4096 3072 -1504 ) 
4 230 231 (-4096 3072 -1504 ) (-4096 3072 2784 ) (-4096 3552 2784 ) (-4096 3552 -1504 ) 
4 231 233 (-4096 3072 -1504 ) (-4096 3072 2784 ) (-4320 3072 2784 ) (-4320 3072 -1504 ) 
4 232 234 (-3072 2048 -1504 ) (-3072 2048 2784 ) (-4096 2048 2784 ) (-4096 2048 -1504 ) 
4 232 233 (-4096 2048 -1504 ) (-4096 2048 2784 ) (-4096 3072 2784 ) (-4096 3072 -1504 ) 
4 233 236 (-4096 2048 -1504 ) (-4096 2048 2784 ) (-4320 2048 2784 ) (-4320 2048 -1504 ) 
4 234 236 (-4096 2048 2784 ) (-4096 2048 -1504 ) (-4096 1024 -1504 ) (-4096 1024 2784 ) 
4 234 235 (-3072 1024 -1504 ) (-3072 1024 2784 ) (-4096 1024 2784 ) (-4096 1024 -1504 ) 
4 235 471 (-3072 0 -1504 ) (-3072 0 2784 ) (-4096 0 2784 ) (-4096 0 -1504 ) 
4 235 237 (-4096 0 -1504 ) (-4096 0 2784 ) (-4096 1024 2784 ) (-4096 1024 -1504 ) 
4 236 237 (-4096 1024 -1504 ) (-4096 1024 2784 ) (-4320 1024 2784 ) (-4320 1024 -1504 ) 
4 237 473 (-4096 0 -1504 ) (-4096 0 2784 ) (-4320 0 2784 ) (-4320 0 -1504 ) 
3 238 254 (0 -192 480 ) (0 -192 1282.669922 ) (-688.002747 -192 480 ) 
4 238 248 (-688.003967 -192 480 ) (0 -192 1282.671875 ) (0 -80 1282.671875 ) (-688.003906 -80 480 ) 
4 238 245 (0 -80 1282.671875 ) (0 0 1282.671875 ) (-688.003906 0 480 ) (-688.003906 -80 480 ) 
4 238 239 (0 -192 480 ) (-288 -192 480 ) (-288 0 480 ) (0 0 480 ) 
4 239 256 (0 -192 472 ) (0 -192 480 ) (-288 -192 480 ) (-281.142883 -192 472 ) 
4 239 241 (0 -192 472 ) (-281.142883 -192 472 ) (-281.142883 0 472 ) (0 0 472 ) 
3 240 250 (-688.003967 -144 480 ) (-694.861084 -137.141846 472 ) (-694.861084 -144 472 ) 
3 240 242 (-694.859375 -144 472 ) (-694.859375 -137.143570 472 ) (-688.002808 -144 472 ) 
4 241 259 (-240 0 424 ) (0 0 424 ) (0 -192 424 ) (-240 -192 424 ) 
4 241 256 (-240 -192 424 ) (0 -192 424 ) (0 -192 472 ) (-281.142883 -192 472 ) 
4 242 261 (-736.002747 0 424 ) (-728 0 424 ) (-728 -144 424 ) (-736.002747 -135.997223 424 ) 
4 242 260 (-728 0 424 ) (-248 0 424 ) (-248 -144 424 ) (-728 -144 424 ) 
4 242 250 (-736.003906 -96 424 ) (-736.003906 -144 424 ) (-694.861084 -144 472 ) (-694.861084 -137.141846 472 ) 
4 242 249 (-736.003906 -80 424 ) (-736.003906 -96 424 ) (-694.861084 -137.141846 472 ) (-694.861084 -80 472 ) 
4 242 247 (-736.003906 0 424 ) (-736.003906 -80 424 ) (-694.861084 -80 472 ) (-694.861023 0 472 ) 
4 242 243 (-248.003906 -144 424 ) (-288.003906 -144 472 ) (-688.006470 -144 472 ) (-728.006470 -144 424 ) 
4 243 260 (-248 -144 424 ) (-248 -192 424 ) (-728.006470 -192 424 ) (-728.006531 -144 424 ) 
4 243 257 (-728.006531 -192 424 ) (-288 -192 424 ) (-288 -192 472 ) (-688.006470 -192 472 ) 
3 243 255 (-288 -192 424 ) (-248 -192 424 ) (-288 -192 470.665985 ) 
4 244 433 (-1024 0 2784 ) (-1024 0 472 ) (-1024 -80 472 ) (-1024 -80 2784 ) 
4 244 251 (-1024 -80 480 ) (-1024 -80 472 ) (-766.666748 -80 472 ) (-760 -80 480 ) 
5 244 248 (0 -80 1357.333252 ) (0 -80 2784 ) (-1024 -80 2784 ) (-1024 -80 480 ) (-752 -80 480 ) 
4 244 246 (-758.857056 -80 472 ) (-1024 -80 472 ) (-1024 0 472 ) (-758.857056 0 472 ) 
4 244 245 (0 -80 1357.335571 ) (-752.002197 -80 480 ) (-752.002258 0 480 ) (0 0 1357.335693 ) 
4 245 248 (-688 -80 480 ) (0 -80 1282.667358 ) (0 -80 1357.333252 ) (-752 -80 480 ) 
4 246 433 (-1024 0 472 ) (-1024 0 424 ) (-1024 -80 424 ) (-1024 -80 472 ) 
4 246 265 (-1024 -80 424 ) (-1024 0 424 ) (-800 0 424 ) (-800 -80 424 ) 
3 246 252 (-806.666626 -80 424 ) (-800 -80 424 ) (-800 -80 432 ) 
4 246 251 (-1024 -80 424 ) (-806.666626 -80 424 ) (-766.666626 -80 472 ) (-1024 -80 472 ) 
4 247 262 (-792 0 424 ) (-736.002747 0 424 ) (-736.002747 -80 424 ) (-792 -80 424 ) 
3 247 250 (-792 -80 424 ) (-752.003967 -80 424 ) (-752.003967 -80 471.995331 ) 
5 247 249 (-752.003967 -80 424 ) (-736 -80 424 ) (-694.857178 -80 472 ) (-752 -80 472 ) (-752.003967 -80 471.995331 ) 
4 248 433 (-1024 -192 480 ) (-1024 -192 2784 ) (-1024 -80 2784 ) (-1024 -80 480 ) 
5 248 254 (-688.002747 -192 480 ) (0 -192 1282.669922 ) (0 -192 2784 ) (-1024 -192 2784 ) (-1024 -192 480 ) 
4 248 251 (-1024 -80 480 ) (-760 -80 480 ) (-696 -144 480 ) (-1024 -144 480 ) 
4 248 253 (-688.003906 -144 480 ) (-688.003906 -192 480 ) (-1024 -192 480 ) (-1024 -144 480 ) 
3 249 262 (-752.003906 -80 424 ) (-736.002747 -80 424 ) (-736.002747 -96 424 ) 
4 249 250 (-752.007812 -80 472 ) (-752.007812 -80 424 ) (-736.002075 -96.005737 424 ) (-694.857422 -137.150375 472 ) 
4 250 262 (-792 -80 424 ) (-752.003906 -80 424 ) (-736.002747 -96 424 ) (-736.002747 -135.997253 424 ) 
4 251 433 (-1024 -80 424 ) (-1024 -144 424 ) (-1024 -144 480 ) (-1024 -80 480 ) 
4 251 264 (-792 -96 424 ) (-792 -144 424 ) (-800 -144 424 ) (-800 -88 424 ) 
3 251 263 (-744 -144 424 ) (-792 -144 424 ) (-792 -96 424 ) 
5 251 265 (-1024 -144 424 ) (-1024 -80 424 ) (-806.666626 -80 424 ) (-800 -86.666641 424 ) (-800 -144 424 ) 
4 251 252 (-736 -144 431.998077 ) (-742.665100 -144 424 ) (-806.666687 -80 424 ) (-800 -80 432 ) 
4 251 253 (-1024 -144 424 ) (-742.666687 -144 424 ) (-696 -144 480 ) (-1024 -144 480 ) 
3 252 265 (-806.666626 -80 424 ) (-800 -80 424 ) (-800 -86.666641 424 ) 
4 252 253 (-742.666687 -144 424 ) (-736.003906 -144 424 ) (-736 -144 424.004517 ) (-736 -144 432 ) 
4 253 433 (-1024 -144 424 ) (-1024 -192 424 ) (-1024 -192 480 ) (-1024 -144 480 ) 
4 253 264 (-800 -144 424 ) (-792 -144 424 ) (-792 -192 424 ) (-800 -192 424 ) 
5 253 263 (-792 -144 424 ) (-744 -144 424 ) (-736.002747 -151.997238 424 ) (-736.002747 -192 424 ) (-792 -192 424 ) 
4 253 265 (-1024 -192 424 ) (-1024 -144 424 ) (-800 -144 424 ) (-800 -192 424 ) 
4 253 258 (-1024 -192 424 ) (-736.002747 -192 424 ) (-688.002747 -192 480 ) (-1024 -192 480 ) 
5 254 433 (-1024 -240 424 ) (-1024 -1024 424 ) (-1024 -1024 2784 ) (-1024 -192 2784 ) (-1024 -192 480 ) 
4 254 432 (0 -1024 424 ) (0 -1024 2784 ) (-1024 -1024 2784 ) (-1024 -1024 424 ) 
4 254 267 (-736 -240 424 ) (-240 -240 424 ) (-240 -1024 424 ) (-736 -1024 424 ) 
4 254 266 (-240 -240 424 ) (0 -240 424 ) (0 -1024 424 ) (-240 -1024 424 ) 
4 254 268 (-1024 -1024 424 ) (-1024 -240 424 ) (-736 -240 424 ) (-736 -1024 424 ) 
4 254 258 (-736.002808 -240 424 ) (-1024 -240 424 ) (-1024 -192 480 ) (-688.002747 -192 480 ) 
4 254 256 (0 -240 424 ) (-240 -240 424 ) (-288 -192 480 ) (0 -192 480 ) 
4 255 260 (-288 -192 424 ) (-248 -192 424 ) (-248 -232 424 ) (-288 -232 424 ) 
3 255 257 (-288 -192 470.666626 ) (-288 -192 424 ) (-288 -232 424 ) 
4 256 266 (0 -232 424 ) (0 -240 424 ) (-240 -240 424 ) (-240 -232 424 ) 
4 256 259 (-240 -192 424 ) (0 -192 424 ) (0 -232 424 ) (-240 -232 424 ) 
4 257 260 (-728.006531 -192 424 ) (-288 -192 424 ) (-288 -232 424 ) (-728.006470 -232 424 ) 
3 258 433 (-1024 -192 424 ) (-1024 -240 424 ) (-1024 -192 480 ) 
4 258 268 (-1024 -240 424 ) (-1024 -232 424 ) (-736.002808 -232 424 ) (-736.002808 -240 424 ) 
4 258 264 (-800 -192 424 ) (-792 -192 424 ) (-792 -232 424 ) (-800 -232 424 ) 
4 258 263 (-792 -192 424 ) (-736.002747 -192 424 ) (-736.002808 -232 424 ) (-792 -232 424 ) 
4 258 265 (-1024 -232 424 ) (-1024 -192 424 ) (-800 -192 424 ) (-800 -232 424 ) 
4 259 270 (-240 0 360 ) (0 0 360 ) (0 -8 360 ) (-240 -8 360 ) 
4 259 271 (0 -8 360 ) (0 -232 360 ) (-240 -232 360 ) (-240 -8 360 ) 
4 259 266 (-240 -232 360 ) (0 -232 360 ) (0 -232 424 ) (-240 -232 424 ) 
4 260 294 (-728 0 360 ) (-688 0 360 ) (-688 -232 360 ) (-728 -232 360 ) 
4 260 290 (-688 0 360 ) (-616 0 360 ) (-616 -232 360 ) (-688 -232 360 ) 
4 260 282 (-248 -192 360 ) (-248 -232 360 ) (-568 -232 360 ) (-568 -192 360 ) 
4 260 283 (-576 -232 360 ) (-616 -232 360 ) (-616 -192 360 ) (-576 -192 360 ) 
4 260 281 (-576 -192 360 ) (-616 -192 360 ) (-616 -120 360 ) (-576 -120 360 ) 
4 260 277 (-248 -120 360 ) (-248 -192 360 ) (-568 -192 360 ) (-568 -120 360 ) 
4 260 275 (-568 0 360 ) (-248 0 360 ) (-248 -120 360 ) (-568 -120 360 ) 
4 260 276 (-616 0 360 ) (-576 0 360 ) (-576 -120 360 ) (-616 -120 360 ) 
4 260 261 (-728 0 360 ) (-728 -144 360 ) (-728 -144 424 ) (-728 0 424 ) 
4 261 308 (-728 -73 360 ) (-728 -144 360 ) (-736 -136 360 ) (-736 -73 360 ) 
4 261 295 (-736 0 360 ) (-728 0 360 ) (-728 -73 360 ) (-736 -73 360 ) 
4 261 262 (-736 0 360 ) (-736 -136 360 ) (-736 -136 424 ) (-736 0 424 ) 
4 262 308 (-736 -73 360 ) (-736 -136 360 ) (-792 -80 360 ) (-792 -73 360 ) 
4 262 295 (-792 0 360 ) (-736 0 360 ) (-736 -73 360 ) (-792 -73 360 ) 
5 263 303 (-736 -152 360 ) (-736 -232 360 ) (-792 -232 360 ) (-792 -152 360 ) (-764 -124 360 ) 
3 263 299 (-792 -152 360 ) (-792 -96 360 ) (-764 -124 360 ) 
4 263 268 (-792 -232 360 ) (-736 -232 360 ) (-736 -232 424 ) (-792 -232 424 ) 
4 263 264 (-792 -96 360 ) (-792 -232 360 ) (-792 -232 424 ) (-792 -96 424 ) 
3 264 306 (-800 -96 360 ) (-800 -88 360 ) (-796 -92 360 ) 
4 264 303 (-792 -152 360 ) (-792 -232 360 ) (-800 -232 360 ) (-800 -160 360 ) 
5 264 299 (-792 -96 360 ) (-792 -152 360 ) (-800 -160 360 ) (-800 -96 360 ) (-796 -92 360 ) 
4 264 268 (-800 -232 360 ) (-792 -232 360 ) (-792 -232 424 ) (-800 -232 424 ) 
4 264 265 (-800 -88 360 ) (-800 -232 360 ) (-800 -232 424 ) (-800 -88 424 ) 
4 265 433 (-1024 0 424 ) (-1024 0 360 ) (-1024 -232 360 ) (-1024 -232 424 ) 
4 265 309 (-1024 -232 360 ) (-1024 0 360 ) (-800 0 360 ) (-800 -232 360 ) 
4 265 268 (-1024 -232 360 ) (-800 -232 360 ) (-800 -232 424 ) (-1024 -232 424 ) 
4 266 432 (0 -1024 360 ) (0 -1024 424 ) (-240 -1024 424 ) (-240 -1024 360 ) 
4 266 328 (-240 -472 360 ) (-240 -464 360 ) (0 -464 360 ) (0 -472 360 ) 
4 266 331 (0 -1024 360 ) (-240 -1024 360 ) (-240 -472 360 ) (0 -472 360 ) 
4 266 312 (-240 -464 360 ) (-240 -240 360 ) (0 -240 360 ) (0 -464 360 ) 
4 266 271 (-240 -240 360 ) (-240 -232 360 ) (0 -232 360 ) (0 -240 360 ) 
4 266 267 (-240 -240 360 ) (-240 -1024 360 ) (-240 -1024 424 ) (-240 -240 424 ) 
4 267 432 (-240 -1024 424 ) (-736 -1024 424 ) (-736 -1024 360 ) (-240 -1024 360 ) 
4 267 328 (-280 -464 360 ) (-240 -464 360 ) (-240 -472 360 ) (-280 -472 360 ) 
4 267 331 (-240 -1024 360 ) (-736 -1024 360 ) (-736 -472 360 ) (-240 -472 360 ) 
4 267 321 (-568 -240 360 ) (-488 -240 360 ) (-488 -464 360 ) (-568 -464 360 ) 
4 267 322 (-728 -240 360 ) (-576 -240 360 ) (-576 -464 360 ) (-728 -464 360 ) 
4 267 320 (-288 -424 360 ) (-288 -464 360 ) (-480 -464 360 ) (-480 -424 360 ) 
4 267 316 (-288 -280 360 ) (-288 -424 360 ) (-480 -424 360 ) (-480 -280 360 ) 
4 267 315 (-480 -240 360 ) (-288 -240 360 ) (-288 -280 360 ) (-480 -280 360 ) 
4 267 312 (-280 -240 360 ) (-240 -240 360 ) (-240 -464 360 ) (-280 -464 360 ) 
4 267 268 (-736 -240 360 ) (-736 -1024 360 ) (-736 -1024 424 ) (-736 -240 424 ) 
4 268 433 (-1024 -232 360 ) (-1024 -1024 360 ) (-1024 -1024 424 ) (-1024 -232 424 ) 
4 268 432 (-736 -1024 424 ) (-1024 -1024 424 ) (-1024 -1024 360 ) (-736 -1024 360 ) 
4 268 330 (-1024 -472 360 ) (-1024 -464 360 ) (-736 -464 360 ) (-736 -472 360 ) 
4 268 331 (-736 -1024 360 ) (-1024 -1024 360 ) (-1024 -472 360 ) (-736 -472 360 ) 
4 268 325 (-1024 -264 360 ) (-1024 -240 360 ) (-736 -240 360 ) (-736 -264 360 ) 
4 268 327 (-1024 -464 360 ) (-1024 -264 360 ) (-736 -264 360 ) (-736 -464 360 ) 
4 268 309 (-1024 -240 360 ) (-1024 -232 360 ) (-800 -232 360 ) (-800 -240 360 ) 
4 268 304 (-800 -232 360 ) (-736 -232 360 ) (-736 -240 360 ) (-800 -240 360 ) 
4 269 333 (-240 0 224 ) (-200 0 224 ) (-200 -8 224 ) (-240 -8 224 ) 
3 269 271 (-240 -8 240 ) (-240 -8 224 ) (-200 -8 224 ) 
4 270 334 (-180 0 224 ) (-160 0 224 ) (-160 -8 224 ) (-180 -8 224 ) 
4 270 332 (-160 0 224 ) (0 0 224 ) (0 -8 224 ) (-160 -8 224 ) 
4 270 272 (-240 -8 264 ) (-240 -8 352 ) (-240 0 352 ) (-240 0 264 ) 
5 270 271 (-240 -8 360 ) (-240 -8 248 ) (-180 -8 224 ) (0 -8 224 ) (0 -8 360 ) 
4 271 337 (-240 -160 224 ) (-240 -8 224 ) (-192 -8 224 ) (-192 -160 224 ) 
4 271 338 (-192 -240 224 ) (-240 -240 224 ) (-240 -160 224 ) (-192 -160 224 ) 
4 271 335 (0 -8 224 ) (0 -240 224 ) (-192 -240 224 ) (-192 -8 224 ) 
4 271 312 (-240 -240 224 ) (0 -240 224 ) (0 -240 360 ) (-240 -240 360 ) 
4 271 273 (-240 -108 352 ) (-240 -60 352 ) (-240 -60 264 ) (-240 -108 264 ) 
4 271 274 (-240 -176 352 ) (-240 -128 352 ) (-240 -128 264 ) (-240 -176 264 ) 
4 271 272 (-240 -36 352 ) (-240 -8 352 ) (-240 -8 264 ) (-240 -36 264 ) 
4 272 275 (-248 -36 352 ) (-248 0 352 ) (-248 0 264 ) (-248 -36 264 ) 
4 273 275 (-248 -108 352 ) (-248 -60 352 ) (-248 -60 264 ) (-248 -108 264 ) 
4 274 277 (-248 -176 352 ) (-248 -128 352 ) (-248 -128 264 ) (-248 -176 264 ) 
4 275 289 (-560 0 232 ) (-480 0 232 ) (-480 -80 232 ) (-560 -80 232 ) 
4 275 287 (-480 0 232 ) (-416 0 232 ) (-416 -32 232 ) (-480 -32 232 ) 
4 275 277 (-568 -120 232 ) (-248 -120 232 ) (-248 -120 360 ) (-568 -120 360 ) 
4 276 290 (-616 -120 360 ) (-616 0 360 ) (-616 0 232 ) (-616 -120 232 ) 
4 276 281 (-616 -120 360 ) (-616 -120 232 ) (-576 -120 232 ) (-576 -120 360 ) 
4 277 282 (-568 -192 232 ) (-248 -192 232 ) (-248 -192 360 ) (-568 -192 360 ) 
4 277 278 (-568 -120 352 ) (-568 -120 232 ) (-568 -192 232 ) (-568 -192 352 ) 
4 278 279 (-570 -128 232 ) (-570 -184 232 ) (-570 -184 344.010010 ) (-570 -128 344.010010 ) 
4 279 280 (-574 -128 232 ) (-574 -184 232 ) (-574 -184 344.010010 ) (-574 -128 344.010010 ) 
4 280 281 (-576 -120 352 ) (-576 -120 232 ) (-576 -192 232 ) (-576 -192 352 ) 
4 281 290 (-616 -192 360 ) (-616 -120 360 ) (-616 -120 232 ) (-616 -192 232 ) 
4 281 283 (-616 -192 360 ) (-616 -192 232 ) (-576 -192 232 ) (-576 -192 360 ) 
4 282 284 (-368 -232 232 ) (-296 -232 232 ) (-296 -232 352 ) (-368 -232 352 ) 
4 283 290 (-616 -232 360 ) (-616 -192 360 ) (-616 -192 232 ) (-616 -232 232 ) 
4 284 288 (-368 -232 232 ) (-296 -232 232 ) (-296 -234 232 ) (-368 -234 232 ) 
4 284 285 (-360 -234 232 ) (-304 -234 232 ) (-304 -234 344.010010 ) (-360 -234 344.010010 ) 
4 285 288 (-304 -238 232 ) (-360 -238 232 ) (-360 -234 232 ) (-304 -234 232 ) 
4 285 286 (-360 -238 232 ) (-304 -238 232 ) (-304 -238 344.010010 ) (-360 -238 344.010010 ) 
4 286 315 (-368 -240 352 ) (-368 -240 232 ) (-296 -240 232 ) (-296 -240 352 ) 
4 286 288 (-296 -240 232 ) (-368 -240 232 ) (-368 -238 232 ) (-296 -238 232 ) 
4 287 367 (-480 0 224 ) (-464 0 224 ) (-464 -32 224 ) (-480 -32 224 ) 
4 287 365 (-464 0 224 ) (-448 0 224 ) (-448 -32 224 ) (-464 -32 224 ) 
4 287 363 (-448 0 224 ) (-432 0 224 ) (-432 -32 224 ) (-448 -32 224 ) 
4 287 362 (-432 0 224 ) (-416 0 224 ) (-416 -32 224 ) (-432 -32 224 ) 
4 287 289 (-480 0 224 ) (-480 -32 224 ) (-480 -32 232 ) (-480 0 232 ) 
4 289 375 (-480 -48 224 ) (-480 -64 224 ) (-560 -64 224 ) (-560 -48 224 ) 
4 289 373 (-480 -32 224 ) (-480 -48 224 ) (-560 -48 224 ) (-560 -32 224 ) 
4 289 369 (-560 0 224 ) (-480 0 224 ) (-480 -32 224 ) (-560 -32 224 ) 
4 290 294 (-688 -232 360 ) (-688 0 360 ) (-688 0 232 ) (-688 -232 232 ) 
4 290 291 (-688 -232 352 ) (-688 -232 232 ) (-616 -232 232 ) (-616 -232 352 ) 
4 291 292 (-680 -234 232 ) (-624 -234 232 ) (-624 -234 344.010010 ) (-680 -234 344.010010 ) 
4 292 293 (-680 -238 232 ) (-624 -238 232 ) (-624 -238 344.010010 ) (-680 -238 344.010010 ) 
4 293 322 (-616 -240 232 ) (-616 -240 352 ) (-688 -240 352 ) (-688 -240 232 ) 
4 294 308 (-728 -144 360 ) (-728 -73 360 ) (-728 -73 232 ) (-728 -144 232 ) 
4 294 295 (-728 -73 360 ) (-728 0 360 ) (-728 0 232 ) (-728 -73 232 ) 
4 295 308 (-728 -73 232 ) (-728 -73 360 ) (-792 -73 360 ) (-792 -73 232 ) 
4 295 296 (-792 -21 352 ) (-792 0 352 ) (-792 0 264 ) (-792 -21 264 ) 
4 295 297 (-792 -73 264 ) (-792 -73 352 ) (-792 -27 352 ) (-792 -27 264 ) 
4 296 309 (-800 -21 352 ) (-800 0 352 ) (-800 0 264 ) (-800 -21 264 ) 
4 297 309 (-800 -73 264 ) (-800 -73 352 ) (-800 -27 352 ) (-800 -27 264 ) 
4 298 308 (-788 -84 264 ) (-788 -84 352 ) (-756 -116 352 ) (-756 -116 264 ) 
4 298 299 (-796 -92 352 ) (-796 -92 264 ) (-764 -124 264 ) (-764 -124 352 ) 
4 299 417 (-800 -160 224 ) (-800 -148 224 ) (-796 -152 224 ) (-796 -156 224 ) 
5 299 310 (-800 -148 224 ) (-800 -160 224 ) (-800 -160 248 ) (-800 -96 248 ) (-800 -96 244.799988 ) 
4 299 309 (-800 -160 248 ) (-800 -160 360 ) (-800 -96 360 ) (-800 -96 248 ) 
4 299 306 (-800 -96 244.800003 ) (-800 -96 360 ) (-796 -92 360 ) (-796 -92 248 ) 
6 299 303 (-800 -160 360 ) (-800 -160 224 ) (-796 -156 224 ) (-792 -152 225.600021 ) (-764 -124 248 ) (-764 -124 360 ) 
5 300 416 (-800 -128 224 ) (-800 -96 224 ) (-796 -92 224 ) (-764 -124 224 ) (-784 -144 224 ) 
3 300 311 (-800 -96 224 ) (-800 -128 224 ) (-800 -96 236.799957 ) 
4 300 307 (-796 -92 224 ) (-800 -96 224 ) (-800 -96 236.799957 ) (-796 -92 240 ) 
3 300 301 (-784 -144 224 ) (-764 -124 224 ) (-764 -124 240 ) 
4 301 416 (-744 -184 224 ) (-784 -144 224 ) (-764 -124 224 ) (-744 -144 224 ) 
4 301 402 (-736 -192 224 ) (-744 -184 224 ) (-744 -144 224 ) (-736 -152 224 ) 
3 301 302 (-776 -152 224 ) (-736 -192 224 ) (-736 -152 240 ) 
4 302 419 (-776 -192 224 ) (-776 -152 224 ) (-744 -184 224 ) (-744 -224 224 ) 
4 302 418 (-744 -232 224 ) (-776 -232 224 ) (-776 -192 224 ) (-744 -224 224 ) 
4 302 402 (-736 -232 224 ) (-744 -232 224 ) (-744 -184 224 ) (-736 -192 224 ) 
3 302 305 (-776 -232 224 ) (-736 -232 224 ) (-736 -232 240 ) 
4 303 417 (-796 -232 224 ) (-800 -232 224 ) (-800 -160 224 ) (-796 -156 224 ) 
4 303 310 (-800 -160 224 ) (-800 -232 224 ) (-800 -232 248 ) (-800 -160 248 ) 
4 303 309 (-800 -232 248 ) (-800 -232 360 ) (-800 -160 360 ) (-800 -160 248 ) 
5 303 304 (-800 -232 360 ) (-800 -232 224 ) (-796 -232 224 ) (-736 -232 248 ) (-736 -232 360 ) 
4 304 417 (-796 -240 224 ) (-800 -240 224 ) (-800 -232 224 ) (-796 -232 224 ) 
5 304 325 (-800 -240 224 ) (-796 -240 224 ) (-736 -240 248 ) (-736 -240 360 ) (-800 -240 360 ) 
4 304 310 (-800 -232 224 ) (-800 -240 224 ) (-800 -240 248 ) (-800 -232 248 ) 
4 304 309 (-800 -240 248 ) (-800 -240 360 ) (-800 -232 360 ) (-800 -232 248 ) 
4 305 418 (-744 -240 224 ) (-776 -240 224 ) (-776 -232 224 ) (-744 -232 224 ) 
4 305 402 (-736 -240 224 ) (-744 -240 224 ) (-744 -232 224 ) (-736 -232 224 ) 
3 305 326 (-776 -240 224 ) (-736 -240 224 ) (-736 -240 240 ) 
3 306 310 (-800 -96 244.800003 ) (-800 -96 248 ) (-800 -88 248 ) 
4 306 309 (-800 -96 248 ) (-800 -96 360 ) (-800 -88 360 ) (-800 -88 248 ) 
3 307 416 (-800 -96 224 ) (-800 -88 224 ) (-796 -92 224 ) 
4 307 311 (-800 -88 224 ) (-800 -96 224 ) (-800 -96 236.799957 ) (-800 -88 240 ) 
4 309 433 (-1024 0 360 ) (-1024 0 224 ) (-1024 -240 224 ) (-1024 -240 360 ) 
4 309 415 (-880 -73 224 ) (-860 -73 224 ) (-860 -240 224 ) (-880 -240 224 ) 
4 309 423 (-1024 -240 224 ) (-1024 -73 224 ) (-880 -73 224 ) (-880 -240 224 ) 
4 309 409 (-880 0 224 ) (-860 0 224 ) (-860 -73 224 ) (-880 -73 224 ) 
4 309 411 (-1024 -73 224 ) (-1024 0 224 ) (-880 0 224 ) (-880 -73 224 ) 
5 309 325 (-1024 -240 224 ) (-860 -240 224 ) (-800 -240 248 ) (-800 -240 360 ) (-1024 -240 360 ) 
4 309 310 (-800 -88 248 ) (-800 -240 248 ) (-860 -240 224 ) (-860 -88 224 ) 
4 310 420 (-816 -240 224 ) (-860 -240 224 ) (-860 -88 224 ) (-816 -132 224 ) 
4 310 417 (-800 -148 224 ) (-800 -240 224 ) (-816 -240 224 ) (-816 -132 224 ) 
3 310 325 (-860 -240 224 ) (-800 -240 224 ) (-800 -240 248 ) 
4 311 421 (-816 -112 224 ) (-840 -88 224 ) (-840 -73 224 ) (-816 -73 224 ) 
5 311 416 (-800 -88 224 ) (-800 -128 224 ) (-816 -112 224 ) (-816 -73 224 ) (-815 -73 224 ) 
3 311 413 (-800 -73 224 ) (-800 -88 224 ) (-815 -73 224 ) 
4 311 410 (-840 0 224 ) (-800 0 224 ) (-800 -73 224 ) (-840 -73 224 ) 
4 312 358 (-280 -240 224 ) (-248 -240 224 ) (-248 -464 224 ) (-280 -464 224 ) 
4 312 340 (-248 -240 224 ) (-240 -240 224 ) (-240 -464 224 ) (-248 -464 224 ) 
4 312 338 (-240 -240 224 ) (-192 -240 224 ) (-192 -464 224 ) (-240 -464 224 ) 
4 312 335 (-192 -240 224 ) (0 -240 224 ) (0 -464 224 ) (-192 -464 224 ) 
4 312 328 (-280 -464 224 ) (0 -464 224 ) (0 -464 360 ) (-280 -464 360 ) 
4 312 313 (-280 -284 264 ) (-280 -332 264 ) (-280 -332 352 ) (-280 -284 352 ) 
4 312 314 (-280 -372 264 ) (-280 -420 264 ) (-280 -420 352 ) (-280 -372 352 ) 
4 313 317 (-288 -284 264 ) (-288 -332 264 ) (-288 -332 344 ) (-288 -284 344 ) 
4 313 316 (-288 -332 344 ) (-288 -332 352 ) (-288 -284 352 ) (-288 -284 344 ) 
4 314 317 (-288 -372 264 ) (-288 -420 264 ) (-288 -420 344 ) (-288 -372 344 ) 
4 314 316 (-288 -420 344 ) (-288 -420 352 ) (-288 -372 352 ) (-288 -372 344 ) 
4 315 317 (-480 -280 232 ) (-288 -280 232 ) (-288 -280 344 ) (-480 -280 344 ) 
4 315 316 (-288 -280 344 ) (-288 -280 360 ) (-480 -280 360 ) (-480 -280 344 ) 
4 316 320 (-480 -424 344 ) (-288 -424 344 ) (-288 -424 360 ) (-480 -424 360 ) 
4 316 317 (-288 -424 344 ) (-480 -424 344 ) (-480 -280 344 ) (-288 -280 344 ) 
4 317 320 (-480 -424 232 ) (-288 -424 232 ) (-288 -424 344 ) (-480 -424 344 ) 
4 317 318 (-482 -400 344 ) (-482 -304 344 ) (-482 -304 232 ) (-482 -400 232 ) 
4 318 319 (-486 -400 344 ) (-486 -304 344 ) (-486 -304 232 ) (-486 -400 232 ) 
4 319 321 (-488 -280 232 ) (-488 -424 232 ) (-488 -424 344 ) (-488 -280 344 ) 
4 321 329 (-532 -464 352 ) (-532 -464 244 ) (-492 -464 244 ) (-492 -464 352 ) 
4 322 324 (-728 -436 240 ) (-728 -436 352 ) (-728 -396 352 ) (-728 -396 240 ) 
4 322 323 (-728 -308 240 ) (-728 -308 352 ) (-728 -268 352 ) (-728 -268 240 ) 
4 323 327 (-736 -308 240 ) (-736 -308 352 ) (-736 -268 352 ) (-736 -268 240 ) 
4 324 327 (-736 -436 240 ) (-736 -436 352 ) (-736 -396 352 ) (-736 -396 240 ) 
4 325 433 (-1024 -240 224 ) (-1024 -264 224 ) (-1024 -264 360 ) (-1024 -240 360 ) 
4 325 420 (-860 -240 224 ) (-816 -240 224 ) (-816 -264 224 ) (-860 -264 224 ) 
4 325 417 (-816 -240 224 ) (-796 -240 224 ) (-796 -264 224 ) (-816 -264 224 ) 
4 325 415 (-880 -240 224 ) (-860 -240 224 ) (-860 -264 224 ) (-880 -264 224 ) 
4 325 423 (-1024 -264 224 ) (-1024 -240 224 ) (-880 -240 224 ) (-880 -264 224 ) 
5 325 327 (-1024 -264 224 ) (-796 -264 224 ) (-736 -264 248 ) (-736 -264 360 ) (-1024 -264 360 ) 
4 326 418 (-776 -240 224 ) (-744 -240 224 ) (-744 -264 224 ) (-776 -264 224 ) 
3 326 327 (-776 -264 224 ) (-736 -264 224 ) (-736 -264 240 ) 
4 327 433 (-1024 -264 224 ) (-1024 -464 224 ) (-1024 -464 360 ) (-1024 -264 360 ) 
4 327 424 (-1024 -464 224 ) (-1024 -264 224 ) (-744 -264 224 ) (-744 -464 224 ) 
4 327 330 (-1024 -464 224 ) (-736 -464 224 ) (-736 -464 360 ) (-1024 -464 360 ) 
4 328 358 (-280 -464 224 ) (-248 -464 224 ) (-248 -472 224 ) (-280 -472 224 ) 
4 328 340 (-248 -464 224 ) (-240 -464 224 ) (-240 -472 224 ) (-248 -472 224 ) 
4 328 338 (-240 -464 224 ) (-192 -464 224 ) (-192 -472 224 ) (-240 -472 224 ) 
4 328 335 (-192 -464 224 ) (0 -464 224 ) (0 -472 224 ) (-192 -472 224 ) 
4 328 331 (-280 -472 224 ) (0 -472 224 ) (0 -472 360 ) (-280 -472 360 ) 
4 329 331 (-492 -472 244 ) (-492 -472 352 ) (-532 -472 352 ) (-532 -472 244 ) 
4 330 433 (-1024 -464 224 ) (-1024 -472 224 ) (-1024 -472 360 ) (-1024 -464 360 ) 
4 330 424 (-1024 -472 224 ) (-1024 -464 224 ) (-744 -464 224 ) (-744 -472 224 ) 
4 330 405 (-744 -464 224 ) (-736 -464 224 ) (-736 -472 224 ) (-744 -472 224 ) 
4 330 331 (-1024 -472 224 ) (-736 -472 224 ) (-736 -472 360 ) (-1024 -472 360 ) 
4 331 433 (-1024 -472 224 ) (-1024 -1024 224 ) (-1024 -1024 360 ) (-1024 -472 360 ) 
4 331 432 (0 -1024 224 ) (0 -1024 360 ) (-1024 -1024 360 ) (-1024 -1024 224 ) 
4 331 424 (-1024 -1024 224 ) (-1024 -472 224 ) (-744 -472 224 ) (-744 -1024 224 ) 
4 331 405 (-744 -472 224 ) (-736 -472 224 ) (-736 -1024 224 ) (-744 -1024 224 ) 
4 331 401 (-736 -472 224 ) (-728 -472 224 ) (-728 -1024 224 ) (-736 -1024 224 ) 
4 331 398 (-728 -472 224 ) (-568 -472 224 ) (-568 -1024 224 ) (-728 -1024 224 ) 
4 331 387 (-568 -472 224 ) (-320 -472 224 ) (-320 -1024 224 ) (-568 -1024 224 ) 
4 331 385 (-320 -472 224 ) (-312 -472 224 ) (-312 -1024 224 ) (-320 -1024 224 ) 
4 331 360 (-312 -472 224 ) (-304 -472 224 ) (-304 -1024 224 ) (-312 -1024 224 ) 
4 331 358 (-304 -472 224 ) (-248 -472 224 ) (-248 -1024 224 ) (-304 -1024 224 ) 
4 331 340 (-248 -472 224 ) (-240 -472 224 ) (-240 -1024 224 ) (-248 -1024 224 ) 
4 331 338 (-240 -472 224 ) (-192 -472 224 ) (-192 -1024 224 ) (-240 -1024 224 ) 
4 331 335 (-192 -472 224 ) (0 -472 224 ) (0 -1024 224 ) (-192 -1024 224 ) 
4 332 425 (-160 0 96 ) (0 0 96 ) (0 -8 96 ) (-160 -8 96 ) 
4 332 335 (-160 -8 96 ) (0 -8 96 ) (0 -8 224 ) (-160 -8 224 ) 
4 332 334 (-160 -8 216 ) (-160 -8 224 ) (-160 0 224 ) (-160 0 216 ) 
4 332 333 (-160 0 96 ) (-160 -8 96 ) (-160 -8 208 ) (-160 0 208 ) 
4 333 425 (-224 0 96 ) (-160 0 96 ) (-160 -8 96 ) (-224 -8 96 ) 
4 333 337 (-240 -8 224 ) (-192 -8 204 ) (-192 -8 220.800003 ) (-200 -8 224 ) 
4 333 336 (-240 -8 216 ) (-240 -8 96 ) (-192 -8 96 ) (-192 -8 196 ) 
4 333 335 (-192 -8 96 ) (-160 -8 96 ) (-160 -8 208 ) (-192 -8 220.800003 ) 
3 334 335 (-160 -8 216 ) (-160 -8 224 ) (-180 -8 224 ) 
4 335 432 (0 -1024 96 ) (0 -1024 224 ) (-192 -1024 224 ) (-192 -1024 96 ) 
4 335 427 (-192 -768 96 ) (-192 -256 96 ) (0 -256 96 ) (0 -768 96 ) 
4 335 428 (0 -1024 96 ) (-192 -1024 96 ) (-192 -768 96 ) (0 -768 96 ) 
4 335 425 (-192 -256 96 ) (-192 -8 96 ) (0 -8 96 ) (0 -256 96 ) 
4 335 337 (-192 -8 224 ) (-192 -8 204 ) (-192 -160 204 ) (-192 -160 224 ) 
4 335 336 (-192 -8 196 ) (-192 -8 96 ) (-192 -160 96 ) (-192 -160 196 ) 
4 335 338 (-192 -160 96 ) (-192 -1024 96 ) (-192 -1024 224 ) (-192 -160 224 ) 
4 336 426 (-240 -144 96 ) (-240 -24 96 ) (-224 -24 96 ) (-224 -144 96 ) 
4 336 425 (-224 -8 96 ) (-192 -8 96 ) (-192 -160 96 ) (-224 -160 96 ) 
4 336 344 (-240 -24 96 ) (-240 -144 96 ) (-240 -144 128 ) (-240 -24 128 ) 
4 336 341 (-240 -144 216 ) (-240 -24 216 ) (-240 -24 128 ) (-240 -144 128 ) 
4 336 338 (-240 -160 216 ) (-240 -160 96 ) (-192 -160 96 ) (-192 -160 196 ) 
3 337 338 (-240 -160 224 ) (-192 -160 204 ) (-192 -160 224 ) 
4 338 432 (-192 -1024 224 ) (-240 -1024 224 ) (-240 -1024 96 ) (-192 -1024 96 ) 
4 338 430 (-224 -1024 96 ) (-240 -1024 96 ) (-240 -576 96 ) (-224 -576 96 ) 
4 338 429 (-240 -480 96 ) (-240 -256 96 ) (-224 -256 96 ) (-224 -480 96 ) 
4 338 427 (-224 -768 96 ) (-224 -256 96 ) (-192 -256 96 ) (-192 -768 96 ) 
4 338 428 (-192 -1024 96 ) (-224 -1024 96 ) (-224 -768 96 ) (-192 -768 96 ) 
4 338 425 (-224 -160 96 ) (-192 -160 96 ) (-192 -256 96 ) (-224 -256 96 ) 
4 338 345 (-240 -240 96 ) (-240 -1024 96 ) (-240 -1024 128 ) (-240 -240 128 ) 
4 338 342 (-240 -216 216 ) (-240 -168 216 ) (-240 -168 128 ) (-240 -216 128 ) 
4 338 343 (-240 -1024 128 ) (-240 -1024 216 ) (-240 -240 216 ) (-240 -240 128 ) 
4 338 340 (-240 -1024 216 ) (-240 -1024 224 ) (-240 -240 224 ) (-240 -240 216 ) 
4 339 355 (-248 -144 224 ) (-248 -120 224 ) (-248 -120 216 ) (-248 -144 216 ) 
4 339 350 (-248 -120 224 ) (-248 -48 224 ) (-248 -48 216 ) (-248 -120 216 ) 
4 339 347 (-248 -48 224 ) (-248 -24 224 ) (-248 -24 216 ) (-248 -48 216 ) 
4 339 341 (-248 -144 216 ) (-248 -24 216 ) (-240 -24 216 ) (-240 -144 216 ) 
4 340 432 (-240 -1024 224 ) (-248 -1024 224 ) (-248 -1024 216 ) (-240 -1024 216 ) 
4 340 358 (-248 -1024 216 ) (-248 -1024 224 ) (-248 -240 224 ) (-248 -240 216 ) 
4 340 343 (-248 -1024 216 ) (-248 -240 216 ) (-240 -240 216 ) (-240 -1024 216 ) 
4 341 355 (-248 -144 216 ) (-248 -120 216 ) (-248 -120 128 ) (-248 -144 128 ) 
4 341 352 (-248 -120 216 ) (-248 -48 216 ) (-248 -48 128 ) (-248 -120 128 ) 
4 341 347 (-248 -48 216 ) (-248 -24 216 ) (-248 -24 128 ) (-248 -48 128 ) 
4 341 344 (-248 -144 128 ) (-248 -24 128 ) (-240 -24 128 ) (-240 -144 128 ) 
4 342 357 (-248 -216 216 ) (-248 -168 216 ) (-248 -168 128 ) (-248 -216 128 ) 
4 343 432 (-248 -1024 216 ) (-248 -1024 128 ) (-240 -1024 128 ) (-240 -1024 216 ) 
4 343 358 (-248 -1024 128 ) (-248 -1024 216 ) (-248 -240 216 ) (-248 -240 128 ) 
4 343 345 (-248 -1024 128 ) (-248 -240 128 ) (-240 -240 128 ) (-240 -1024 128 ) 
4 344 355 (-248 -120 96 ) (-248 -144 96 ) (-248 -144 128 ) (-248 -120 128 ) 
4 344 352 (-248 -48 96 ) (-248 -120 96 ) (-248 -120 128 ) (-248 -48 128 ) 
4 344 347 (-248 -24 96 ) (-248 -48 96 ) (-248 -48 128 ) (-248 -24 128 ) 
4 345 432 (-248 -1024 128 ) (-248 -1024 96 ) (-240 -1024 96 ) (-240 -1024 128 ) 
4 345 430 (-240 -1024 96 ) (-248 -1024 96 ) (-248 -576 96 ) (-240 -576 96 ) 
4 345 429 (-248 -480 96 ) (-248 -256 96 ) (-240 -256 96 ) (-240 -480 96 ) 
4 345 358 (-248 -240 96 ) (-248 -1024 96 ) (-248 -1024 128 ) (-248 -240 128 ) 
4 346 348 (-272 0 96 ) (-272 -16 96 ) (-272 -16 224 ) (-272 0 224 ) 
4 347 352 (-272 -48 96 ) (-248 -48 96 ) (-248 -48 216 ) (-272 -48 216 ) 
4 347 350 (-248 -48 216 ) (-248 -48 224 ) (-272 -48 224 ) (-272 -48 216 ) 
4 348 349 (-280 0 96 ) (-280 -16 96 ) (-280 -16 224 ) (-280 0 224 ) 
4 349 372 (-312 -40 96 ) (-312 -48 96 ) (-312 -48 224 ) (-312 -40 224 ) 
4 349 371 (-312 -32 96 ) (-312 -40 96 ) (-312 -40 224 ) (-312 -32 224 ) 
4 349 361 (-312 0 96 ) (-312 -32 96 ) (-312 -32 224 ) (-312 0 224 ) 
4 349 354 (-312 -48 216 ) (-312 -48 96 ) (-280 -48 96 ) (-280 -48 216 ) 
4 349 351 (-312 -48 224 ) (-312 -48 216 ) (-280 -48 216 ) (-280 -48 224 ) 
4 350 355 (-272 -120 216 ) (-248 -120 216 ) (-248 -120 224 ) (-272 -120 224 ) 
4 350 352 (-248 -120 216 ) (-272 -120 216 ) (-272 -48 216 ) (-248 -48 216 ) 
4 351 382 (-312 -120 216 ) (-312 -120 224 ) (-312 -112 224 ) (-312 -112 216 ) 
4 351 372 (-312 -112 224 ) (-312 -48 224 ) (-312 -48 216 ) (-312 -112 216 ) 
4 351 356 (-312 -120 224 ) (-312 -120 216 ) (-280 -120 216 ) (-280 -120 224 ) 
4 351 354 (-280 -120 216 ) (-312 -120 216 ) (-312 -48 216 ) (-280 -48 216 ) 
4 352 355 (-272 -120 96 ) (-248 -120 96 ) (-248 -120 216 ) (-272 -120 216 ) 
4 352 353 (-274 -56 96 ) (-274 -112 96 ) (-274 -112 208 ) (-274 -56 208 ) 
4 353 354 (-278 -56 96 ) (-278 -112 96 ) (-278 -112 208 ) (-278 -56 208 ) 
4 354 382 (-312 -112 96 ) (-312 -120 96 ) (-312 -120 216 ) (-312 -112 216 ) 
4 354 372 (-312 -48 96 ) (-312 -112 96 ) (-312 -112 216 ) (-312 -48 216 ) 
4 354 356 (-312 -120 216 ) (-312 -120 96 ) (-280 -120 96 ) (-280 -120 216 ) 
4 356 382 (-312 -120 96 ) (-312 -152 96 ) (-312 -152 224 ) (-312 -120 224 ) 
4 356 357 (-312 -152 224 ) (-312 -152 96 ) (-280 -152 96 ) (-280 -152 224 ) 
4 357 382 (-312 -152 96 ) (-312 -232 96 ) (-312 -232 224 ) (-312 -152 224 ) 
4 358 432 (-248 -1024 224 ) (-304 -1024 224 ) (-304 -1024 96 ) (-248 -1024 96 ) 
4 358 430 (-248 -1024 96 ) (-304 -1024 96 ) (-304 -576 96 ) (-248 -576 96 ) 
4 358 429 (-304 -480 96 ) (-304 -256 96 ) (-248 -256 96 ) (-248 -480 96 ) 
4 358 360 (-304 -464 96 ) (-304 -1024 96 ) (-304 -1024 224 ) (-304 -464 224 ) 
4 358 359 (-304 -248 96 ) (-304 -456 96 ) (-304 -456 216 ) (-304 -248 216 ) 
4 359 384 (-312 -256 96 ) (-312 -448 96 ) (-312 -448 208 ) (-312 -256 208 ) 
4 360 432 (-304 -1024 224 ) (-312 -1024 224 ) (-312 -1024 96 ) (-304 -1024 96 ) 
4 360 430 (-304 -1024 96 ) (-312 -1024 96 ) (-312 -576 96 ) (-304 -576 96 ) 
4 360 385 (-312 -472 96 ) (-312 -1024 96 ) (-312 -1024 224 ) (-312 -472 224 ) 
4 361 371 (-416 -32 96 ) (-312 -32 96 ) (-312 -32 224 ) (-416 -32 224 ) 
4 361 362 (-416 -32 112 ) (-416 -32 224 ) (-416 0 224 ) (-416 0 112 ) 
4 362 363 (-432 -32 128 ) (-432 -32 224 ) (-432 0 224 ) (-432 0 128 ) 
4 363 365 (-448 -32 144 ) (-448 -32 224 ) (-448 0 224 ) (-448 0 144 ) 
4 364 366 (-448 0 96 ) (-448 -32 96 ) (-448 -32 112 ) (-448 0 112 ) 
4 365 367 (-464 -32 160 ) (-464 -32 224 ) (-464 0 224 ) (-464 0 160 ) 
4 366 368 (-464 0 96 ) (-464 -32 96 ) (-464 -32 128 ) (-464 0 128 ) 
4 367 369 (-480 -32 176 ) (-480 -32 224 ) (-480 0 224 ) (-480 0 176 ) 
4 368 370 (-480 0 96 ) (-480 -32 96 ) (-480 -32 144 ) (-480 0 144 ) 
4 369 373 (-568 -32 224 ) (-568 -32 192 ) (-480 -32 192 ) (-480 -32 224 ) 
4 370 374 (-568 -32 160 ) (-568 -32 96 ) (-480 -32 96 ) (-480 -32 160 ) 
4 371 372 (-416 -40 96 ) (-312 -40 96 ) (-312 -40 224 ) (-416 -40 224 ) 
4 372 382 (-472 -112 96 ) (-312 -112 96 ) (-312 -112 224 ) (-472 -112 224 ) 
4 373 375 (-568 -48 224 ) (-568 -48 208 ) (-480 -48 208 ) (-480 -48 224 ) 
4 374 376 (-568 -48 176 ) (-568 -48 96 ) (-480 -48 96 ) (-480 -48 176 ) 
4 376 377 (-568 -64 192 ) (-568 -64 96 ) (-480 -64 96 ) (-480 -64 192 ) 
4 377 378 (-568 -80 208 ) (-568 -80 96 ) (-480 -80 96 ) (-480 -80 208 ) 
4 378 379 (-560 -104 96 ) (-488 -104 96 ) (-488 -104 216 ) (-560 -104 216 ) 
4 379 380 (-552 -106 96 ) (-496 -106 96 ) (-496 -106 208 ) (-552 -106 208 ) 
4 380 381 (-552 -110 96 ) (-496 -110 96 ) (-496 -110 208 ) (-552 -110 208 ) 
4 381 382 (-560 -112 96 ) (-488 -112 96 ) (-488 -112 216 ) (-560 -112 216 ) 
4 382 389 (-568 -120 96 ) (-568 -192 96 ) (-568 -192 216 ) (-568 -120 216 ) 
4 383 397 (-568 -240 96 ) (-568 -256 96 ) (-568 -256 224 ) (-568 -240 224 ) 
4 383 386 (-568 -256 224 ) (-568 -256 96 ) (-320 -256 96 ) (-320 -256 224 ) 
4 384 386 (-320 -256 208 ) (-320 -256 96 ) (-320 -448 96 ) (-320 -448 208 ) 
4 385 432 (-312 -1024 224 ) (-320 -1024 224 ) (-320 -1024 96 ) (-312 -1024 96 ) 
4 385 430 (-312 -1024 96 ) (-320 -1024 96 ) (-320 -576 96 ) (-312 -576 96 ) 
4 385 387 (-320 -472 96 ) (-320 -1024 96 ) (-320 -1024 224 ) (-320 -472 224 ) 
4 386 397 (-568 -256 96 ) (-568 -464 96 ) (-568 -464 224 ) (-568 -256 224 ) 
4 387 432 (-320 -1024 224 ) (-568 -1024 224 ) (-568 -1024 96 ) (-320 -1024 96 ) 
4 387 430 (-320 -1024 96 ) (-568 -1024 96 ) (-568 -576 96 ) (-320 -576 96 ) 
4 387 398 (-568 -472 96 ) (-568 -1024 96 ) (-568 -1024 224 ) (-568 -472 224 ) 
4 388 399 (-728 0 96 ) (-728 -120 96 ) (-728 -120 224 ) (-728 0 224 ) 
4 388 392 (-728 -120 224 ) (-728 -120 96 ) (-576 -120 96 ) (-576 -120 224 ) 
4 389 390 (-570 -128 96 ) (-570 -184 96 ) (-570 -184 208 ) (-570 -128 208 ) 
4 390 391 (-574 -128 96 ) (-574 -184 96 ) (-574 -184 208 ) (-574 -128 208 ) 
4 391 392 (-576 -120 216 ) (-576 -120 96 ) (-576 -192 96 ) (-576 -192 216 ) 
4 392 399 (-728 -120 96 ) (-728 -144 96 ) (-728 -144 224 ) (-728 -120 224 ) 
4 392 393 (-728 -192 224 ) (-728 -192 96 ) (-576 -192 96 ) (-576 -192 224 ) 
4 393 394 (-688 -232 96 ) (-616 -232 96 ) (-616 -232 216 ) (-688 -232 216 ) 
4 394 395 (-680 -234 96 ) (-624 -234 96 ) (-624 -234 208 ) (-680 -234 208 ) 
4 395 396 (-680 -238 96 ) (-624 -238 96 ) (-624 -238 208 ) (-680 -238 208 ) 
4 396 397 (-688 -240 96 ) (-616 -240 96 ) (-616 -240 216 ) (-688 -240 216 ) 
4 397 400 (-728 -256 96 ) (-728 -448 96 ) (-728 -448 208 ) (-728 -256 208 ) 
4 398 432 (-568 -1024 224 ) (-728 -1024 224 ) (-728 -1024 96 ) (-568 -1024 96 ) 
4 398 430 (-568 -1024 96 ) (-728 -1024 96 ) (-728 -576 96 ) (-568 -576 96 ) 
4 398 401 (-728 -472 96 ) (-728 -1024 96 ) (-728 -1024 224 ) (-728 -472 224 ) 
4 399 403 (-736 0 96 ) (-736 -136 96 ) (-736 -136 224 ) (-736 0 224 ) 
4 400 404 (-736 -256 96 ) (-736 -448 96 ) (-736 -448 208 ) (-736 -256 208 ) 
4 401 432 (-728 -1024 224 ) (-736 -1024 224 ) (-736 -1024 96 ) (-728 -1024 96 ) 
4 401 430 (-728 -1024 96 ) (-736 -1024 96 ) (-736 -576 96 ) (-728 -576 96 ) 
4 401 405 (-736 -472 96 ) (-736 -1024 96 ) (-736 -1024 224 ) (-736 -472 224 ) 
3 402 419 (-744 -224 224 ) (-744 -184 224 ) (-744 -224 208 ) 
4 402 418 (-744 -240 201.600006 ) (-744 -240 224 ) (-744 -224 224 ) (-744 -224 208 ) 
5 402 416 (-744 -144 96 ) (-744 -240 96 ) (-744 -240 201.600006 ) (-744 -184 224 ) (-744 -144 224 ) 
4 403 414 (-744 -73 96 ) (-744 -128 96 ) (-744 -128 224 ) (-744 -73 224 ) 
4 403 406 (-744 0 96 ) (-744 -73 96 ) (-744 -73 224 ) (-744 0 224 ) 
4 404 418 (-744 -264 192 ) (-744 -264 216 ) (-744 -248 216 ) (-744 -248 198.399979 ) 
4 404 416 (-744 -248 96 ) (-744 -264 96 ) (-744 -264 192 ) (-744 -248 198.399979 ) 
4 404 424 (-744 -264 96 ) (-744 -456 96 ) (-744 -456 216 ) (-744 -264 216 ) 
4 405 432 (-736 -1024 224 ) (-744 -1024 224 ) (-744 -1024 96 ) (-736 -1024 96 ) 
4 405 430 (-736 -1024 96 ) (-744 -1024 96 ) (-744 -576 96 ) (-736 -576 96 ) 
4 405 424 (-744 -464 96 ) (-744 -1024 96 ) (-744 -1024 224 ) (-744 -464 224 ) 
4 406 414 (-792 -73 96 ) (-744 -73 96 ) (-744 -73 224 ) (-792 -73 224 ) 
4 406 407 (-792 -21 216 ) (-792 0 216 ) (-792 0 128 ) (-792 -21 128 ) 
4 406 408 (-792 -73 128 ) (-792 -73 216 ) (-792 -27 216 ) (-792 -27 128 ) 
4 407 410 (-800 -21 216 ) (-800 0 216 ) (-800 0 128 ) (-800 -21 128 ) 
4 408 410 (-800 -73 128 ) (-800 -73 216 ) (-800 -27 216 ) (-800 -27 128 ) 
3 409 415 (-860 -73 224 ) (-880 -73 224 ) (-880 -73 216 ) 
4 409 411 (-880 -73 216 ) (-880 -73 224 ) (-880 0 224 ) (-880 0 216 ) 
5 410 421 (-880 -73 96 ) (-816 -73 96 ) (-816 -73 224 ) (-840 -73 224 ) (-880 -73 208 ) 
4 410 416 (-816 -73 96 ) (-815 -73 96 ) (-815 -73 224 ) (-816 -73 224 ) 
4 410 413 (-815 -73 96 ) (-800 -73 96 ) (-800 -73 224 ) (-815 -73 224 ) 
4 410 411 (-880 0 96 ) (-880 -73 96 ) (-880 -73 208 ) (-880 0 208 ) 
4 411 433 (-1024 0 224 ) (-1024 0 96 ) (-1024 -73 96 ) (-1024 -73 224 ) 
4 411 423 (-1024 -73 96 ) (-880 -73 96 ) (-880 -73 224 ) (-1024 -73 224 ) 
4 412 416 (-764 -124 128 ) (-764 -124 216 ) (-796 -92 216 ) (-796 -92 128 ) 
4 412 414 (-788 -84 128 ) (-788 -84 216 ) (-756 -116 216 ) (-756 -116 128 ) 
4 413 416 (-815 -73 224 ) (-815 -73 96 ) (-800 -88 96 ) (-800 -88 224 ) 
4 415 420 (-860 -264 224 ) (-880 -264 216 ) (-880 -88 216 ) (-860 -88 224 ) 
4 415 423 (-880 -73 224 ) (-880 -73 216 ) (-880 -264 216 ) (-880 -264 224 ) 
3 415 424 (-860 -264 224 ) (-880 -264 224 ) (-880 -264 216 ) 
5 416 421 (-816 -264 96 ) (-816 -264 163.199982 ) (-816 -112 224 ) (-816 -73 224 ) (-816 -73 96 ) 
5 416 419 (-816 -151.995071 208 ) (-816 -152 207.998047 ) (-744 -224 207.998047 ) (-744 -183.995102 224 ) (-776 -151.995071 224 ) 
4 416 418 (-816 -152 207.998047 ) (-816 -264 163.198044 ) (-744 -264 191.998047 ) (-744 -224 207.998047 ) 
4 416 424 (-816 -264 96 ) (-744 -264 96 ) (-744 -264 192 ) (-816 -264 163.199966 ) 
4 417 420 (-816 -264 216 ) (-816 -264 224 ) (-816 -132 224 ) (-816 -152 216 ) 
3 417 424 (-796 -264 224 ) (-816 -264 224 ) (-816 -264 216 ) 
4 418 422 (-816 -264 163.199982 ) (-816 -264 171.200027 ) (-816 -172 208 ) (-816 -152 208 ) 
3 418 420 (-816 -264 171.200027 ) (-816 -264 208 ) (-816 -172 208 ) 
4 418 419 (-744 -224 208 ) (-816 -152 208 ) (-776 -192 224 ) (-744 -224 224 ) 
5 418 424 (-744 -264 192 ) (-744 -264 224 ) (-776 -264 224 ) (-816 -264 208 ) (-816 -264 163.199966 ) 
4 420 422 (-880 -264 145.599609 ) (-880 -88 216 ) (-816 -152 216 ) (-816 -264 171.200012 ) 
3 420 423 (-880 -264 145.600006 ) (-880 -264 216 ) (-880 -88 216 ) 
5 420 424 (-816 -264 171.200012 ) (-816 -264 224 ) (-860 -264 224 ) (-880 -264 216 ) (-880 -264 145.600006 ) 
4 421 422 (-816 -264 163.201172 ) (-816 -152 208 ) (-880 -88 208 ) (-880 -264 137.600006 ) 
5 421 423 (-880 -73 208 ) (-880 -73 96 ) (-880 -264 96 ) (-880 -264 137.599976 ) (-880 -88 208 ) 
4 421 424 (-880 -264 96 ) (-816 -264 96 ) (-816 -264 163.199982 ) (-880 -264 137.599976 ) 
4 422 423 (-880 -88 208 ) (-880 -264 137.599976 ) (-880 -264 145.600006 ) (-880 -88 216 ) 
4 422 424 (-816 -264 163.199982 ) (-816 -264 171.200012 ) (-880 -264 145.600006 ) (-880 -264 137.599976 ) 
4 423 433 (-1024 -73 96 ) (-1024 -264 96 ) (-1024 -264 224 ) (-1024 -73 224 ) 
4 423 424 (-1024 -264 96 ) (-880 -264 96 ) (-880 -264 224 ) (-1024 -264 224 ) 
4 424 433 (-1024 -264 96 ) (-1024 -1024 96 ) (-1024 -1024 224 ) (-1024 -264 224 ) 
4 424 432 (-744 -1024 224 ) (-1024 -1024 224 ) (-1024 -1024 96 ) (-744 -1024 96 ) 
4 424 430 (-744 -1024 96 ) (-1024 -1024 96 ) (-1024 -576 96 ) (-744 -576 96 ) 
4 425 427 (0 -256 64 ) (0 -256 96 ) (-224 -256 96 ) (-224 -256 64 ) 
4 425 426 (-224 -144 96 ) (-224 -24 96 ) (-224 -24 80 ) (-224 -144 80 ) 
4 427 430 (-224 -576 64 ) (-224 -768 64 ) (-224 -768 96 ) (-224 -576 96 ) 
4 427 429 (-224 -256 96 ) (-224 -256 64 ) (-224 -480 64 ) (-224 -480 96 ) 
4 427 428 (-224 -768 96 ) (-224 -768 64 ) (0 -768 64 ) (0 -768 96 ) 
4 428 432 (0 -1024 0 ) (0 -1024 96 ) (-224 -1024 96 ) (-224 -1024 0 ) 
4 428 431 (0 -768 0 ) (0 -1024 0 ) (-224 -1024 0 ) (-224 -768 0 ) 
4 428 430 (-224 -768 0 ) (-224 -1024 0 ) (-224 -1024 96 ) (-224 -768 96 ) 
4 430 452 (-1024 -576 0 ) (-1024 -1024 0 ) (-1024 -1024 92 ) (-1024 -576 92 ) 
4 430 437 (-1024 -1024 92 ) (-1024 -1024 96 ) (-1024 -576 96 ) (-1024 -576 92 ) 
4 430 432 (-224 -1024 96 ) (-1024 -1024 96 ) (-1024 -1024 0 ) (-224 -1024 0 ) 
4 430 431 (-1024 -1024 0 ) (-1024 -576 0 ) (-224 -576 0 ) (-224 -1024 0 ) 
4 431 461 (-1024 0 -64 ) (-1024 0 -1504 ) (-1024 -1024 -1504 ) (-1024 -1024 -64 ) 
4 431 451 (-1024 -256 -64 ) (-1024 -576 -64 ) (-1024 -576 0 ) (-1024 -256 0 ) 
4 431 452 (-1024 -576 -64 ) (-1024 -1024 -64 ) (-1024 -1024 0 ) (-1024 -576 0 ) 
4 431 442 (-1024 0 0 ) (-1024 0 -64 ) (-1024 -256 -64 ) (-1024 -256 0 ) 
4 431 432 (0 -1024 -1504 ) (0 -1024 0 ) (-1024 -1024 0 ) (-1024 -1024 -1504 ) 
4 432 465 (0 -2048 -1504 ) (0 -2048 2784 ) (-1024 -2048 2784 ) (-1024 -2048 -1504 ) 
4 432 463 (-1024 -2048 -1504 ) (-1024 -2048 2784 ) (-1024 -1024 2784 ) (-1024 -1024 -1504 ) 
4 433 463 (-1024 -1024 96 ) (-1024 -1024 2784 ) (-2048 -1024 2784 ) (-2048 -1024 96 ) 
4 433 462 (-2048 0 2784 ) (-2048 0 96 ) (-2048 -1024 96 ) (-2048 -1024 2784 ) 
4 433 440 (-1408 -576 96 ) (-1408 -1024 96 ) (-1456 -1024 96 ) (-1456 -576 96 ) 
4 433 441 (-2048 -1024 96 ) (-2048 -256 96 ) (-1456 -256 96 ) (-1456 -1024 96 ) 
4 433 439 (-1056 -576 96 ) (-1056 -1024 96 ) (-1408 -1024 96 ) (-1408 -576 96 ) 
4 433 438 (-1056 -304 96 ) (-1056 -528 96 ) (-1408 -528 96 ) (-1408 -304 96 ) 
4 433 437 (-1024 -576 96 ) (-1024 -1024 96 ) (-1056 -1024 96 ) (-1056 -576 96 ) 
4 433 436 (-2048 -256 96 ) (-2048 0 96 ) (-1360 0 96 ) (-1360 -256 96 ) 
4 433 435 (-1200 -208 96 ) (-1312 -208 96 ) (-1312 -128 96 ) (-1200 -128 96 ) 
4 433 434 (-1312 0 96 ) (-1232 0 96 ) (-1232 -128 96 ) (-1312 -128 96 ) 
4 434 448 (-1232 -112 92 ) (-1232 -128 92 ) (-1312 -128 92 ) (-1312 -112 92 ) 
4 434 447 (-1232 -96 92 ) (-1232 -112 92 ) (-1312 -112 92 ) (-1312 -96 92 ) 
4 434 446 (-1232 -80 92 ) (-1232 -96 92 ) (-1312 -96 92 ) (-1312 -80 92 ) 
4 434 445 (-1312 0 92 ) (-1232 0 92 ) (-1232 -80 92 ) (-1312 -80 92 ) 
4 434 435 (-1312 -128 96 ) (-1312 -128 92 ) (-1232 -128 92 ) (-1232 -128 96 ) 
4 435 449 (-1232 -208 92 ) (-1312 -208 92 ) (-1312 -128 92 ) (-1232 -128 92 ) 
4 435 444 (-1216 -208 92 ) (-1232 -208 92 ) (-1232 -128 92 ) (-1216 -128 92 ) 
4 435 443 (-1200 -208 92 ) (-1216 -208 92 ) (-1216 -128 92 ) (-1200 -128 92 ) 
4 436 462 (-2048 0 96 ) (-2048 0 92 ) (-2048 -256 92 ) (-2048 -256 96 ) 
4 436 450 (-2048 -256 92 ) (-2048 0 92 ) (-1360 0 92 ) (-1360 -256 92 ) 
4 436 441 (-2048 -256 92 ) (-1456 -256 92 ) (-1456 -256 96 ) (-2048 -256 96 ) 
4 437 463 (-1024 -1024 92 ) (-1024 -1024 96 ) (-1056 -1024 96 ) (-1056 -1024 92 ) 
4 437 452 (-1024 -1024 92 ) (-1056 -1024 92 ) (-1056 -576 92 ) (-1024 -576 92 ) 
4 437 439 (-1056 -576 92 ) (-1056 -1024 92 ) (-1056 -1024 96 ) (-1056 -576 96 ) 
4 438 454 (-1408 -528 92 ) (-1408 -304 92 ) (-1056 -304 92 ) (-1056 -528 92 ) 
4 439 463 (-1056 -1024 96 ) (-1408 -1024 96 ) (-1408 -1024 92 ) (-1056 -1024 92 ) 
4 439 457 (-1056 -1024 92 ) (-1408 -1024 92 ) (-1408 -576 92 ) (-1056 -576 92 ) 
4 439 440 (-1408 -576 92 ) (-1408 -1024 92 ) (-1408 -1024 96 ) (-1408 -576 96 ) 
4 440 463 (-1408 -1024 96 ) (-1456 -1024 96 ) (-1456 -1024 92 ) (-1408 -1024 92 ) 
4 440 459 (-1408 -1024 92 ) (-1456 -1024 92 ) (-1456 -576 92 ) (-1408 -576 92 ) 
4 440 441 (-1456 -576 92 ) (-1456 -1024 92 ) (-1456 -1024 96 ) (-1456 -576 96 ) 
4 441 463 (-1456 -1024 96 ) (-2048 -1024 96 ) (-2048 -1024 92 ) (-1456 -1024 92 ) 
4 441 462 (-2048 -256 92 ) (-2048 -1024 92 ) (-2048 -1024 96 ) (-2048 -256 96 ) 
4 441 460 (-1456 -1024 92 ) (-2048 -1024 92 ) (-2048 -256 92 ) (-1456 -256 92 ) 
4 442 461 (-1184 0 -64 ) (-1024 0 -64 ) (-1024 -256 -64 ) (-1184 -256 -64 ) 
4 442 453 (-1184 -256 -64 ) (-1056 -256 -64 ) (-1056 -256 0 ) (-1184 -256 0 ) 
4 442 451 (-1056 -256 -64 ) (-1024 -256 -64 ) (-1024 -256 0 ) (-1056 -256 0 ) 
4 443 444 (-1216 -128 92 ) (-1216 -128 80 ) (-1216 -208 80 ) (-1216 -208 92 ) 
4 444 449 (-1232 -208 64 ) (-1232 -208 92 ) (-1232 -128 92 ) (-1232 -128 64 ) 
4 445 461 (-1312 0 -64 ) (-1232 0 -64 ) (-1232 -80 -64 ) (-1312 -80 -64 ) 
4 445 446 (-1312 -80 92 ) (-1312 -80 0 ) (-1232 -80 0 ) (-1232 -80 92 ) 
4 446 447 (-1312 -96 92 ) (-1312 -96 16 ) (-1232 -96 16 ) (-1232 -96 92 ) 
4 447 448 (-1312 -112 92 ) (-1312 -112 32 ) (-1232 -112 32 ) (-1232 -112 92 ) 
4 448 449 (-1312 -128 92 ) (-1312 -128 48 ) (-1232 -128 48 ) (-1232 -128 92 ) 
4 450 462 (-2048 0 92 ) (-2048 0 -64 ) (-2048 -256 -64 ) (-2048 -256 92 ) 
4 450 461 (-2048 -256 -64 ) (-2048 0 -64 ) (-1360 0 -64 ) (-1360 -256 -64 ) 
4 450 458 (-1456 -256 -64 ) (-1408 -256 -64 ) (-1408 -256 0 ) (-1456 -256 0 ) 
4 450 460 (-2048 -256 -64 ) (-1456 -256 -64 ) (-1456 -256 92 ) (-2048 -256 92 ) 
4 450 453 (-1408 -256 -64 ) (-1360 -256 -64 ) (-1360 -256 0 ) (-1408 -256 0 ) 
4 451 461 (-1056 -256 -64 ) (-1024 -256 -64 ) (-1024 -576 -64 ) (-1056 -576 -64 ) 
4 451 456 (-1056 -528 -64 ) (-1056 -576 -64 ) (-1056 -576 0 ) (-1056 -528 0 ) 
4 451 455 (-1056 -304 -64 ) (-1056 -528 -64 ) (-1056 -528 0 ) (-1056 -304 0 ) 
4 451 453 (-1056 -256 0 ) (-1056 -256 -64 ) (-1056 -304 -64 ) (-1056 -304 0 ) 
4 451 452 (-1056 -576 0 ) (-1056 -576 -64 ) (-1024 -576 -64 ) (-1024 -576 0 ) 
4 452 463 (-1024 -1024 -64 ) (-1024 -1024 92 ) (-1056 -1024 92 ) (-1056 -1024 -64 ) 
4 452 461 (-1024 -576 -64 ) (-1024 -1024 -64 ) (-1056 -1024 -64 ) (-1056 -576 -64 ) 
4 452 457 (-1056 -576 -64 ) (-1056 -1024 -64 ) (-1056 -1024 92 ) (-1056 -576 92 ) 
4 453 461 (-1408 -256 -64 ) (-1056 -256 -64 ) (-1056 -304 -64 ) (-1408 -304 -64 ) 
4 453 458 (-1408 -256 0 ) (-1408 -256 -64 ) (-1408 -304 -64 ) (-1408 -304 0 ) 
4 453 455 (-1408 -304 0 ) (-1408 -304 -64 ) (-1056 -304 -64 ) (-1056 -304 0 ) 
4 455 461 (-1056 -304 -64 ) (-1056 -528 -64 ) (-1408 -528 -64 ) (-1408 -304 -64 ) 
4 455 458 (-1408 -304 -64 ) (-1408 -528 -64 ) (-1408 -528 0 ) (-1408 -304 0 ) 
4 455 456 (-1408 -528 0 ) (-1408 -528 -64 ) (-1056 -528 -64 ) (-1056 -528 0 ) 
4 456 461 (-1056 -528 -64 ) (-1056 -576 -64 ) (-1408 -576 -64 ) (-1408 -528 -64 ) 
4 456 458 (-1408 -528 -64 ) (-1408 -576 -64 ) (-1408 -576 0 ) (-1408 -528 0 ) 
4 456 457 (-1408 -576 0 ) (-1408 -576 -64 ) (-1056 -576 -64 ) (-1056 -576 0 ) 
4 457 463 (-1056 -1024 92 ) (-1408 -1024 92 ) (-1408 -1024 -64 ) (-1056 -1024 -64 ) 
4 457 461 (-1056 -576 -64 ) (-1056 -1024 -64 ) (-1408 -1024 -64 ) (-1408 -576 -64 ) 
4 457 459 (-1408 -576 -64 ) (-1408 -1024 -64 ) (-1408 -1024 92 ) (-1408 -576 92 ) 
4 458 461 (-1456 -256 -64 ) (-1408 -256 -64 ) (-1408 -576 -64 ) (-1456 -576 -64 ) 
4 458 459 (-1456 -576 0 ) (-1456 -576 -64 ) (-1408 -576 -64 ) (-1408 -576 0 ) 
4 458 460 (-1456 -256 0 ) (-1456 -256 -64 ) (-1456 -576 -64 ) (-1456 -576 0 ) 
4 459 463 (-1408 -1024 92 ) (-1456 -1024 92 ) (-1456 -1024 -64 ) (-1408 -1024 -64 ) 
4 459 461 (-1408 -576 -64 ) (-1408 -1024 -64 ) (-1456 -1024 -64 ) (-1456 -576 -64 ) 
4 459 460 (-1456 -576 -64 ) (-1456 -1024 -64 ) (-1456 -1024 92 ) (-1456 -576 92 ) 
4 460 463 (-1456 -1024 92 ) (-2048 -1024 92 ) (-2048 -1024 -64 ) (-1456 -1024 -64 ) 
4 460 462 (-2048 -256 -64 ) (-2048 -1024 -64 ) (-2048 -1024 92 ) (-2048 -256 92 ) 
4 460 461 (-2048 -1024 -64 ) (-2048 -256 -64 ) (-1456 -256 -64 ) (-1456 -1024 -64 ) 
4 461 463 (-1024 -1024 -1504 ) (-1024 -1024 -64 ) (-2048 -1024 -64 ) (-2048 -1024 -1504 ) 
4 461 462 (-2048 0 -64 ) (-2048 0 -1504 ) (-2048 -1024 -1504 ) (-2048 -1024 -64 ) 
4 462 471 (-3072 0 2784 ) (-3072 0 -1504 ) (-3072 -1024 -1504 ) (-3072 -1024 2784 ) 
4 462 464 (-2048 -1024 -1504 ) (-2048 -1024 2784 ) (-3072 -1024 2784 ) (-3072 -1024 -1504 ) 
4 463 466 (-1024 -2048 -1504 ) (-1024 -2048 2784 ) (-2048 -2048 2784 ) (-2048 -2048 -1504 ) 
4 463 464 (-2048 -1024 2784 ) (-2048 -1024 -1504 ) (-2048 -2048 -1504 ) (-2048 -2048 2784 ) 
4 464 472 (-3072 -2048 -1504 ) (-3072 -2048 2784 ) (-3072 -1024 2784 ) (-3072 -1024 -1504 ) 
4 464 467 (-2048 -2048 -1504 ) (-2048 -2048 2784 ) (-3072 -2048 2784 ) (-3072 -2048 -1504 ) 
4 465 468 (0 -3072 -1504 ) (0 -3072 2784 ) (-1024 -3072 2784 ) (-1024 -3072 -1504 ) 
4 465 466 (-1024 -3072 -1504 ) (-1024 -3072 2784 ) (-1024 -2048 2784 ) (-1024 -2048 -1504 ) 
4 466 469 (-1024 -3072 -1504 ) (-1024 -3072 2784 ) (-2048 -3072 2784 ) (-2048 -3072 -1504 ) 
4 466 467 (-2048 -2048 2784 ) (-2048 -2048 -1504 ) (-2048 -3072 -1504 ) (-2048 -3072 2784 ) 
4 467 475 (-3072 -3072 -1504 ) (-3072 -3072 2784 ) (-3072 -2048 2784 ) (-3072 -2048 -1504 ) 
4 467 470 (-3072 -3072 2784 ) (-3072 -3072 -1504 ) (-2048 -3072 -1504 ) (-2048 -3072 2784 ) 
4 468 469 (-1024 -3072 2784 ) (-1024 -3072 -1504 ) (-1024 -4064 -1504 ) (-1024 -4064 2784 ) 
4 469 470 (-2048 -3072 2784 ) (-2048 -3072 -1504 ) (-2048 -4064 -1504 ) (-2048 -4064 2784 ) 
4 470 477 (-3072 -4064 2784 ) (-3072 -3072 2784 ) (-3072 -3072 -1504 ) (-3072 -4064 -1504 ) 
4 471 473 (-4096 0 2784 ) (-4096 0 -1504 ) (-4096 -1024 -1504 ) (-4096 -1024 2784 ) 
4 471 472 (-3072 -1024 -1504 ) (-3072 -1024 2784 ) (-4096 -1024 2784 ) (-4096 -1024 -1504 ) 
4 472 475 (-3072 -2048 -1504 ) (-3072 -2048 2784 ) (-4096 -2048 2784 ) (-4096 -2048 -1504 ) 
4 472 474 (-4096 -2048 -1504 ) (-4096 -2048 2784 ) (-4096 -1024 2784 ) (-4096 -1024 -1504 ) 
4 473 474 (-4096 -1024 -1504 ) (-4096 -1024 2784 ) (-4320 -1024 2784 ) (-4320 -1024 -1504 ) 
4 474 476 (-4096 -2048 -1504 ) (-4096 -2048 2784 ) (-4320 -2048 2784 ) (-4320 -2048 -1504 ) 
4 475 477 (-3072 -3072 -1504 ) (-3072 -3072 2784 ) (-4096 -3072 2784 ) (-4096 -3072 -1504 ) 
4 475 476 (-4096 -3072 -1504 ) (-4096 -3072 2784 ) (-4096 -2048 2784 ) (-4096 -2048 -1504 ) 
4 476 478 (-4096 -3072 -1504 ) (-4096 -3072 2784 ) (-4320 -3072 2784 ) (-4320 -3072 -1504 ) 
4 477 478 (-4096 -3072 2784 ) (-4096 -3072 -1504 ) (-4096 -4064 -1504 ) (-4096 -4064 2784 ) 
