PRT1
1006
2750
4 0 3 (3072 11264 -1504 ) (3072 11264 2784 ) (3072 11616 2784 ) (3072 11616 -1504 ) 
4 0 1 (4064 11264 2784 ) (3072 11264 2784 ) (3072 11264 -1504 ) (4064 11264 -1504 ) 
4 1 6 (3072 10240 -1504 ) (3072 10240 2784 ) (3072 11264 2784 ) (3072 11264 -1504 ) 
4 1 2 (4064 10240 2784 ) (3072 10240 2784 ) (3072 10240 -1504 ) (4064 10240 -1504 ) 
4 2 12 (4064 9216 2784 ) (3072 9216 2784 ) (3072 9216 -1504 ) (4064 9216 -1504 ) 
4 2 7 (3072 9216 -1504 ) (3072 9216 2784 ) (3072 10240 2784 ) (3072 10240 -1504 ) 
4 3 6 (3072 11264 -1504 ) (3072 11264 2784 ) (2048 11264 2784 ) (2048 11264 -1504 ) 
4 3 4 (2048 11264 -1504 ) (2048 11264 2784 ) (2048 11616 2784 ) (2048 11616 -1504 ) 
4 4 8 (2048 11264 -1504 ) (2048 11264 2784 ) (1024 11264 2784 ) (1024 11264 -1504 ) 
4 4 5 (1024 11264 -1504 ) (1024 11264 2784 ) (1024 11616 2784 ) (1024 11616 -1504 ) 
4 5 32 (0 11264 -1504 ) (0 11264 2784 ) (0 11616 2784 ) (0 11616 -1504 ) 
4 5 9 (1024 11264 -1504 ) (1024 11264 2784 ) (0 11264 2784 ) (0 11264 -1504 ) 
4 6 8 (2048 11264 2784 ) (2048 11264 -1504 ) (2048 10240 -1504 ) (2048 10240 2784 ) 
4 6 7 (3072 10240 -1504 ) (3072 10240 2784 ) (2048 10240 2784 ) (2048 10240 -1504 ) 
4 7 17 (3072 9216 -1504 ) (3072 9216 2784 ) (2048 9216 2784 ) (2048 9216 -1504 ) 
4 7 10 (2048 9216 -1504 ) (2048 9216 2784 ) (2048 10240 2784 ) (2048 10240 -1504 ) 
4 8 10 (2048 10240 -1504 ) (2048 10240 2784 ) (1024 10240 2784 ) (1024 10240 -1504 ) 
4 8 9 (1024 11264 2784 ) (1024 11264 -1504 ) (1024 10240 -1504 ) (1024 10240 2784 ) 
4 9 35 (0 10240 -1504 ) (0 10240 2784 ) (0 11264 2784 ) (0 11264 -1504 ) 
4 9 11 (1024 10240 -1504 ) (1024 10240 2784 ) (0 10240 2784 ) (0 10240 -1504 ) 
4 10 19 (2048 9216 -1504 ) (2048 9216 2784 ) (1024 9216 2784 ) (1024 9216 -1504 ) 
4 10 11 (1024 10240 2784 ) (1024 10240 -1504 ) (1024 9216 -1504 ) (1024 9216 2784 ) 
4 11 36 (0 9216 -1504 ) (0 9216 2784 ) (0 10240 2784 ) (0 10240 -1504 ) 
4 11 20 (1024 9216 -1504 ) (1024 9216 2784 ) (0 9216 2784 ) (0 9216 -1504 ) 
4 12 17 (3072 9216 2784 ) (3072 9216 -1504 ) (3072 8192 -1504 ) (3072 8192 2784 ) 
4 12 13 (4064 8192 2784 ) (3072 8192 2784 ) (3072 8192 -1504 ) (4064 8192 -1504 ) 
4 13 18 (3072 7168 -1504 ) (3072 7168 2784 ) (3072 8192 2784 ) (3072 8192 -1504 ) 
4 13 14 (4064 7168 2784 ) (3072 7168 2784 ) (3072 7168 -1504 ) (4064 7168 -1504 ) 
4 14 23 (3072 6144 -1504 ) (3072 6144 2784 ) (3072 7168 2784 ) (3072 7168 -1504 ) 
4 14 15 (3072 6144 2784 ) (3072 6144 -1504 ) (4064 6144 -1504 ) (4064 6144 2784 ) 
4 15 26 (3072 5120 -1504 ) (3072 5120 2784 ) (3072 6144 2784 ) (3072 6144 -1504 ) 
4 15 16 (3072 5120 2784 ) (3072 5120 -1504 ) (4064 5120 -1504 ) (4064 5120 2784 ) 
4 16 111 (4064 4096 2784 ) (3072 4096 2784 ) (3072 4096 -1504 ) (4064 4096 -1504 ) 
4 16 27 (3072 4096 -1504 ) (3072 4096 2784 ) (3072 5120 2784 ) (3072 5120 -1504 ) 
4 17 19 (2048 9216 2784 ) (2048 9216 -1504 ) (2048 8192 -1504 ) (2048 8192 2784 ) 
4 17 18 (3072 8192 -1504 ) (3072 8192 2784 ) (2048 8192 2784 ) (2048 8192 -1504 ) 
4 18 23 (3072 7168 -1504 ) (3072 7168 2784 ) (2048 7168 2784 ) (2048 7168 -1504 ) 
4 18 21 (2048 7168 -1504 ) (2048 7168 2784 ) (2048 8192 2784 ) (2048 8192 -1504 ) 
4 19 21 (2048 8192 -1504 ) (2048 8192 2784 ) (1024 8192 2784 ) (1024 8192 -1504 ) 
4 19 20 (1024 9216 2784 ) (1024 9216 -1504 ) (1024 8192 -1504 ) (1024 8192 2784 ) 
4 20 47 (0 8192 -1504 ) (0 8192 2784 ) (0 9216 2784 ) (0 9216 -1504 ) 
4 20 22 (1024 8192 -1504 ) (1024 8192 2784 ) (0 8192 2784 ) (0 8192 -1504 ) 
4 21 24 (2048 7168 -1504 ) (2048 7168 2784 ) (1024 7168 2784 ) (1024 7168 -1504 ) 
4 21 22 (1024 8192 2784 ) (1024 8192 -1504 ) (1024 7168 -1504 ) (1024 7168 2784 ) 
4 22 48 (0 7168 -1504 ) (0 7168 2784 ) (0 8192 2784 ) (0 8192 -1504 ) 
4 22 25 (1024 7168 -1504 ) (1024 7168 2784 ) (0 7168 2784 ) (0 7168 -1504 ) 
4 23 26 (3072 6144 -1504 ) (3072 6144 2784 ) (2048 6144 2784 ) (2048 6144 -1504 ) 
4 23 24 (2048 6144 -1504 ) (2048 6144 2784 ) (2048 7168 2784 ) (2048 7168 -1504 ) 
4 24 28 (2048 6144 -1504 ) (2048 6144 2784 ) (1024 6144 2784 ) (1024 6144 -1504 ) 
4 24 25 (1024 7168 2784 ) (1024 7168 -1504 ) (1024 6144 -1504 ) (1024 6144 2784 ) 
4 25 53 (0 6144 -1504 ) (0 6144 2784 ) (0 7168 2784 ) (0 7168 -1504 ) 
4 25 29 (0 6144 2784 ) (0 6144 -1504 ) (1024 6144 -1504 ) (1024 6144 2784 ) 
4 26 28 (2048 6144 2784 ) (2048 6144 -1504 ) (2048 5120 -1504 ) (2048 5120 2784 ) 
4 26 27 (3072 5120 -1504 ) (3072 5120 2784 ) (2048 5120 2784 ) (2048 5120 -1504 ) 
4 27 116 (3072 4096 -1504 ) (3072 4096 2784 ) (2048 4096 2784 ) (2048 4096 -1504 ) 
4 27 30 (2048 4096 -1504 ) (2048 4096 2784 ) (2048 5120 2784 ) (2048 5120 -1504 ) 
4 28 30 (2048 5120 -1504 ) (2048 5120 2784 ) (1024 5120 2784 ) (1024 5120 -1504 ) 
4 28 29 (1024 6144 2784 ) (1024 6144 -1504 ) (1024 5120 -1504 ) (1024 5120 2784 ) 
4 29 56 (0 5120 -1504 ) (0 5120 2784 ) (0 6144 2784 ) (0 6144 -1504 ) 
4 29 31 (0 5120 2784 ) (0 5120 -1504 ) (1024 5120 -1504 ) (1024 5120 2784 ) 
4 30 119 (2048 4096 -1504 ) (2048 4096 2784 ) (1024 4096 2784 ) (1024 4096 -1504 ) 
4 30 31 (1024 5120 2784 ) (1024 5120 -1504 ) (1024 4096 -1504 ) (1024 4096 2784 ) 
4 31 121 (1024 4096 -1504 ) (1024 4096 2784 ) (0 4096 2784 ) (0 4096 -1504 ) 
4 31 72 (0 4096 -1504 ) (0 4096 64 ) (0 5120 64 ) (0 5120 -1504 ) 
4 31 58 (0 4096 64 ) (0 4096 192 ) (0 5120 192 ) (0 5120 64 ) 
4 31 57 (0 4096 192 ) (0 4096 2784 ) (0 5120 2784 ) (0 5120 192 ) 
4 32 35 (0 11264 -1504 ) (0 11264 2784 ) (-1024 11264 2784 ) (-1024 11264 -1504 ) 
4 32 33 (-1024 11264 -1504 ) (-1024 11264 2784 ) (-1024 11616 2784 ) (-1024 11616 -1504 ) 
4 33 37 (-1024 11264 -1504 ) (-1024 11264 2784 ) (-2048 11264 2784 ) (-2048 11264 -1504 ) 
4 33 34 (-2048 11264 -1504 ) (-2048 11264 2784 ) (-2048 11616 2784 ) (-2048 11616 -1504 ) 
4 34 41 (-3072 11264 -1504 ) (-3072 11264 2784 ) (-3072 11616 2784 ) (-3072 11616 -1504 ) 
4 34 38 (-2048 11264 -1504 ) (-2048 11264 2784 ) (-3072 11264 2784 ) (-3072 11264 -1504 ) 
4 35 37 (-1024 11264 2784 ) (-1024 11264 -1504 ) (-1024 10240 -1504 ) (-1024 10240 2784 ) 
4 35 36 (0 10240 -1504 ) (0 10240 2784 ) (-1024 10240 2784 ) (-1024 10240 -1504 ) 
4 36 47 (0 9216 -1504 ) (0 9216 2784 ) (-1024 9216 2784 ) (-1024 9216 -1504 ) 
4 36 39 (-1024 9216 -1504 ) (-1024 9216 2784 ) (-1024 10240 2784 ) (-1024 10240 -1504 ) 
4 37 39 (-1024 10240 -1504 ) (-1024 10240 2784 ) (-2048 10240 2784 ) (-2048 10240 -1504 ) 
4 37 38 (-2048 11264 2784 ) (-2048 11264 -1504 ) (-2048 10240 -1504 ) (-2048 10240 2784 ) 
4 38 43 (-3072 10240 -1504 ) (-3072 10240 2784 ) (-3072 11264 2784 ) (-3072 11264 -1504 ) 
4 38 40 (-2048 10240 -1504 ) (-2048 10240 2784 ) (-3072 10240 2784 ) (-3072 10240 -1504 ) 
4 39 49 (-1024 9216 -1504 ) (-1024 9216 2784 ) (-2048 9216 2784 ) (-2048 9216 -1504 ) 
4 39 40 (-2048 10240 2784 ) (-2048 10240 -1504 ) (-2048 9216 -1504 ) (-2048 9216 2784 ) 
4 40 50 (-2048 9216 -1504 ) (-2048 9216 2784 ) (-3072 9216 2784 ) (-3072 9216 -1504 ) 
4 40 44 (-3072 9216 -1504 ) (-3072 9216 2784 ) (-3072 10240 2784 ) (-3072 10240 -1504 ) 
4 41 43 (-3072 11264 -1504 ) (-3072 11264 2784 ) (-4096 11264 2784 ) (-4096 11264 -1504 ) 
4 41 42 (-4096 11264 -1504 ) (-4096 11264 2784 ) (-4096 11616 2784 ) (-4096 11616 -1504 ) 
4 42 45 (-4096 11264 -1504 ) (-4096 11264 2784 ) (-4320 11264 2784 ) (-4320 11264 -1504 ) 
4 43 45 (-4096 11264 2784 ) (-4096 11264 -1504 ) (-4096 10240 -1504 ) (-4096 10240 2784 ) 
4 43 44 (-3072 10240 -1504 ) (-3072 10240 2784 ) (-4096 10240 2784 ) (-4096 10240 -1504 ) 
4 44 101 (-3072 9216 -1504 ) (-3072 9216 2784 ) (-4096 9216 2784 ) (-4096 9216 -1504 ) 
4 44 46 (-4096 9216 -1504 ) (-4096 9216 2784 ) (-4096 10240 2784 ) (-4096 10240 -1504 ) 
4 45 46 (-4096 10240 -1504 ) (-4096 10240 2784 ) (-4320 10240 2784 ) (-4320 10240 -1504 ) 
4 46 103 (-4096 9216 -1504 ) (-4096 9216 2784 ) (-4320 9216 2784 ) (-4320 9216 -1504 ) 
4 47 49 (-1024 9216 2784 ) (-1024 9216 -1504 ) (-1024 8192 -1504 ) (-1024 8192 2784 ) 
4 47 48 (0 8192 -1504 ) (0 8192 2784 ) (-1024 8192 2784 ) (-1024 8192 -1504 ) 
4 48 53 (0 7168 -1504 ) (0 7168 2784 ) (-1024 7168 2784 ) (-1024 7168 -1504 ) 
4 48 51 (-1024 7168 -1504 ) (-1024 7168 2784 ) (-1024 8192 2784 ) (-1024 8192 -1504 ) 
4 49 51 (-1024 8192 -1504 ) (-1024 8192 2784 ) (-2048 8192 2784 ) (-2048 8192 -1504 ) 
4 49 50 (-2048 9216 2784 ) (-2048 9216 -1504 ) (-2048 8192 -1504 ) (-2048 8192 2784 ) 
4 50 101 (-3072 9216 2784 ) (-3072 9216 -1504 ) (-3072 8192 -1504 ) (-3072 8192 2784 ) 
4 50 52 (-2048 8192 -1504 ) (-2048 8192 2784 ) (-3072 8192 2784 ) (-3072 8192 -1504 ) 
4 51 54 (-1024 7168 -1504 ) (-1024 7168 2784 ) (-2048 7168 2784 ) (-2048 7168 -1504 ) 
4 51 52 (-2048 8192 2784 ) (-2048 8192 -1504 ) (-2048 7168 -1504 ) (-2048 7168 2784 ) 
4 52 102 (-3072 7168 -1504 ) (-3072 7168 2784 ) (-3072 8192 2784 ) (-3072 8192 -1504 ) 
4 52 55 (-2048 7168 -1504 ) (-2048 7168 2784 ) (-3072 7168 2784 ) (-3072 7168 -1504 ) 
4 53 56 (0 6144 -1504 ) (0 6144 2784 ) (-1024 6144 2784 ) (-1024 6144 -1504 ) 
4 53 54 (-1024 6144 -1504 ) (-1024 6144 2784 ) (-1024 7168 2784 ) (-1024 7168 -1504 ) 
4 54 76 (-1024 6144 -1504 ) (-1024 6144 2784 ) (-2048 6144 2784 ) (-2048 6144 -1504 ) 
4 54 55 (-2048 7168 2784 ) (-2048 7168 -1504 ) (-2048 6144 -1504 ) (-2048 6144 2784 ) 
4 55 105 (-3072 6144 -1504 ) (-3072 6144 2784 ) (-3072 7168 2784 ) (-3072 7168 -1504 ) 
4 55 77 (-3072 6144 2784 ) (-3072 6144 -1504 ) (-2048 6144 -1504 ) (-2048 6144 2784 ) 
4 56 76 (-1024 6144 2784 ) (-1024 6144 -1504 ) (-1024 5120 -1504 ) (-1024 5120 2784 ) 
4 56 73 (-640 5120 64 ) (-1024 5120 64 ) (-1024 5120 -1504 ) (-640 5120 -1504 ) 
4 56 72 (0 5120 -1504 ) (0 5120 64 ) (-640 5120 64 ) (-640 5120 -1504 ) 
4 56 61 (-672 5120 192 ) (-1024 5120 192 ) (-1024 5120 64 ) (-672 5120 64 ) 
4 56 59 (-640 5120 192 ) (-672 5120 192 ) (-672 5120 64 ) (-640 5120 64 ) 
4 56 58 (0 5120 64 ) (0 5120 192 ) (-640 5120 192 ) (-640 5120 64 ) 
4 56 57 (0 5120 192 ) (0 5120 2784 ) (-1024 5120 2784 ) (-1024 5120 192 ) 
4 57 558 (0 4096 192 ) (0 4096 2784 ) (-1024 4096 2784 ) (-1024 4096 192 ) 
4 57 78 (-1024 4096 192 ) (-1024 4096 2784 ) (-1024 5120 2784 ) (-1024 5120 192 ) 
4 57 70 (-1024 4384 192 ) (-1024 4696 192 ) (-1008 4696 192 ) (-1008 4384 192 ) 
4 57 71 (-1008 4096 192 ) (-1024 4096 192 ) (-1024 4352 192 ) (-1008 4352 192 ) 
4 57 68 (-1024 4720 192 ) (-1024 4728 192 ) (-1008 4728 192 ) (-1008 4720 192 ) 
4 57 69 (-1024 4696 192 ) (-1024 4720 192 ) (-1008 4720 192 ) (-1008 4696 192 ) 
4 57 66 (-1008 4384 192 ) (-1008 4696 192 ) (-672 4696 192 ) (-672 4384 192 ) 
4 57 67 (-672 4096 192 ) (-1008 4096 192 ) (-1008 4352 192 ) (-672 4352 192 ) 
4 57 64 (-1008 4696 192 ) (-1008 4728 192 ) (-1000 4728 192 ) (-1000 4696 192 ) 
4 57 63 (-1000 4728 192 ) (-672 4728 192 ) (-672 4696 192 ) (-1000 4696 192 ) 
4 57 61 (-1024 4864 192 ) (-1024 5120 192 ) (-672 5120 192 ) (-672 4864 192 ) 
4 57 62 (-1024 4728 192 ) (-1024 4832 192 ) (-672 4832 192 ) (-672 4728 192 ) 
4 57 59 (-672 4864 192 ) (-672 5120 192 ) (-640 5120 192 ) (-640 4864 192 ) 
4 57 60 (-640 4096 192 ) (-672 4096 192 ) (-672 4352 192 ) (-640 4352 192 ) 
4 57 58 (0 4096 192 ) (-640 4096 192 ) (-640 5120 192 ) (0 5120 192 ) 
4 58 558 (0 4096 64 ) (0 4096 192 ) (-640 4096 192 ) (-640 4096 64 ) 
4 58 72 (-640 5120 64 ) (0 5120 64 ) (0 4096 64 ) (-640 4096 64 ) 
4 58 59 (-640 5120 64 ) (-640 4864 64 ) (-640 4864 192 ) (-640 5120 192 ) 
4 58 60 (-640 4352 64 ) (-640 4096 64 ) (-640 4096 192 ) (-640 4352 192 ) 
4 59 73 (-672 5120 64 ) (-640 5120 64 ) (-640 4864 64 ) (-672 4864 64 ) 
4 59 61 (-672 5120 64 ) (-672 4864 64 ) (-672 4864 192 ) (-672 5120 192 ) 
4 60 558 (-640 4096 192 ) (-672 4096 192 ) (-672 4096 64 ) (-640 4096 64 ) 
4 60 75 (-640 4352 64 ) (-640 4096 64 ) (-672 4096 64 ) (-672 4352 64 ) 
4 60 67 (-672 4352 64 ) (-672 4096 64 ) (-672 4096 192 ) (-672 4352 192 ) 
4 61 79 (-1024 4864 192 ) (-1024 5120 192 ) (-1024 5120 64 ) (-1024 4864 64 ) 
4 61 73 (-1024 4864 64 ) (-1024 5120 64 ) (-672 5120 64 ) (-672 4864 64 ) 
4 62 80 (-1024 4728 192 ) (-1024 4832 192 ) (-1024 4832 64 ) (-1024 4728 64 ) 
4 62 68 (-1008 4728 96 ) (-1008 4728 192 ) (-1024 4728 192 ) (-1024 4728 96 ) 
4 62 64 (-1000 4728 96 ) (-1000 4728 192 ) (-1008 4728 192 ) (-1008 4728 96 ) 
4 62 63 (-1000 4728 64 ) (-672 4728 64 ) (-672 4728 192 ) (-1000 4728 192 ) 
4 63 66 (-1000 4696 64 ) (-672 4696 64 ) (-672 4696 192 ) (-1000 4696 192 ) 
3 63 65 (-1000 4696 80.006210 ) (-1000 4696 96 ) (-1000 4711.993652 96 ) 
4 63 64 (-1000 4728 192 ) (-1000 4728 96 ) (-1000 4696 96 ) (-1000 4696 192 ) 
4 64 68 (-1008 4728 192 ) (-1008 4728 96 ) (-1008 4720 96 ) (-1008 4720 192 ) 
4 64 69 (-1008 4720 96 ) (-1008 4696 96 ) (-1008 4696 192 ) (-1008 4720 192 ) 
4 64 66 (-1008 4696 192 ) (-1008 4696 96 ) (-1000 4696 96 ) (-1000 4696 192 ) 
4 64 65 (-1000 4711.993652 96 ) (-1000 4696 96 ) (-1008 4696 96 ) (-1008 4711.993652 96 ) 
3 65 69 (-1008 4696 80.006210 ) (-1008 4696 96 ) (-1008 4711.993652 96 ) 
4 65 66 (-1008 4696 96 ) (-1008 4696 80.006218 ) (-1000 4696 80.006210 ) (-1000 4696 96 ) 
4 66 70 (-1008 4696 64 ) (-1008 4384 64 ) (-1008 4384 192 ) (-1008 4696 192 ) 
4 67 558 (-672 4096 192 ) (-1008 4096 192 ) (-1008 4096 64 ) (-672 4096 64 ) 
4 67 75 (-672 4352 64 ) (-672 4096 64 ) (-1008 4096 64 ) (-1008 4352 64 ) 
4 67 71 (-1008 4352 64 ) (-1008 4096 64 ) (-1008 4096 192 ) (-1008 4352 192 ) 
4 68 81 (-1024 4720 192 ) (-1024 4728 192 ) (-1024 4728 96 ) (-1024 4720 96 ) 
4 68 69 (-1008 4720 96 ) (-1008 4720 192 ) (-1024 4720 192 ) (-1024 4720 96 ) 
4 69 82 (-1024 4696 192 ) (-1024 4720 192 ) (-1024 4720 72 ) (-1024 4696 72 ) 
4 69 70 (-1008 4696 72 ) (-1008 4696 192 ) (-1024 4696 192 ) (-1024 4696 72 ) 
4 70 83 (-1024 4384 192 ) (-1024 4696 192 ) (-1024 4696 64 ) (-1024 4384 64 ) 
4 71 558 (-1008 4096 192 ) (-1024 4096 192 ) (-1024 4096 64 ) (-1008 4096 64 ) 
4 71 84 (-1024 4096 64 ) (-1024 4096 192 ) (-1024 4352 192 ) (-1024 4352 64 ) 
4 71 75 (-1024 4096 64 ) (-1024 4352 64 ) (-1008 4352 64 ) (-1008 4096 64 ) 
4 72 558 (0 4096 -1504 ) (0 4096 64 ) (-640 4096 64 ) (-640 4096 -1504 ) 
4 72 74 (-640 4864 -1504 ) (-640 4352 -1504 ) (-640 4352 0 ) (-640 4864 0 ) 
4 72 73 (-640 5120 -1504 ) (-640 4864 -1504 ) (-640 4864 64 ) (-640 5120 64 ) 
4 72 75 (-640 4352 -1504 ) (-640 4096 -1504 ) (-640 4096 64 ) (-640 4352 64 ) 
4 73 99 (-1024 5120 0 ) (-1024 5120 -1504 ) (-1024 4864 -1504 ) (-1024 4864 0 ) 
4 73 95 (-1024 4864 64 ) (-1024 5120 64 ) (-1024 5120 0 ) (-1024 4864 0 ) 
4 73 74 (-1024 4864 -1504 ) (-640 4864 -1504 ) (-640 4864 0 ) (-1024 4864 0 ) 
4 74 99 (-1024 4864 0 ) (-1024 4864 -1504 ) (-1024 4352 -1504 ) (-1024 4352 0 ) 
4 74 75 (-1024 4352 -1504 ) (-640 4352 -1504 ) (-640 4352 0 ) (-1024 4352 0 ) 
4 75 558 (-640 4096 64 ) (-1024 4096 64 ) (-1024 4096 -1504 ) (-640 4096 -1504 ) 
4 75 99 (-1024 4096 -1504 ) (-1024 4096 0 ) (-1024 4352 0 ) (-1024 4352 -1504 ) 
4 75 98 (-1024 4096 0 ) (-1024 4096 64 ) (-1024 4352 64 ) (-1024 4352 0 ) 
4 76 99 (-1024 5120 -1504 ) (-1024 5120 0 ) (-2048 5120 0 ) (-2048 5120 -1504 ) 
4 76 95 (-1024 5120 0 ) (-1024 5120 64 ) (-2048 5120 64 ) (-2048 5120 0 ) 
4 76 90 (-1120 5120 192 ) (-2048 5120 192 ) (-2048 5120 64 ) (-1120 5120 64 ) 
4 76 79 (-1024 5120 64 ) (-1024 5120 192 ) (-1120 5120 192 ) (-1120 5120 64 ) 
4 76 78 (-1024 5120 192 ) (-1024 5120 2784 ) (-2048 5120 2784 ) (-2048 5120 192 ) 
4 76 77 (-2048 6144 2784 ) (-2048 6144 -1504 ) (-2048 5120 -1504 ) (-2048 5120 2784 ) 
4 77 107 (-3072 5120 -1504 ) (-3072 5120 2784 ) (-3072 6144 2784 ) (-3072 6144 -1504 ) 
4 77 100 (-3072 5120 2784 ) (-3072 5120 -1504 ) (-2048 5120 -1504 ) (-2048 5120 2784 ) 
4 78 574 (-1024 4096 192 ) (-1024 4096 2784 ) (-2048 4096 2784 ) (-2048 4096 192 ) 
4 78 100 (-2048 5120 2784 ) (-2048 5120 192 ) (-2048 4096 192 ) (-2048 4096 2784 ) 
4 78 93 (-2048 4352 192 ) (-2048 4864 192 ) (-1704 4864 192 ) (-1704 4352 192 ) 
4 78 92 (-1224 4832 192 ) (-1224 4384 192 ) (-1672 4384 192 ) (-1672 4832 192 ) 
4 78 91 (-1192 4864 192 ) (-1152 4864 192 ) (-1152 4352 192 ) (-1192 4352 192 ) 
4 78 90 (-2048 4864 192 ) (-2048 5120 192 ) (-1120 5120 192 ) (-1120 4864 192 ) 
4 78 94 (-1120 4096 192 ) (-2048 4096 192 ) (-2048 4352 192 ) (-1120 4352 192 ) 
4 78 88 (-1120 4384 192 ) (-1120 4696 192 ) (-1040 4696 192 ) (-1040 4384 192 ) 
4 78 89 (-1040 4096 192 ) (-1120 4096 192 ) (-1120 4352 192 ) (-1040 4352 192 ) 
4 78 85 (-1048 4728 192 ) (-1040 4728 192 ) (-1040 4696 192 ) (-1048 4696 192 ) 
4 78 87 (-1120 4696 192 ) (-1120 4728 192 ) (-1048 4728 192 ) (-1048 4696 192 ) 
4 78 83 (-1040 4384 192 ) (-1040 4696 192 ) (-1024 4696 192 ) (-1024 4384 192 ) 
4 78 84 (-1024 4096 192 ) (-1040 4096 192 ) (-1040 4352 192 ) (-1024 4352 192 ) 
4 78 81 (-1040 4720 192 ) (-1040 4728 192 ) (-1024 4728 192 ) (-1024 4720 192 ) 
4 78 82 (-1040 4696 192 ) (-1040 4720 192 ) (-1024 4720 192 ) (-1024 4696 192 ) 
4 78 79 (-1120 4864 192 ) (-1120 5120 192 ) (-1024 5120 192 ) (-1024 4864 192 ) 
4 78 80 (-1120 4728 192 ) (-1120 4832 192 ) (-1024 4832 192 ) (-1024 4728 192 ) 
4 79 95 (-1120 5120 64 ) (-1024 5120 64 ) (-1024 4864 64 ) (-1120 4864 64 ) 
4 79 90 (-1120 5120 64 ) (-1120 4864 64 ) (-1120 4864 192 ) (-1120 5120 192 ) 
4 80 85 (-1040 4728 96 ) (-1040 4728 192 ) (-1048 4728 192 ) (-1048 4728 96 ) 
4 80 87 (-1120 4728 192 ) (-1120 4728 64 ) (-1048 4728 64 ) (-1048 4728 192 ) 
4 80 81 (-1024 4728 96 ) (-1024 4728 192 ) (-1040 4728 192 ) (-1040 4728 96 ) 
4 81 85 (-1040 4728 192 ) (-1040 4728 96 ) (-1040 4720 96 ) (-1040 4720 192 ) 
4 81 82 (-1040 4720 192 ) (-1040 4720 96 ) (-1024 4720 96 ) (-1024 4720 192 ) 
3 82 86 (-1040 4696 80.006332 ) (-1040 4696 96 ) (-1040 4711.993652 96 ) 
4 82 85 (-1040 4696 96 ) (-1040 4696 192 ) (-1040 4720 192 ) (-1040 4720 96 ) 
4 82 83 (-1040 4696 192 ) (-1040 4696 72 ) (-1024 4696 72 ) (-1024 4696 192 ) 
4 83 88 (-1040 4696 64 ) (-1040 4384 64 ) (-1040 4384 192 ) (-1040 4696 192 ) 
4 84 574 (-1024 4096 64 ) (-1024 4096 192 ) (-1040 4096 192 ) (-1040 4096 64 ) 
4 84 98 (-1024 4352 64 ) (-1024 4096 64 ) (-1040 4096 64 ) (-1040 4352 64 ) 
4 84 89 (-1040 4352 64 ) (-1040 4096 64 ) (-1040 4096 192 ) (-1040 4352 192 ) 
4 85 88 (-1040 4696 96 ) (-1040 4696 192 ) (-1048 4696 192 ) (-1048 4696 96 ) 
4 85 86 (-1040 4696 96 ) (-1048 4696 96 ) (-1048 4711.993652 96 ) (-1040 4711.993652 96 ) 
4 85 87 (-1048 4728 192 ) (-1048 4728 96 ) (-1048 4696 96 ) (-1048 4696 192 ) 
4 86 88 (-1040 4696 80.006210 ) (-1040 4696 96 ) (-1048 4696 96 ) (-1048 4696 80.006218 ) 
3 86 87 (-1048 4696 80.006210 ) (-1048 4696 96 ) (-1048 4711.993652 96 ) 
4 87 88 (-1120 4696 192 ) (-1120 4696 64 ) (-1048 4696 64 ) (-1048 4696 192 ) 
4 89 574 (-1040 4096 192 ) (-1120 4096 192 ) (-1120 4096 64 ) (-1040 4096 64 ) 
4 89 98 (-1040 4096 64 ) (-1120 4096 64 ) (-1120 4352 64 ) (-1040 4352 64 ) 
4 89 94 (-1120 4352 64 ) (-1120 4096 64 ) (-1120 4096 192 ) (-1120 4352 192 ) 
4 90 100 (-2048 5120 192 ) (-2048 5120 64 ) (-2048 4864 64 ) (-2048 4864 192 ) 
4 90 95 (-2048 5120 64 ) (-1120 5120 64 ) (-1120 4864 64 ) (-2048 4864 64 ) 
4 90 93 (-2048 4864 64 ) (-1704 4864 64 ) (-1704 4864 192 ) (-2048 4864 192 ) 
4 90 91 (-1192 4864 64 ) (-1152 4864 64 ) (-1152 4864 192 ) (-1192 4864 192 ) 
4 91 96 (-1152 4352 64 ) (-1192 4352 64 ) (-1192 4864 64 ) (-1152 4864 64 ) 
4 91 94 (-1192 4352 64 ) (-1152 4352 64 ) (-1152 4352 192 ) (-1192 4352 192 ) 
4 93 100 (-2048 4864 64 ) (-2048 4352 64 ) (-2048 4352 192 ) (-2048 4864 192 ) 
4 93 97 (-1704 4352 64 ) (-2048 4352 64 ) (-2048 4864 64 ) (-1704 4864 64 ) 
4 93 94 (-2048 4352 64 ) (-1704 4352 64 ) (-1704 4352 192 ) (-2048 4352 192 ) 
4 94 574 (-1120 4096 192 ) (-2048 4096 192 ) (-2048 4096 64 ) (-1120 4096 64 ) 
4 94 100 (-2048 4352 64 ) (-2048 4096 64 ) (-2048 4096 192 ) (-2048 4352 192 ) 
4 94 98 (-1120 4352 64 ) (-1120 4096 64 ) (-2048 4096 64 ) (-2048 4352 64 ) 
4 95 100 (-2048 5120 64 ) (-2048 5120 0 ) (-2048 4864 0 ) (-2048 4864 64 ) 
4 95 99 (-2048 4864 0 ) (-2048 5120 0 ) (-1024 5120 0 ) (-1024 4864 0 ) 
4 95 96 (-1192 4864 0 ) (-1152 4864 0 ) (-1152 4864 64 ) (-1192 4864 64 ) 
4 95 97 (-2048 4864 0 ) (-1704 4864 0 ) (-1704 4864 64 ) (-2048 4864 64 ) 
4 96 99 (-1192 4864 0 ) (-1152 4864 0 ) (-1152 4352 0 ) (-1192 4352 0 ) 
4 96 98 (-1192 4352 0 ) (-1152 4352 0 ) (-1152 4352 64 ) (-1192 4352 64 ) 
4 97 100 (-2048 4864 0 ) (-2048 4352 0 ) (-2048 4352 64 ) (-2048 4864 64 ) 
4 97 99 (-2048 4352 0 ) (-2048 4864 0 ) (-1704 4864 0 ) (-1704 4352 0 ) 
4 97 98 (-2048 4352 0 ) (-1704 4352 0 ) (-1704 4352 64 ) (-2048 4352 64 ) 
4 98 574 (-1024 4096 0 ) (-1024 4096 64 ) (-2048 4096 64 ) (-2048 4096 0 ) 
4 98 100 (-2048 4352 0 ) (-2048 4096 0 ) (-2048 4096 64 ) (-2048 4352 64 ) 
4 98 99 (-1024 4096 0 ) (-2048 4096 0 ) (-2048 4352 0 ) (-1024 4352 0 ) 
4 99 574 (-1024 4096 -1504 ) (-1024 4096 0 ) (-2048 4096 0 ) (-2048 4096 -1504 ) 
4 99 100 (-2048 5120 0 ) (-2048 5120 -1504 ) (-2048 4096 -1504 ) (-2048 4096 0 ) 
4 100 576 (-2048 4096 -1504 ) (-2048 4096 2784 ) (-3072 4096 2784 ) (-3072 4096 -1504 ) 
4 100 108 (-3072 4096 -1504 ) (-3072 4096 2784 ) (-3072 5120 2784 ) (-3072 5120 -1504 ) 
4 101 103 (-4096 9216 2784 ) (-4096 9216 -1504 ) (-4096 8192 -1504 ) (-4096 8192 2784 ) 
4 101 102 (-3072 8192 -1504 ) (-3072 8192 2784 ) (-4096 8192 2784 ) (-4096 8192 -1504 ) 
4 102 105 (-3072 7168 -1504 ) (-3072 7168 2784 ) (-4096 7168 2784 ) (-4096 7168 -1504 ) 
4 102 104 (-4096 7168 -1504 ) (-4096 7168 2784 ) (-4096 8192 2784 ) (-4096 8192 -1504 ) 
4 103 104 (-4096 8192 -1504 ) (-4096 8192 2784 ) (-4320 8192 2784 ) (-4320 8192 -1504 ) 
4 104 106 (-4096 7168 -1504 ) (-4096 7168 2784 ) (-4320 7168 2784 ) (-4320 7168 -1504 ) 
4 105 107 (-3072 6144 -1504 ) (-3072 6144 2784 ) (-4096 6144 2784 ) (-4096 6144 -1504 ) 
4 105 106 (-4096 6144 -1504 ) (-4096 6144 2784 ) (-4096 7168 2784 ) (-4096 7168 -1504 ) 
4 106 109 (-4096 6144 -1504 ) (-4096 6144 2784 ) (-4320 6144 2784 ) (-4320 6144 -1504 ) 
4 107 109 (-4096 6144 2784 ) (-4096 6144 -1504 ) (-4096 5120 -1504 ) (-4096 5120 2784 ) 
4 107 108 (-3072 5120 -1504 ) (-3072 5120 2784 ) (-4096 5120 2784 ) (-4096 5120 -1504 ) 
4 108 775 (-3072 4096 -1504 ) (-3072 4096 2784 ) (-4096 4096 2784 ) (-4096 4096 -1504 ) 
4 108 110 (-4096 4096 -1504 ) (-4096 4096 2784 ) (-4096 5120 2784 ) (-4096 5120 -1504 ) 
4 109 110 (-4096 5120 -1504 ) (-4096 5120 2784 ) (-4320 5120 2784 ) (-4320 5120 -1504 ) 
4 110 778 (-4096 4096 -1504 ) (-4096 4096 2784 ) (-4320 4096 2784 ) (-4320 4096 -1504 ) 
4 111 116 (3072 4096 2784 ) (3072 4096 -1504 ) (3072 4000 -1504 ) (3072 4000 2784 ) 
4 112 117 (3072 3552 -1504 ) (3072 3072 -1504 ) (3072 3072 2784 ) (3072 3552 2784 ) 
4 112 113 (4064 3072 2784 ) (3072 3072 2784 ) (3072 3072 -1504 ) (4064 3072 -1504 ) 
4 113 118 (3072 2048 -1504 ) (3072 2048 2784 ) (3072 3072 2784 ) (3072 3072 -1504 ) 
4 113 114 (4064 2048 2784 ) (3072 2048 2784 ) (3072 2048 -1504 ) (4064 2048 -1504 ) 
4 114 145 (3072 1024 -1504 ) (3072 1024 2784 ) (3072 2048 2784 ) (3072 2048 -1504 ) 
4 114 115 (4064 1024 2784 ) (3072 1024 2784 ) (3072 1024 -1504 ) (4064 1024 -1504 ) 
4 115 354 (4064 0 2784 ) (3072 0 2784 ) (3072 0 -1504 ) (4064 0 -1504 ) 
4 115 146 (3072 0 -1504 ) (3072 0 2784 ) (3072 1024 2784 ) (3072 1024 -1504 ) 
4 116 119 (2048 4096 2784 ) (2048 4096 -1504 ) (2048 4000 -1504 ) (2048 4000 2784 ) 
4 117 120 (2048 3552 -1504 ) (2048 3072 -1504 ) (2048 3072 2784 ) (2048 3552 2784 ) 
4 117 118 (3072 3072 -1504 ) (3072 3072 2784 ) (2048 3072 2784 ) (2048 3072 -1504 ) 
4 118 145 (3072 2048 -1504 ) (3072 2048 2784 ) (2048 2048 2784 ) (2048 2048 -1504 ) 
4 118 128 (2048 2048 256 ) (2048 2048 352 ) (2048 2304 320 ) (2048 2304 288 ) 
4 118 129 (2048 2048 -1504 ) (2048 2048 256 ) (2048 2304 288 ) (2048 2304 -1504 ) 
4 118 127 (2048 2048 352 ) (2048 2048 2784 ) (2048 2304 2784 ) (2048 2304 320 ) 
4 118 126 (2048 2304 2784 ) (2048 3072 2784 ) (2048 3072 -1504 ) (2048 2304 -1504 ) 
4 119 121 (1024 4096 2784 ) (1024 4096 -1504 ) (1024 4000 -1504 ) (1024 4000 2784 ) 
4 120 126 (2048 3072 -1504 ) (2048 3072 2784 ) (1024 3072 2784 ) (1024 3072 -1504 ) 
4 120 125 (1024 3072 208 ) (1024 3072 272 ) (1024 3328 288 ) (1024 3328 224 ) 
4 120 124 (1024 3328 -1504 ) (1024 3072 -1504 ) (1024 3072 208 ) (1024 3328 224 ) 
4 120 123 (1024 3072 272 ) (1024 3072 2784 ) (1024 3328 2784 ) (1024 3328 288 ) 
4 120 122 (1024 3552 -1504 ) (1024 3328 -1504 ) (1024 3328 2784 ) (1024 3552 2784 ) 
4 121 558 (0 4096 2784 ) (0 4096 -1504 ) (0 4000 -1504 ) (0 4000 2784 ) 
4 122 559 (0 3552 -1504 ) (0 3328 -1504 ) (0 3328 2784 ) (0 3552 2784 ) 
4 122 125 (1024 3328 224 ) (1024 3328 288 ) (96 3328 288 ) (96 3328 224 ) 
4 122 124 (0 3328 -1504 ) (1024 3328 -1504 ) (1024 3328 224 ) (0 3328 224 ) 
4 122 123 (1024 3328 288 ) (1024 3328 2784 ) (0 3328 2784 ) (0 3328 288 ) 
4 123 560 (0 3072 272 ) (0 3072 2784 ) (0 3328 2784 ) (0 3328 288 ) 
4 123 130 (1024 3072 272 ) (1024 3072 2784 ) (0 3072 2784 ) (0 3072 272 ) 
4 123 125 (1024 3072 272 ) (128 3072 272 ) (96 3328 288 ) (1024 3328 288 ) 
4 124 561 (0 3328 -1504 ) (0 3072 -1504 ) (0 3072 208 ) (0 3328 224 ) 
4 124 138 (1024 3072 -1504 ) (1024 3072 192 ) (0 3072 192 ) (0 3072 -1504 ) 
4 124 132 (1024 3072 192 ) (1024 3072 208 ) (0 3072 208 ) (0 3072 192 ) 
4 124 125 (1024 3328 224 ) (96 3328 224 ) (128 3072 208 ) (1024 3072 208 ) 
4 125 137 (192 3072 256 ) (128 3072 256 ) (128 3072 208 ) (192 3072 208 ) 
4 125 133 (1024 3072 208 ) (1024 3072 256 ) (192 3072 256 ) (192 3072 208 ) 
4 125 131 (1024 3072 256 ) (1024 3072 272 ) (128 3072 272 ) (128 3072 256 ) 
4 126 138 (1024 3072 192 ) (1024 3072 -1504 ) (1024 2304 -1504 ) (1024 2304 192 ) 
5 126 133 (1024 3072 256 ) (1024 3072 208 ) (1024 2816 192 ) (1024 2304 192 ) (1024 2304 256 ) 
3 126 132 (1024 3072 208 ) (1024 3072 192 ) (1024 2816 192 ) 
3 126 131 (1024 3072 272 ) (1024 3072 256 ) (1024 2816 256 ) 
5 126 130 (1024 3072 2784 ) (1024 3072 272 ) (1024 2816 256 ) (1024 2304 256 ) (1024 2304 2784 ) 
4 126 128 (2048 2304 288 ) (2048 2304 320 ) (1264 2304 320 ) (1264 2304 288 ) 
4 126 129 (1024 2304 -1504 ) (2048 2304 -1504 ) (2048 2304 288 ) (1024 2304 288 ) 
4 126 127 (2048 2304 320 ) (2048 2304 2784 ) (1024 2304 2784 ) (1024 2304 320 ) 
4 127 148 (2048 2048 352 ) (2048 2048 2784 ) (1024 2048 2784 ) (1024 2048 352 ) 
4 127 139 (1024 2048 352 ) (1024 2048 2784 ) (1024 2304 2784 ) (1024 2304 320 ) 
4 127 128 (2048 2048 352 ) (1272 2048 352 ) (1264 2304 320 ) (2048 2304 320 ) 
4 128 149 (2048 2048 256 ) (2048 2048 352 ) (1272 2048 352 ) (1272 2048 256 ) 
4 128 129 (1264 2304 288 ) (2048 2304 288 ) (2048 2048 256 ) (1272 2048 256 ) 
4 129 159 (1024 2048 208 ) (1024 2048 160 ) (1224 2048 160 ) (1224 2048 208 ) 
4 129 158 (1024 2048 160 ) (1024 2048 112 ) (1224 2048 112 ) (1224 2048 160 ) 
4 129 155 (1224 2048 256 ) (1024 2048 256 ) (1024 2048 208 ) (1224 2048 208 ) 
4 129 150 (2048 2048 112 ) (2048 2048 256 ) (1224 2048 256 ) (1224 2048 112 ) 
4 129 147 (2048 2048 -1504 ) (2048 2048 112 ) (1024 2048 112 ) (1024 2048 -1504 ) 
4 129 142 (1024 2048 160 ) (1024 2048 256 ) (1024 2304 288 ) (1024 2304 192 ) 
4 129 141 (1024 2304 -1504 ) (1024 2048 -1504 ) (1024 2048 160 ) (1024 2304 192 ) 
5 130 563 (0 2304 256 ) (0 2304 2784 ) (0 3072 2784 ) (0 3072 272 ) (0 2816 256 ) 
4 130 144 (96 2304 288 ) (0 2304 288 ) (0 2304 256 ) (96 2304 256 ) 
4 130 142 (1024 2304 256 ) (1024 2304 288 ) (816 2304 288 ) (816 2304 256 ) 
4 130 140 (816 2304 320 ) (0 2304 320 ) (0 2304 288 ) (816 2304 288 ) 
4 130 139 (1024 2304 320 ) (1024 2304 2784 ) (0 2304 2784 ) (0 2304 320 ) 
3 130 134 (136 2624 256 ) (144 2688 256 ) (144 2624 256 ) 
4 130 136 (144 2304 256 ) (96 2304 256 ) (120 2496 256 ) (144 2496 256 ) 
5 130 133 (1024 2304 256 ) (144 2304 256 ) (144 2688 256 ) (160 2816 256 ) (1024 2816 256 ) 
4 130 131 (1024 2816 256 ) (160 2816 256 ) (128 3072 272 ) (1024 3072 272 ) 
3 131 137 (128 3072 256 ) (192 3072 256 ) (160 2816 256 ) 
4 131 133 (192 3072 256 ) (1024 3072 256 ) (1024 2816 256 ) (160 2816 256 ) 
3 132 565 (0 3072 208 ) (0 3072 192 ) (0 2816 192 ) 
4 132 138 (0 2816 192 ) (0 3072 192 ) (1024 3072 192 ) (1024 2816 192 ) 
3 132 137 (192 3072 208 ) (128 3072 208 ) (160 2816 192 ) 
4 132 133 (1024 3072 208 ) (192 3072 208 ) (160 2816 192 ) (1024 2816 192 ) 
4 133 142 (1024 2304 192 ) (1024 2304 256 ) (816 2304 256 ) (816 2304 192 ) 
5 133 138 (1024 2304 192 ) (144 2304 192 ) (144 2688 192 ) (160 2816 192 ) (1024 2816 192 ) 
5 133 137 (192 3072 207.997803 ) (160.004883 2816.035156 192 ) (160 2815.998291 192 ) (160 2815.996826 256 ) (192 3072 256 ) 
4 133 135 (144 2624 192 ) (144 2496 192 ) (144 2496 240 ) (144 2624 240 ) 
4 133 134 (144 2687.998047 256 ) (144 2687.998047 192 ) (144 2624 192 ) (144 2624 256 ) 
4 133 136 (144 2496 192 ) (144 2304 192 ) (144 2304 256 ) (144 2496 256 ) 
3 134 138 (136 2624 192 ) (144 2688 192 ) (144 2624 192 ) 
4 134 135 (136.001953 2624 240 ) (136.001953 2624 192 ) (144 2624 192 ) (144 2624 240 ) 
4 135 138 (120 2496 192 ) (136 2624 192 ) (144 2624 192 ) (144 2496 192 ) 
4 135 136 (120.001945 2496 240 ) (120.001945 2496 192 ) (144 2496 192 ) (144 2496 240 ) 
4 136 138 (144 2304 192 ) (96 2304 192 ) (120 2496 192 ) (144 2496 192 ) 
4 138 570 (0 2304 -1504 ) (0 2304 192 ) (0 3072 192 ) (0 3072 -1504 ) 
4 138 143 (96 2304 192 ) (0 2304 192 ) (0 2304 -1504 ) (96 2304 -1504 ) 
4 138 141 (1024 2304 -1504 ) (1024 2304 192 ) (96 2304 192 ) (96 2304 -1504 ) 
4 139 572 (0 2048 352 ) (0 2048 2784 ) (0 2304 2784 ) (0 2304 320 ) 
4 139 162 (1024 2048 352 ) (1024 2048 384 ) (0 2048 384 ) (0 2048 352 ) 
4 139 161 (1024 2048 384 ) (1024 2048 2784 ) (0 2048 2784 ) (0 2048 384 ) 
4 139 140 (904 2048 352 ) (0 2048 352 ) (0 2304 320 ) (816 2304 320 ) 
4 140 572 (0 2048 256 ) (0 2048 352 ) (0 2304 320 ) (0 2304 288 ) 
4 140 163 (904 2048 352 ) (0 2048 352 ) (0 2048 256 ) (904 2048 256 ) 
4 140 144 (96 2048 256 ) (0 2048 256 ) (0 2304 288 ) (96 2304 288 ) 
4 141 166 (1024 2048 112 ) (1024 2048 160 ) (96 2048 160 ) (96 2048 112 ) 
4 141 165 (1024 2048 -1504 ) (1024 2048 112 ) (96 2048 112 ) (96 2048 -1504 ) 
4 141 143 (96 2048 -1504 ) (96 2048 160 ) (96 2304 192 ) (96 2304 -1504 ) 
4 141 142 (1024 2304 192 ) (816 2304 192 ) (904 2048 160 ) (1024 2048 160 ) 
4 142 170 (936 2048 208 ) (904 2048 208 ) (904 2048 160 ) (936 2048 160 ) 
4 142 169 (1024 2048 160 ) (1024 2048 208 ) (936 2048 208 ) (936 2048 160 ) 
4 142 168 (936 2048 256 ) (904 2048 256 ) (904 2048 208 ) (936 2048 208 ) 
4 142 167 (1024 2048 208 ) (1024 2048 256 ) (936 2048 256 ) (936 2048 208 ) 
4 143 571 (0 2048 -1504 ) (0 2048 160 ) (0 2304 192 ) (0 2304 -1504 ) 
4 143 175 (64 2048 160 ) (0 2048 160 ) (0 2048 112 ) (64 2048 112 ) 
4 143 174 (0 2048 112 ) (0 2048 -1504 ) (64 2048 -1504 ) (64 2048 112 ) 
4 143 171 (96 2048 -1504 ) (96 2048 160 ) (64 2048 160 ) (64 2048 -1504 ) 
4 144 572 (0 2048 224 ) (0 2048 256 ) (0 2304 288 ) (0 2304 256 ) 
4 144 173 (64 2048 256 ) (0 2048 256 ) (0 2048 224 ) (64 2048 224 ) 
4 144 172 (96 2048 224 ) (96 2048 256 ) (64 2048 256 ) (64 2048 224 ) 
4 145 149 (2048 2048 352 ) (2048 2048 256 ) (2048 1024 128 ) (2048 1024 480 ) 
4 145 150 (2048 2048 256 ) (2048 2048 112 ) (2048 1024 48 ) (2048 1024 128 ) 
4 145 148 (2048 2048 2784 ) (2048 2048 352 ) (2048 1024 480 ) (2048 1024 2784 ) 
4 145 147 (2048 2048 112 ) (2048 2048 -1504 ) (2048 1024 -1504 ) (2048 1024 48 ) 
4 145 146 (3072 1024 -1504 ) (3072 1024 2784 ) (2048 1024 2784 ) (2048 1024 -1504 ) 
4 146 358 (3072 0 -1504 ) (3072 0 2784 ) (2048 0 2784 ) (2048 0 -1504 ) 
4 146 187 (2048 0 0 ) (2048 0 96 ) (2048 1024 96 ) (2048 1024 0 ) 
4 146 191 (2048 0 -1504 ) (2048 0 0 ) (2048 1024 0 ) (2048 1024 -1504 ) 
4 146 176 (2048 0 96 ) (2048 0 2784 ) (2048 1024 2784 ) (2048 1024 96 ) 
4 147 189 (1192 1024 48 ) (1024 1024 48 ) (1024 1024 0 ) (1192 1024 0 ) 
4 147 188 (1335.783813 1024 48 ) (1192 1024 48 ) (1192 1024 0 ) (1335.783813 1024 0 ) 
4 147 187 (2048 1024 0 ) (2048 1024 48 ) (1335.783813 1024 48 ) (1335.783813 1024 0 ) 
4 147 191 (2048 1024 -1504 ) (2048 1024 0 ) (1024 1024 0 ) (1024 1024 -1504 ) 
4 147 165 (1024 2048 112 ) (1024 2048 -1504 ) (1024 1024 -1504 ) (1024 1024 48 ) 
3 147 160 (1104 1280 64 ) (1024 1512.727295 78.545456 ) (1024 1280 64 ) 
4 147 159 (1192 1024 48 ) (1448 1024 48 ) (1392 1280 64 ) (1104 1280 64 ) 
5 147 158 (1392 1280 64 ) (1224 2048 112 ) (1024 2048 112 ) (1024 1512.727295 78.545456 ) (1104 1280 64 ) 
3 147 152 (1448 1024 48 ) (1480 1024 48 ) (1392 1280 64 ) 
5 147 150 (1480 1024 48 ) (2048 1024 48 ) (2048 2048 112 ) (1224 2048 112 ) (1392 1280 64 ) 
4 148 184 (1192 1024 2784 ) (1024 1024 2784 ) (1024 1024 480 ) (1192 1024 480 ) 
4 148 182 (1280 1024 2784 ) (1192 1024 2784 ) (1192 1024 480 ) (1280 1024 480 ) 
4 148 179 (1480 1024 2784 ) (1280 1024 2784 ) (1280 1024 480 ) (1480 1024 480 ) 
4 148 176 (2048 1024 480 ) (2048 1024 2784 ) (1480 1024 2784 ) (1480 1024 480 ) 
3 148 162 (1024 2048 384 ) (1024 2048 352 ) (1024 1792 384 ) 
5 148 161 (1024 2048 2784 ) (1024 2048 384 ) (1024 1792 384 ) (1024 1024 480 ) (1024 1024 2784 ) 
4 148 153 (1024 1024 480 ) (1024 1792 384 ) (1280 1792 384 ) (1448 1024 480 ) 
3 148 151 (1480 1024 480 ) (1448 1024 480 ) (1392 1280 448 ) 
6 148 149 (1272 2048 352 ) (2048 2048 352 ) (2048 1024 480 ) (1480 1024 480 ) (1392 1280 448 ) (1280 1792 384 ) 
4 149 176 (2048 1024 128 ) (2048 1024 480 ) (1480 1024 480 ) (1480 1024 128 ) 
3 149 153 (1391.997925 1280.006226 447.997772 ) (1280 1791.996216 384 ) (1391.997925 1280.005981 384 ) 
3 149 152 (1392.001953 1279.994141 160 ) (1480 1024 128 ) (1480 1024 144 ) 
4 149 151 (1392.001953 1279.994141 448 ) (1392.001953 1279.994141 384 ) (1480 1024 384 ) (1480 1024 480 ) 
6 149 150 (2048 1024 128 ) (1479.998779 1024 128 ) (1392 1279.996094 160 ) (1280 1791.995850 224 ) (1272 2048 256 ) (2048 2048 256 ) 
4 150 187 (2048 1024 48 ) (2048 1024 96 ) (1480 1024 96 ) (1480 1024 48 ) 
4 150 176 (2048 1024 96 ) (2048 1024 128 ) (1480 1024 128 ) (1480 1024 96 ) 
4 150 159 (1224 2048 208 ) (1224 2048 160 ) (1391.998291 1280.004883 64.001129 ) (1391.998169 1280.005249 160 ) 
3 150 158 (1224 2048 160 ) (1224 2048 112 ) (1391.998291 1280.004883 64.001129 ) 
3 150 155 (1224 2048 256 ) (1224 2048 208 ) (1391.998169 1280.005249 160 ) 
4 150 152 (1392.001953 1279.994141 160 ) (1392.001953 1279.994141 64 ) (1480 1024 48 ) (1480 1024 128 ) 
4 151 179 (1480 1024 480 ) (1448 1024 480 ) (1448 1024 384 ) (1480 1024 384 ) 
4 151 153 (1448 1024 479.998535 ) (1391.997925 1280.006226 447.997772 ) (1391.997925 1280.005981 384 ) (1448 1024 384 ) 
4 152 187 (1448 1024 96 ) (1448 1024 48 ) (1480 1024 48 ) (1480 1024 96 ) 
4 152 181 (1448 1024 144 ) (1448 1024 96 ) (1480 1024 96 ) (1480 1024 144 ) 
4 152 159 (1391.998169 1280.005249 160 ) (1391.998291 1280.004883 64.001129 ) (1448 1024 48 ) (1448 1024 128 ) 
3 152 157 (1391.998169 1280.005249 160 ) (1448 1024 128 ) (1448 1024 144 ) 
4 153 185 (1024 1024 418.594604 ) (1024 1024 384 ) (1192 1024 384 ) (1192 1024 418.594604 ) 
4 153 184 (1192 1024 480 ) (1024 1024 480 ) (1024 1024 418.594604 ) (1192 1024 418.594604 ) 
4 153 182 (1280 1024 480 ) (1192 1024 480 ) (1192 1024 384 ) (1280 1024 384 ) 
4 153 179 (1448 1024 480 ) (1280 1024 480 ) (1280 1024 384 ) (1448 1024 384 ) 
3 153 161 (1024 1024 384 ) (1024 1024 480 ) (1024 1792 384 ) 
3 153 156 (1024 1024 384 ) (1024 1512.727295 384 ) (1192 1024 384 ) 
3 153 154 (1024 1512.727295 384 ) (1024 1645.714233 384 ) (1104 1280 384 ) 
4 154 163 (1024 1645.714355 205.714294 ) (1024 1512.727295 189.090912 ) (1024 1512.727295 384 ) (1024 1645.714233 384 ) 
5 154 156 (1103.990723 1280.027710 160.003464 ) (1104 1280.001709 160.001846 ) (1103.998413 1280.007446 384 ) (1024 1512.729980 384 ) (1024 1512.728271 189.091049 ) 
4 155 167 (1024 2048 256 ) (1024 2048 208 ) (1024 1645.714355 182.857147 ) (1024 1645.714355 205.714294 ) 
5 155 159 (1024 2048 208 ) (1223.996338 2048 208 ) (1391.996338 1280 160 ) (1104 1280 160 ) (1024 1645.714355 182.857147 ) 
4 156 186 (1024 1024 146.962967 ) (1024 1024 144 ) (1192 1024 144 ) (1192 1024 146.962967 ) 
4 156 185 (1024 1024 384 ) (1024 1024 146.962967 ) (1192 1024 146.962967 ) (1192 1024 384 ) 
5 156 163 (1024 1280 160 ) (1024 1024 144 ) (1024 1024 384 ) (1024 1512.727295 384 ) (1024 1512.727295 189.090912 ) 
4 157 183 (1280 1024 144 ) (1192 1024 144 ) (1192 1024 128 ) (1280 1024 128 ) 
4 157 181 (1448 1024 128 ) (1448 1024 144 ) (1280 1024 144 ) (1280 1024 128 ) 
4 157 159 (1191.998535 1024 128 ) (1104 1279.996094 160 ) (1392 1279.996094 160 ) (1448 1024 128 ) 
4 158 166 (1024 2048 160 ) (1024 2048 112 ) (1024 1512.727295 78.545456 ) (1024 1512.727295 93.090912 ) 
3 158 160 (1024 1512.730103 93.091270 ) (1024 1512.730103 78.545532 ) (1104.001709 1279.998047 64 ) 
6 158 159 (1024 2048 160 ) (1024 1645.713989 109.714249 ) (1103.994263 1280.026001 64.003250 ) (1104.003174 1280 64 ) (1392 1280 64 ) (1224 2048 160 ) 
4 159 188 (1192 1024 48 ) (1335.783813 1024 48 ) (1335.783813 1024 96 ) (1192 1024 96 ) 
4 159 187 (1335.783813 1024 48 ) (1448 1024 48 ) (1448 1024 96 ) (1335.783813 1024 96 ) 
4 159 183 (1280 1024 128 ) (1192 1024 128 ) (1192 1024 96 ) (1280 1024 96 ) 
4 159 181 (1448 1024 96 ) (1448 1024 128 ) (1280 1024 128 ) (1280 1024 96 ) 
4 159 169 (1024 2048 208 ) (1024 2048 160 ) (1024 1645.714355 109.714294 ) (1024 1645.714355 182.857147 ) 
3 160 166 (1024 1512.727295 78.545456 ) (1024 1280 64 ) (1024 1512.727295 93.090912 ) 
4 161 584 (0 1024 384 ) (0 1024 2784 ) (0 2048 2784 ) (0 2048 384 ) 
4 161 213 (848 1024 424 ) (392 1024 424 ) (392 1024 384 ) (848 1024 384 ) 
4 161 212 (1024 1024 384 ) (1024 1024 424 ) (848 1024 424 ) (848 1024 384 ) 
4 161 215 (392 1024 424 ) (0 1024 424 ) (0 1024 384 ) (392 1024 384 ) 
4 161 196 (400 1024 2784 ) (0 1024 2784 ) (0 1024 424 ) (400 1024 424 ) 
3 161 194 (559.640259 1024 760.420959 ) (839.991211 1024 424 ) (848.001099 1024 424 ) 
6 161 195 (1024 1024 424 ) (1024 1024 2784 ) (400 1024 2784 ) (400 1024 951.989136 ) (559.640259 1024 760.420959 ) (848.001099 1024 424 ) 
3 161 193 (400 1024 951.989136 ) (400 1024 424 ) (839.991211 1024 424 ) 
5 161 163 (1024 1645.714355 384 ) (1024 1024 384 ) (0 1024 384 ) (0 1792 384 ) (992 1792 384 ) 
4 161 162 (1024 2048 384 ) (1024 1792 384 ) (0 1792 384 ) (0 2048 384 ) 
3 162 584 (0 1792 384 ) (0 2048 384 ) (0 2048 352 ) 
4 162 163 (992 1792 384 ) (0 1792 384 ) (0 2048 352 ) (904 2048 352 ) 
6 163 584 (0 1024 144 ) (0 1024 384 ) (0 1792 384 ) (0 2048 352 ) (0 2048 256 ) (0 1280 160 ) 
4 163 297 (0 1024 146.962952 ) (0 1024 144 ) (192 1024 144 ) (192 1024 146.962952 ) 
4 163 295 (192 1024 144 ) (424 1024 144 ) (424 1024 146.962967 ) (192 1024 146.962952 ) 
4 163 292 (424 1024 224 ) (416 1024 224 ) (416 1024 146.962967 ) (424 1024 146.962967 ) 
4 163 294 (416 1024 224 ) (0 1024 224 ) (0 1024 146.962952 ) (416 1024 146.962967 ) 
4 163 288 (424 1024 146.962952 ) (424 1024 144 ) (848 1024 144 ) (848 1024 146.962967 ) 
4 163 286 (848 1024 224 ) (424 1024 224 ) (424 1024 146.962952 ) (848 1024 146.962967 ) 
4 163 284 (1024 1024 144 ) (1024 1024 146.962967 ) (848 1024 146.962952 ) (848 1024 144 ) 
4 163 281 (856 1024 224 ) (848 1024 224 ) (848 1024 146.962952 ) (856 1024 146.962952 ) 
4 163 280 (1024 1024 146.962967 ) (1024 1024 224 ) (856 1024 224 ) (856 1024 146.962952 ) 
4 163 228 (1024 1024 224 ) (1024 1024 360 ) (0 1024 360 ) (0 1024 224 ) 
4 163 213 (848 1024 384 ) (392 1024 384 ) (392 1024 360 ) (848 1024 360 ) 
4 163 212 (1024 1024 360 ) (1024 1024 384 ) (848 1024 384 ) (848 1024 360 ) 
4 163 215 (392 1024 384 ) (0 1024 384 ) (0 1024 360 ) (392 1024 360 ) 
4 163 173 (160 1279.992310 160 ) (0 1279.992310 160 ) (0 2048 256 ) (64 2048 256 ) 
3 163 172 (96 1792 224 ) (64 2048 256 ) (96 2048 256 ) 
4 163 164 (192 1024 144 ) (0 1024 144 ) (0 1280 160 ) (160 1280 160 ) 
3 164 584 (0 1024 128 ) (0 1024 144 ) (0 1280 160 ) 
4 164 297 (192 1024 144 ) (0 1024 144 ) (0 1024 128 ) (192 1024 128 ) 
4 164 173 (192 1024 128 ) (0 1024 128 ) (0 1279.992310 160 ) (160 1279.992310 160 ) 
4 165 348 (1024 1024 -1504 ) (1024 1024 48 ) (192 1024 48 ) (192 1024 -1504 ) 
4 165 174 (96 1791.996094 -1504 ) (192 1024 -1504 ) (192 1024 48 ) (96 1791.996094 96 ) 
4 165 171 (96 2048 -1504 ) (96 1791.998047 -1504 ) (96 1791.998047 96 ) (96 2048 112 ) 
5 165 166 (96 2048 112 ) (96 1792 96 ) (160 1280 64 ) (1024 1280 64 ) (1024 2048 112 ) 
3 166 175 (96 1791.996094 128 ) (96 1791.996094 96 ) (160 1280 64 ) 
4 166 171 (96 1791.998047 96 ) (96 1791.998047 128 ) (96 2048 160 ) (96 2048 112 ) 
3 166 170 (936 2048 160 ) (904 2048 160 ) (992 1792 128 ) 
3 166 169 (1024 2048 160 ) (936 2048 160 ) (1024 1645.714111 109.714272 ) 
3 167 169 (936 2048 208 ) (1024 2048 208 ) (1024 1645.713867 182.857117 ) 
4 167 168 (936 2048 208 ) (992 1792.001709 192.001068 ) (992 1792.001343 224 ) (936 2048 256 ) 
3 168 170 (904 2048 208 ) (936 2048 208 ) (992 1792 192 ) 
4 169 170 (992.001892 1791.994507 192 ) (936 2048 208 ) (936 2048 160 ) (992.001465 1791.995728 127.998909 ) 
4 171 175 (96 1791.996094 96 ) (96 1791.996094 128 ) (64 2048 160 ) (64 2048 112 ) 
4 171 174 (64 2048 -1504 ) (96 1791.996094 -1504 ) (96 1791.996094 96 ) (64 2048 112 ) 
4 172 173 (96 1791.996094 192 ) (96 1791.996094 223.998535 ) (64 2048 255.998993 ) (64 2048 224 ) 
5 173 584 (0 1024 112 ) (0 1024 128 ) (0 2048 256 ) (0 2048 224 ) (0 1280 128 ) 
4 173 297 (192 1024 128 ) (0 1024 128 ) (0 1024 112 ) (192 1024 112 ) 
4 174 588 (0 1024 -1504 ) (0 1024 48 ) (0 2048 112 ) (0 2048 -1504 ) 
4 174 348 (0 1024 48 ) (0 1024 -1504 ) (192 1024 -1504 ) (192 1024 48 ) 
4 174 175 (159.996368 1280 64 ) (63.996521 2048 112 ) (0 2048 112 ) (0 1280 64 ) 
3 175 589 (0 2048 160 ) (0 2048 112 ) (0 1280 64 ) 
4 176 364 (2048 0 96 ) (2048 0 384 ) (1832 0 384 ) (1832 0 96 ) 
4 176 361 (2048 0 384 ) (2048 0 390.918945 ) (1832 0 390.919189 ) (1832 0 384 ) 
4 176 360 (2048 0 390.918945 ) (2048 0 2784 ) (1832 0 2784 ) (1832 0 390.919189 ) 
4 176 187 (1480 1024 96 ) (2048 1024 96 ) (2048 0 96 ) (1832 0 96 ) 
5 176 181 (1479.998047 1024 96 ) (1596.341553 685.546143 96 ) (1596.341553 685.546204 121.892311 ) (1568 767.996399 128 ) (1479.998047 1024 144 ) 
4 176 179 (1568 768 2784 ) (1480 1024 2784 ) (1479.998169 1024 384 ) (1568 767.994873 384 ) 
4 176 178 (1596.341553 685.546204 121.892311 ) (1596.341919 685.551025 2784 ) (1568 768 2784 ) (1568 767.994324 128 ) 
4 176 177 (1596.341553 685.546143 96 ) (1831.998047 0 96 ) (1832 0 2784 ) (1596.341919 685.551025 2784 ) 
4 177 365 (1540.756714 0 384 ) (1540.756714 0 96 ) (1576 0 96 ) (1576 0 384 ) 
4 177 364 (1576 0 96 ) (1832 0 96 ) (1832 0 384 ) (1576 0 384 ) 
4 177 361 (1540.756714 0 390.919189 ) (1540.756714 0 384 ) (1832 0 384 ) (1832 0 390.918945 ) 
4 177 360 (1832 0 2784 ) (1540.756714 0 2784 ) (1540.756714 0 390.919189 ) (1832 0 390.918945 ) 
3 177 187 (1596.341919 685.550720 96 ) (1832 0 96 ) (1540.756714 0 96 ) 
3 177 181 (1596.342163 685.552734 121.892822 ) (1596.342163 685.552734 96 ) (1568 336 96 ) 
3 177 180 (1540.756836 0 390.918945 ) (1540.756836 0 412.444458 ) (1568 336 400 ) 
4 177 179 (1540.756836 0 412.444458 ) (1540.756836 0 2784 ) (1568 336 2784 ) (1568 336 400 ) 
4 177 178 (1596.342163 685.552673 2784 ) (1596.342163 685.552734 121.892822 ) (1568 336 96 ) (1568 336 2784 ) 
3 178 181 (1568 767.996094 128 ) (1596.341797 685.546875 121.892578 ) (1568 335.997009 96 ) 
4 178 179 (1568 768 2784 ) (1568 768 384 ) (1568 336.003876 400 ) (1568 336.003571 2784 ) 
4 179 360 (1540.756714 0 2784 ) (1280 0 2784 ) (1280 0 412.444336 ) (1540.756714 0 412.444458 ) 
3 179 185 (1280 768 411.675781 ) (1280 768 384 ) (1280 336 400 ) 
5 179 184 (1280 0 412.444458 ) (1280 0 2784 ) (1280 768 2784 ) (1280 768 411.675781 ) (1280 336 400 ) 
4 179 182 (1280 768 2784 ) (1280 1024 2784 ) (1280 1024 384 ) (1280 768 384 ) 
4 179 180 (1280 0 412.444214 ) (1280 335.996277 400 ) (1568 336 400 ) (1540.756714 0 412.444275 ) 
4 180 360 (1280 0 412.444336 ) (1280 0 390.918945 ) (1540.756714 0 390.918945 ) (1540.756714 0 412.444458 ) 
3 180 184 (1280 0 390.918945 ) (1280 0 412.444458 ) (1280 336 400 ) 
3 181 190 (1308.341919 685.550537 96 ) (1280 336 96 ) (1280 768 96 ) 
4 181 188 (1280 1024 96 ) (1335.783813 1024 96 ) (1308.341919 685.550537 96 ) (1280 768 96 ) 
5 181 187 (1335.783813 1024 96 ) (1480 1024 96 ) (1596.341919 685.550720 96 ) (1568 336 96 ) (1280 336 96 ) 
4 181 183 (1280 1024 96 ) (1280 768 96 ) (1280 768 128 ) (1280 1024 144 ) 
4 182 185 (1280 768 384 ) (1280 768 411.675690 ) (1192 1024 418.594727 ) (1192 1024 384 ) 
4 182 184 (1280 768 411.675690 ) (1280 768 2784 ) (1192 1024 2784 ) (1192 1024 418.594727 ) 
3 183 188 (1192 1024 96 ) (1280 1024 96 ) (1280 768 96 ) 
4 184 360 (1280 0 2784 ) (1024 0 2784 ) (1024 0 390.918945 ) (1280 0 390.918915 ) 
4 184 218 (1024 192 396.108093 ) (1024 0 390.918915 ) (1024 0 424 ) (1024 192 424 ) 
4 184 216 (1024 200 396.324310 ) (1024 192 396.108093 ) (1024 192 424 ) (1024 200 424 ) 
4 184 212 (1024 1024 424 ) (1024 1024 418.594482 ) (1024 200 396.324310 ) (1024 200 424 ) 
4 184 211 (1024 40 424 ) (1024 0 424 ) (1024 0 472 ) (1024 40 472 ) 
4 184 209 (1024 0 472 ) (1024 0 480 ) (1024 40 480 ) (1024 40 472 ) 
4 184 207 (1024 104 424 ) (1024 40 424 ) (1024 40 480 ) (1024 104 480 ) 
4 184 205 (1024 152 424 ) (1024 104 424 ) (1024 104 480 ) (1024 152 480 ) 
4 184 203 (1024 0 480 ) (1024 0 2784 ) (1024 152 2784 ) (1024 152 480 ) 
4 184 195 (1024 1024 2784 ) (1024 1024 424 ) (1024 152 424 ) (1024 152 2784 ) 
6 184 185 (1191.998779 1024 418.594543 ) (1280 767.996582 411.675537 ) (1280 336 400 ) (1252.756714 0 390.918884 ) (1024 0 390.918884 ) (1024 1024 418.594543 ) 
4 185 366 (1024 0 384 ) (1024 0 96 ) (1252.756714 0 96 ) (1252.756714 0 384 ) 
4 185 362 (1024 0 390.918945 ) (1024 0 384 ) (1252.756714 0 384 ) (1252.756714 0 390.918915 ) 
4 185 302 (1024 192 96 ) (1024 0 96 ) (1024 0 224 ) (1024 192 224 ) 
4 185 298 (1024 200 96 ) (1024 192 96 ) (1024 192 224 ) (1024 200 224 ) 
4 185 285 (1024 208 96 ) (1024 200 96 ) (1024 200 224 ) (1024 208 224 ) 
5 185 282 (1024 416 101.925949 ) (1024 336 96 ) (1024 208 96 ) (1024 208 224 ) (1024 416 224 ) 
4 185 280 (1024 1024 224 ) (1024 1024 146.963135 ) (1024 416 101.925949 ) (1024 416 224 ) 
4 185 258 (1024 192 224 ) (1024 0 224 ) (1024 0 360 ) (1024 192 360 ) 
4 185 249 (1024 200 224 ) (1024 192 224 ) (1024 192 360 ) (1024 200 360 ) 
4 185 232 (1024 424 224 ) (1024 200 224 ) (1024 200 360 ) (1024 424 360 ) 
4 185 229 (1024 432 224 ) (1024 424 224 ) (1024 424 360 ) (1024 432 360 ) 
4 185 228 (1024 1024 360 ) (1024 1024 224 ) (1024 432 224 ) (1024 432 360 ) 
4 185 218 (1024 192 360 ) (1024 0 360 ) (1024 0 390.918915 ) (1024 192 396.108093 ) 
4 185 216 (1024 200 360 ) (1024 192 360 ) (1024 192 396.108093 ) (1024 200 396.324310 ) 
4 185 212 (1024 1024 418.594482 ) (1024 1024 360 ) (1024 200 360 ) (1024 200 396.324310 ) 
4 185 186 (1024 1024 146.962891 ) (1192 1024 146.962891 ) (1280 768 128 ) (1024 768.003906 128 ) 
3 186 284 (1024 1024 146.963135 ) (1024 1024 144 ) (1024 767.990601 128 ) 
4 187 369 (1288 0 96 ) (1252.756836 0 96 ) (1252.756714 0 0 ) (1288 0 0 ) 
4 187 368 (2048 0 0 ) (2048 0 96 ) (1288 0 96 ) (1288 0 0 ) 
4 187 190 (1280 336 0 ) (1280 336 96 ) (1308.341553 685.551758 96 ) (1308.341797 685.551025 25.892662 ) 
3 187 189 (1308.341919 685.550720 0 ) (1280 336 0 ) (1308.341797 685.551025 25.892662 ) 
4 187 188 (1335.783691 1024 0 ) (1308.341919 685.550720 0 ) (1308.341553 685.551758 96 ) (1335.783325 1024 96 ) 
4 187 191 (1335.783813 1024 0 ) (2048 1024 0 ) (2048 0 0 ) (1252.756836 0 0 ) 
4 188 190 (1308.339844 685.554688 25.892939 ) (1308.339844 685.554688 96 ) (1280 767.997864 96 ) (1280 767.997925 32 ) 
5 188 189 (1192 1024 0 ) (1308.339844 685.554688 0 ) (1308.339844 685.554688 25.892939 ) (1280 768 32 ) (1192 1024 48 ) 
3 188 191 (1192 1024 0 ) (1335.783813 1024 0 ) (1308.341919 685.550415 0 ) 
4 189 348 (1024 1024 48 ) (1024 1024 0 ) (1024 336 0 ) (1024 768 32 ) 
4 189 190 (1280 336 0 ) (1308.341797 685.554688 25.893066 ) (1280.004883 767.989258 32 ) (1280 767.989258 32 ) 
5 189 191 (1024 1024 0 ) (1192 1024 0 ) (1308.341919 685.550415 0 ) (1280 336 0 ) (1024 336 0 ) 
4 191 371 (2048 0 -1504 ) (2048 0 0 ) (1024 0 0 ) (1024 0 -1504 ) 
3 191 349 (1024 0 -24.888916 ) (1024 0 0 ) (1024 336 0 ) 
5 191 348 (1024 1024 0 ) (1024 1024 -1504 ) (1024 0 -1504 ) (1024 0 -24.888916 ) (1024 336 0 ) 
4 192 224 (688 152 424 ) (400 152 424 ) (400 192 424 ) (688 192 424 ) 
4 192 223 (839.991272 152 424 ) (688 152 424 ) (688 192 424 ) (839.991272 192 424 ) 
4 192 202 (400 152 424 ) (839.991211 152 424 ) (799.991211 152 472 ) (400 152 472 ) 
3 192 197 (400 192 424 ) (400 152 424 ) (400 152 470.666687 ) 
4 193 214 (400 200 424 ) (400 440 424 ) (839.991272 440 424 ) (839.991272 200 424 ) 
4 193 213 (400 440 424 ) (400 1024 424 ) (839.991211 1024 424 ) (839.991272 440 424 ) 
3 193 200 (793.324524 152 480 ) (599.432129 152 712.670776 ) (400 152 480 ) 
3 193 199 (599.432129 152 712.670776 ) (400 152 951.989136 ) (400 152 480 ) 
5 193 196 (400 1024 424 ) (400 200 424 ) (400 152 480 ) (400 152 951.989136 ) (400 1024 951.989136 ) 
5 193 194 (559.690918 152 760.361816 ) (793.325806 152 480 ) (839.992554 200 424 ) (839.992554 1024 424 ) (559.693115 1024 760.359253 ) 
4 193 195 (400 1024 951.990967 ) (400 152 951.990967 ) (559.690918 152 760.361816 ) (559.693115 1024 760.359253 ) 
4 194 214 (839.991272 200.002136 424 ) (839.991272 440 424 ) (848.001038 440 424 ) (848 200 424 ) 
4 194 213 (839.991272 440 424 ) (839.991211 1024 424 ) (848.001099 1024 424 ) (848.001038 440 424 ) 
3 194 203 (800.001099 152 480 ) (559.640259 152 760.420959 ) (793.322754 152 480.002075 ) 
5 194 195 (559.589844 1024 760.484375 ) (559.589844 152 760.484375 ) (800.004944 152 480 ) (848.004883 200 424 ) (848.004883 1024 424 ) 
4 195 220 (904 152 424 ) (848 152 424 ) (848 192 424 ) (904 192 424 ) 
4 195 219 (912 152 424 ) (904 152 424 ) (904 192 424 ) (912 192 424 ) 
4 195 218 (1024 192 424 ) (1024 152 424 ) (912 152 424 ) (912 192 424 ) 
4 195 216 (1024 200 424 ) (1024 192 424 ) (848 192 424 ) (848 200 424 ) 
4 195 212 (1024 1024 424 ) (1024 200 424 ) (848 200 424 ) (848.001099 1024 424 ) 
4 195 205 (848.001099 152 424 ) (1024 152 424 ) (1024 152 480 ) (800.001099 152 480 ) 
6 195 203 (1024 152 480 ) (1024 152 2784 ) (400 152 2784 ) (400 152 951.989136 ) (559.640259 152 760.420959 ) (800.001099 152 480 ) 
4 195 196 (400 152 951.989136 ) (400 152 2784 ) (400 1024 2784 ) (400 1024 951.989136 ) 
4 196 591 (0 1024 480 ) (0 1024 424 ) (0 200 424 ) (0 152 480 ) 
4 196 590 (0 1024 2784 ) (0 1024 480 ) (0 152 480 ) (0 152 2784 ) 
4 196 214 (400 440 424 ) (400 200 424 ) (392 200 424 ) (392 440 424 ) 
4 196 213 (392 1024 424 ) (400 1024 424 ) (400 440 424 ) (392 440 424 ) 
4 196 215 (0 200 424 ) (0 1024 424 ) (392 1024 424 ) (392 200 424 ) 
4 196 203 (0 152 2784 ) (0 152 1431.988770 ) (400 152 951.989136 ) (400 152 2784 ) 
4 196 199 (0 152 1431.988770 ) (0 152 480 ) (400 152 480 ) (400 152 951.989136 ) 
4 196 198 (0 200 424 ) (352 200 424 ) (400 152 480 ) (0 152 480 ) 
4 197 224 (400 152 424 ) (360 152 424 ) (360 192 424 ) (400 192 424 ) 
3 197 202 (360 152 424 ) (400 152 424 ) (400 152 470.666656 ) 
3 198 591 (0 200 424 ) (0 152 424 ) (0 152 480 ) 
4 198 225 (352 152 424 ) (0 152 424 ) (0 192 424 ) (352 192 424 ) 
4 198 217 (0 192 424 ) (0 200 424 ) (352 200 424 ) (352 192 424 ) 
4 198 201 (0 152 472 ) (0 152 424 ) (352 152 424 ) (393.142883 152 472 ) 
4 198 199 (0 152 480 ) (0 152 472 ) (393.142883 152 472 ) (400 152 480 ) 
4 199 601 (0 0 472 ) (0 0 480 ) (0 64 480 ) (0 64 472 ) 
4 199 591 (0 64 480 ) (0 152 480 ) (0 152 472 ) (0 64 472 ) 
4 199 590 (0 0 480 ) (0 0 1431.988770 ) (0 152 1431.988770 ) (0 152 480 ) 
5 199 396 (0 0 1431.988770 ) (0 0 472 ) (393.142883 0 472 ) (400 0 480 ) (400 0 951.989136 ) 
3 199 390 (400 0 580.822632 ) (400 0 539.200012 ) (429.723785 0 539.200012 ) 
5 199 388 (450.742920 0 539.200012 ) (524.800049 0 625.599976 ) (400 0 625.599976 ) (400 0 580.822632 ) (429.723785 0 539.200012 ) 
3 199 386 (400 0 480 ) (450.742920 0 539.200012 ) (400 0 539.200012 ) 
4 199 385 (524.800049 0 625.599976 ) (599.432129 0 712.670776 ) (400 0 951.989136 ) (400 0 625.599976 ) 
4 199 203 (599.432617 152 712.671326 ) (0 152 1431.989990 ) (0 0 1431.989990 ) (599.432556 0 712.671387 ) 
4 199 201 (0 152 472 ) (393.142883 152 472 ) (393.142853 0 472 ) (0 0 472 ) 
4 199 200 (399.995850 152 480 ) (599.431335 152 712.673157 ) (599.431335 0 712.673157 ) (399.995850 0 480 ) 
4 200 388 (524.800049 0 625.599976 ) (450.742920 0 539.200012 ) (624 0 539.200012 ) (624 0 625.599976 ) 
4 200 386 (450.742920 0 539.200012 ) (400 0 480 ) (624 0 480 ) (624 0 539.200012 ) 
4 200 385 (624 0 683.189331 ) (599.432129 0 712.670776 ) (524.800049 0 625.599976 ) (624 0 625.599976 ) 
3 200 372 (793.324524 0 480 ) (624 0 683.189331 ) (624 0 480 ) 
4 200 203 (793.325500 152 480 ) (599.432617 152 712.671326 ) (599.432556 0 712.671387 ) (793.325500 0 480 ) 
4 201 601 (0 0 424 ) (0 0 472 ) (0 64 472 ) (0 64 424 ) 
4 201 591 (0 64 472 ) (0 152 472 ) (0 152 424 ) (0 64 424 ) 
4 201 396 (0 0 472 ) (0 0 424 ) (352 0 424 ) (393.142853 0 472 ) 
4 201 225 (352 0 424 ) (0 0 424 ) (0 152 424 ) (352 152 424 ) 
3 202 399 (360 0 424 ) (384 0 424 ) (384 0 452.800446 ) 
4 202 398 (384 0 424 ) (400 0 424 ) (400 0 472 ) (384 0 452.800446 ) 
4 202 387 (400 0 424 ) (624 0 424 ) (624 0 472 ) (400 0 472 ) 
3 202 378 (624 0 424 ) (672 0 472 ) (665.142822 0 472 ) 
4 202 377 (624 0 424 ) (839.991272 0 424 ) (799.991211 0 472 ) (672 0 472 ) 
3 202 375 (624 0 424 ) (665.142822 0 472 ) (624 0 472 ) 
4 202 224 (688 0 424 ) (360 0 424 ) (360 152 424 ) (688 152 424 ) 
4 202 223 (839.991272 0 424 ) (688 0 424 ) (688 152 424 ) (839.991272 152 424 ) 
4 202 210 (839.992188 0 424 ) (839.992188 40 424 ) (799.992188 40 472 ) (799.992188 0 472 ) 
3 202 206 (839.992188 64.008163 424 ) (839.992188 104 424 ) (800.001038 104 471.989349 ) 
4 202 204 (839.992188 40 424 ) (839.992188 64.008163 424 ) (799.992188 104.008881 472 ) (799.992188 40 472 ) 
4 203 590 (0 0 1431.988770 ) (0 0 2784 ) (0 152 2784 ) (0 152 1431.988770 ) 
4 203 396 (400 0 2784 ) (0 0 2784 ) (0 0 1431.988770 ) (400 0 951.989136 ) 
4 203 385 (624 0 2784 ) (400 0 2784 ) (400 0 951.989136 ) (624 0 683.189392 ) 
5 203 372 (1024 0 480 ) (1024 0 2784 ) (624 0 2784 ) (624 0 683.189392 ) (793.324585 0 480 ) 
4 203 209 (864 40 480 ) (1024 40 480 ) (1024 0 480 ) (864 0 480 ) 
4 203 207 (1024 104 480 ) (1024 40 480 ) (872 40 480 ) (808 104 480 ) 
4 203 205 (800.001038 152 480 ) (1024 152 480 ) (1024 104 480 ) (800.001038 104 480 ) 
4 204 222 (848 40 424 ) (839.991272 40 424 ) (839.991272 64.009109 424 ) (848 56 424 ) 
3 204 221 (864 40 424 ) (848 40 424 ) (848 56 424 ) 
4 204 210 (799.990906 40 472 ) (839.990906 40 424 ) (864 40 424 ) (864 40 472 ) 
4 204 206 (864 40 472 ) (864 40 424 ) (839.992493 64.008835 424 ) (799.994446 104.009079 472 ) 
5 205 220 (904 104 424 ) (856 104 424 ) (848 111.998894 424 ) (848 152 424 ) (904 152 424 ) 
4 205 219 (912 104 424 ) (904 104 424 ) (904 152 424 ) (912 152 424 ) 
4 205 218 (1024 152 424 ) (1024 104 424 ) (912 104 424 ) (912 152 424 ) 
3 205 208 (848 104 424 ) (854.666565 104 424 ) (848 104 432 ) 
4 205 207 (854.666565 104 424 ) (1024 104 424 ) (1024 104 480 ) (808 104 480 ) 
5 206 222 (848 56 424 ) (839.991272 64.009109 424 ) (839.991272 104 424 ) (840 104 424 ) (848 96 424 ) 
4 206 221 (904 40 424 ) (864 40 424 ) (848 56 424 ) (848 96 424 ) 
3 206 210 (864 40 472 ) (864 40 424 ) (904 40 424 ) 
3 207 220 (856 104 424 ) (904 104 424 ) (904 56 424 ) 
4 207 219 (904 56 424 ) (904 104 424 ) (912 104 424 ) (912 48 424 ) 
5 207 218 (1024 104 424 ) (1024 40 424 ) (918.666748 40 424 ) (912 46.666721 424 ) (912 104 424 ) 
4 207 211 (878.666687 40 472 ) (918.666626 40 424 ) (1024 40 424 ) (1024 40 472 ) 
4 207 209 (1024 40 480 ) (872 40 480 ) (878.666687 40 472 ) (1024 40 472 ) 
4 207 208 (848 104 432.006042 ) (854.671631 104 424 ) (918.672485 40 424 ) (912 40 432.007019 ) 
3 208 218 (918.666748 40 424 ) (912 40 424 ) (912 46.666721 424 ) 
3 208 211 (912 40 424 ) (918.666626 40 424 ) (912 40 432 ) 
4 209 382 (936 0 480 ) (864 0 480 ) (870.857056 0 472 ) (942.857117 0 472 ) 
4 209 381 (1024 0 472 ) (1024 0 480 ) (936 0 480 ) (942.857117 0 472 ) 
4 209 211 (870.857056 40 472 ) (1024 40 472 ) (1024 0 472 ) (870.857117 0 472 ) 
4 210 383 (864 0 472 ) (806.858154 0 472 ) (848 0 424 ) (904 0 424 ) 
4 210 377 (806.858154 0 472 ) (799.991272 0 472 ) (839.991272 0 424 ) (848 0 424 ) 
4 210 222 (848 0 424 ) (839.991272 0 424 ) (839.991272 40 424 ) (848 40 424 ) 
4 210 221 (904 0 424 ) (848 0 424 ) (848 40 424 ) (904 40 424 ) 
4 211 384 (942.857056 0 472 ) (870.857117 0 472 ) (912 0 424 ) (984 0 424 ) 
4 211 381 (1024 0 424 ) (1024 0 472 ) (942.857056 0 472 ) (984 0 424 ) 
4 211 218 (1024 40 424 ) (1024 0 424 ) (912 0 424 ) (912 40 424 ) 
4 212 232 (1024 424 360 ) (1024 200 360 ) (848 200 360 ) (848 424 360 ) 
4 212 229 (1024 432 360 ) (1024 424 360 ) (848 424 360 ) (848 432 360 ) 
4 212 228 (848 1024 360 ) (1024 1024 360 ) (1024 432 360 ) (848 432 360 ) 
4 212 216 (848 200 360 ) (1024 200 360 ) (1024 200 424 ) (848 200 424 ) 
4 212 214 (848 200 368 ) (848 200 424 ) (848 440 424 ) (848 440 368 ) 
4 212 213 (848 1024 360 ) (848 440 360 ) (848 440 424 ) (848 1024 424 ) 
4 213 228 (392 1024 360 ) (848 1024 360 ) (848 440 360 ) (392 440 360 ) 
4 213 214 (392 440 424 ) (392 440 368 ) (848 440 368 ) (848 440 424 ) 
4 213 215 (392 1024 360 ) (392 440 360 ) (392 440 424 ) (392 1024 424 ) 
4 214 215 (392 200 368 ) (392 200 424 ) (392 440 424 ) (392 440 368 ) 
4 215 618 (0 200 424 ) (0 1024 424 ) (0 1024 360 ) (0 200 360 ) 
4 215 248 (0 200 360 ) (0 424 360 ) (392 424 360 ) (392 200 360 ) 
4 215 231 (0 424 360 ) (0 432 360 ) (392 432 360 ) (392 424 360 ) 
4 215 228 (0 432 360 ) (0 1024 360 ) (392 1024 360 ) (392 432 360 ) 
4 215 217 (0 200 360 ) (352 200 360 ) (352 200 424 ) (0 200 424 ) 
4 216 249 (848 200 360 ) (1024 200 360 ) (1024 192 360 ) (848 192 360 ) 
4 216 220 (848 192 360 ) (904 192 360 ) (904 192 424 ) (848 192 424 ) 
4 216 219 (904 192 360 ) (912 192 360 ) (912 192 424 ) (904 192 424 ) 
4 216 218 (912 192 360 ) (1024 192 360 ) (1024 192 424 ) (912 192 424 ) 
4 217 618 (0 192 424 ) (0 200 424 ) (0 200 360 ) (0 192 360 ) 
4 217 279 (0 192 360 ) (0 200 360 ) (352 200 360 ) (352 192 360 ) 
4 217 227 (0 192 360 ) (352 192 360 ) (352 192 400 ) (0 192 400 ) 
4 217 225 (352 192 400 ) (352 192 424 ) (0 192 424 ) (0 192 400 ) 
4 218 402 (1024 0 360 ) (1024 0 424 ) (912 0 424 ) (912 0 360 ) 
4 218 258 (1024 0 360 ) (912 0 360 ) (912 192 360 ) (1024 192 360 ) 
4 218 219 (912 192 424 ) (912 192 360 ) (912 48 360 ) (912 48 424 ) 
4 219 263 (904 112 360 ) (904 192 360 ) (912 192 360 ) (912 120 360 ) 
3 219 262 (912 56 360 ) (912 48 360 ) (908 52 360 ) 
5 219 259 (904 56 360 ) (904 112 360 ) (912 120 360 ) (912 56 360 ) (908 52 360 ) 
4 219 220 (904 192 424 ) (904 192 360 ) (904 56 360 ) (904 56 424 ) 
5 220 263 (848 112 360 ) (848 192 360 ) (904 192 360 ) (904 112 360 ) (876 84 360 ) 
3 220 259 (904 112 360 ) (904 56 360 ) (876 84 360 ) 
4 221 405 (904 0 424 ) (848 0 424 ) (848 0 360 ) (904 0 360 ) 
4 221 266 (904 0 360 ) (848 0 360 ) (848 33 360 ) (904 33 360 ) 
4 221 264 (848 33 360 ) (848 96 360 ) (904 40 360 ) (904 33 360 ) 
4 221 222 (848 96 360 ) (848 0 360 ) (848 0 424 ) (848 96 424 ) 
4 222 406 (848 0 424 ) (840 0 424 ) (840 0 360 ) (848 0 360 ) 
4 222 266 (848 0 360 ) (840 0 360 ) (840 33 360 ) (848 33 360 ) 
4 222 264 (840 33 360 ) (840 104 360 ) (848 96 360 ) (848 33 360 ) 
4 222 223 (840 104 360 ) (840 0 360 ) (840 0 424 ) (840 104 424 ) 
4 223 410 (688 0 400 ) (688 0 360 ) (840 0 360 ) (840 0 400 ) 
4 223 408 (840 0 424 ) (688 0 424 ) (688 0 400 ) (840 0 400 ) 
4 223 274 (840 0 360 ) (688 0 360 ) (688 80 360 ) (840 80 360 ) 
4 223 269 (688 80 360 ) (688 152 360 ) (840 152 360 ) (840 80 360 ) 
4 223 267 (688 152 360 ) (688 192 360 ) (840 192 360 ) (840 152 360 ) 
4 223 224 (688 192 424 ) (688 192 408 ) (688 0 408 ) (688 0 424 ) 
4 224 417 (624 0 424 ) (360 0 424 ) (360 0 408 ) (624 0 408 ) 
4 224 414 (632 0 424 ) (624 0 424 ) (624 0 408 ) (632 0 408 ) 
4 224 409 (688 0 424 ) (632 0 424 ) (632 0 408 ) (688 0 408 ) 
4 225 635 (0 0 400 ) (0 0 424 ) (0 64 424 ) (0 64 400 ) 
4 225 628 (0 64 424 ) (0 72 424 ) (0 72 400 ) (0 64 400 ) 
4 225 624 (0 72 424 ) (0 104 424 ) (0 104 400 ) (0 72 400 ) 
4 225 618 (0 104 424 ) (0 192 424 ) (0 192 400 ) (0 104 400 ) 
4 225 421 (352 0 424 ) (0 0 424 ) (0 0 400 ) (352 0 400 ) 
4 225 227 (0 0 400 ) (0 192 400 ) (352 192 400 ) (352 0 400 ) 
4 226 418 (360 0 360 ) (624 0 360 ) (624 0 400 ) (360 0 400 ) 
4 226 415 (624 0 360 ) (632 0 360 ) (632 0 400 ) (624 0 400 ) 
4 226 411 (632 0 360 ) (680 0 360 ) (680 0 400 ) (632 0 400 ) 
4 226 275 (680 0 360 ) (360 0 360 ) (360 80 360 ) (680 80 360 ) 
4 226 273 (360 80 360 ) (360 152 360 ) (680 152 360 ) (680 80 360 ) 
4 226 268 (360 152 360 ) (360 192 360 ) (680 192 360 ) (680 152 360 ) 
4 227 635 (0 0 360 ) (0 0 400 ) (0 64 400 ) (0 64 360 ) 
4 227 628 (0 64 400 ) (0 72 400 ) (0 72 360 ) (0 64 360 ) 
4 227 626 (0 104 376 ) (0 104 360 ) (0 72 360 ) (0 72 376 ) 
4 227 624 (0 72 400 ) (0 104 400 ) (0 104 376 ) (0 72 376 ) 
4 227 618 (0 104 400 ) (0 192 400 ) (0 192 360 ) (0 104 360 ) 
4 227 421 (0 0 400 ) (0 0 360 ) (352 0 360 ) (352 0 400 ) 
4 227 279 (352 0 360 ) (0 0 360 ) (0 192 360 ) (352 192 360 ) 
4 228 655 (0 432 360 ) (0 1024 360 ) (0 1024 224 ) (0 432 224 ) 
4 228 292 (424 432 224 ) (416 432 224 ) (416 1024 224 ) (424 1024 224 ) 
4 228 294 (416 432 224 ) (0 432 224 ) (0 1024 224 ) (416 1024 224 ) 
4 228 286 (848 432 224 ) (424 432 224 ) (424 1024 224 ) (848 1024 224 ) 
4 228 281 (856 432 224 ) (848 432 224 ) (848 1024 224 ) (856 1024 224 ) 
4 228 280 (1024 1024 224 ) (1024 432 224 ) (856 432 224 ) (856 1024 224 ) 
4 228 231 (0 432 224 ) (392 432 224 ) (392 432 360 ) (0 432 360 ) 
4 228 230 (644 432 244 ) (644 432 352 ) (604 432 352 ) (604 432 244 ) 
4 228 229 (848 432 224 ) (1024 432 224 ) (1024 432 360 ) (848 432 360 ) 
4 229 281 (856 424 224 ) (848 424 224 ) (848 432 224 ) (856 432 224 ) 
4 229 280 (1024 432 224 ) (1024 424 224 ) (856 424 224 ) (856 432 224 ) 
4 229 232 (848 424 224 ) (1024 424 224 ) (1024 424 360 ) (848 424 360 ) 
4 230 237 (644 424 244 ) (644 424 352 ) (604 424 352 ) (604 424 244 ) 
4 231 655 (0 424 360 ) (0 432 360 ) (0 432 224 ) (0 424 224 ) 
4 231 294 (392 424 224 ) (0 424 224 ) (0 432 224 ) (392 432 224 ) 
4 231 248 (0 424 224 ) (392 424 224 ) (392 424 360 ) (0 424 360 ) 
4 232 285 (1024 208 224 ) (1024 200 224 ) (856 200 224 ) (856 208 224 ) 
4 232 282 (1024 416 224 ) (1024 208 224 ) (856 208 224 ) (856 416 224 ) 
4 232 280 (1024 424 224 ) (1024 416 224 ) (856 416 224 ) (856 424 224 ) 
4 232 249 (848 200 224 ) (1024 200 224 ) (1024 200 360 ) (848 200 360 ) 
4 232 234 (848 228 240 ) (848 228 352 ) (848 268 352 ) (848 268 240 ) 
4 232 233 (848 356 240 ) (848 356 352 ) (848 396 352 ) (848 396 240 ) 
4 233 235 (840 356 240 ) (840 356 352 ) (840 396 352 ) (840 396 240 ) 
4 234 235 (840 228 240 ) (840 228 352 ) (840 268 352 ) (840 268 240 ) 
4 235 250 (728 200 352 ) (728 200 232 ) (800 200 232 ) (800 200 352 ) 
4 235 236 (688 304 248 ) (688 304 336 ) (688 392 336 ) (688 392 248 ) 
4 236 241 (680 304 248 ) (680 304 336 ) (680 384 336 ) (680 384 248 ) 
4 236 237 (680 384 336 ) (680 392 336 ) (680 392 248 ) (680 384 248 ) 
4 237 241 (600 384 232 ) (680 384 232 ) (680 384 344 ) (600 384 344 ) 
4 237 239 (680 384 344 ) (680 384 360 ) (600 384 360 ) (600 384 344 ) 
4 238 243 (400 384 344 ) (400 384 232 ) (592 384 232 ) (592 384 344 ) 
4 238 240 (400 384 360 ) (400 384 344 ) (592 384 344 ) (592 384 360 ) 
4 239 244 (600 240 344 ) (680 240 344 ) (680 240 360 ) (600 240 360 ) 
4 239 241 (680 240 344 ) (600 240 344 ) (600 384 344 ) (680 384 344 ) 
4 240 246 (400 332 352 ) (400 380 352 ) (400 380 344 ) (400 332 344 ) 
4 240 247 (400 244 352 ) (400 292 352 ) (400 292 344 ) (400 244 344 ) 
4 240 245 (400 240 360 ) (400 240 344 ) (592 240 344 ) (592 240 360 ) 
4 240 243 (592 240 344 ) (400 240 344 ) (400 384 344 ) (592 384 344 ) 
4 241 244 (600 240 232 ) (680 240 232 ) (680 240 344 ) (600 240 344 ) 
4 241 242 (598 264 344 ) (598 360 344 ) (598 360 232 ) (598 264 232 ) 
4 242 243 (594 264 344 ) (594 360 344 ) (594 360 232 ) (594 264 232 ) 
4 243 246 (400 332 344 ) (400 380 344 ) (400 380 264 ) (400 332 264 ) 
4 243 247 (400 244 344 ) (400 292 344 ) (400 292 264 ) (400 244 264 ) 
4 243 245 (400 240 344 ) (400 240 232 ) (592 240 232 ) (592 240 344 ) 
4 245 254 (408 200 352 ) (408 200 232 ) (480 200 232 ) (480 200 352 ) 
4 246 248 (392 380 264 ) (392 332 264 ) (392 332 352 ) (392 380 352 ) 
4 247 248 (392 292 264 ) (392 244 264 ) (392 244 352 ) (392 292 352 ) 
4 248 655 (0 200 360 ) (0 424 360 ) (0 424 224 ) (0 200 224 ) 
4 248 294 (392 200 224 ) (0 200 224 ) (0 424 224 ) (392 424 224 ) 
4 248 279 (0 200 224 ) (352 200 224 ) (352 200 360 ) (0 200 360 ) 
4 249 298 (1024 200 224 ) (1024 192 224 ) (848 192 224 ) (848 200 224 ) 
4 249 263 (848 192 224 ) (912 192 224 ) (912 192 360 ) (848 192 360 ) 
4 249 258 (912 192 224 ) (1024 192 224 ) (1024 192 360 ) (912 192 360 ) 
4 250 251 (736 198 232 ) (792 198 232 ) (792 198 344.010010 ) (736 198 344.010010 ) 
4 251 252 (736 194 232 ) (792 194 232 ) (792 194 344.010010 ) (736 194 344.010010 ) 
4 252 267 (800 192 232 ) (800 192 352 ) (728 192 352 ) (728 192 232 ) 
4 253 257 (480 194 224 ) (480 192 224 ) (480 192 232 ) (480 194 232 ) 
4 253 256 (480 198 224 ) (480 194 224 ) (480 194 232 ) (480 198 232 ) 
4 253 254 (480 200 232 ) (480 200 224 ) (480 198 224 ) (480 198 232 ) 
4 254 255 (472 198 344.010010 ) (416 198 344.010010 ) (416 198 232 ) (472 198 232 ) 
4 254 256 (408 198 224 ) (480 198 224 ) (480 198 232 ) (408 198 232 ) 
4 255 257 (472 194 344.010010 ) (416 194 344.010010 ) (416 194 232 ) (472 194 232 ) 
4 255 256 (472 194 232 ) (416 194 232 ) (416 198 232 ) (472 198 232 ) 
4 256 257 (408 194 224 ) (480 194 224 ) (480 194 232 ) (408 194 232 ) 
4 257 268 (480 192 232 ) (480 192 352 ) (408 192 352 ) (408 192 232 ) 
4 258 439 (1024 0 224 ) (1024 0 360 ) (912 0 360 ) (912 0 224 ) 
4 258 302 (1024 192 224 ) (1024 0 224 ) (912 0 224 ) (912 192 224 ) 
4 258 265 (912 0 264 ) (912 0 352 ) (912 33 352 ) (912 33 264 ) 
4 258 263 (912 192 360 ) (912 192 224 ) (912 120 224 ) (912 120 360 ) 
4 258 262 (912 56 224 ) (912 48 224 ) (912 48 360 ) (912 56 360 ) 
4 258 261 (912 120 224 ) (912 56 224 ) (912 56 264 ) (912 120 264 ) 
4 258 259 (912 56 352 ) (912 56 360 ) (912 120 360 ) (912 120 352 ) 
4 258 260 (912 56 264 ) (912 56 352 ) (912 120 352 ) (912 120 264 ) 
4 259 263 (912 120 360 ) (912 120 352 ) (876 84 352 ) (876 84 360 ) 
4 259 262 (908 52 352 ) (912 56 352 ) (912 56 360 ) (908 52 360 ) 
4 259 260 (912 56 352 ) (908 52 352 ) (876.001892 83.998009 352 ) (912 119.996094 352 ) 
4 260 264 (900.001038 44 264 ) (900.001038 44 352 ) (868 76 352 ) (868 76 264 ) 
4 260 263 (912 120 352 ) (912 120 264 ) (876 84 264 ) (876 84 352 ) 
4 260 262 (908 52 264 ) (912 56 264 ) (912 56 352 ) (908 52 352 ) 
4 260 261 (912 56 264 ) (908 52 264 ) (876.001892 83.998009 264 ) (912 119.996094 264 ) 
4 261 303 (912 120 224 ) (912 56 224 ) (908 52 224 ) (876 84 224 ) 
4 261 263 (912 120 264 ) (912 120 224 ) (876 84 224 ) (876 84 264 ) 
4 261 262 (908 52 224 ) (912 56 224 ) (912 56 264 ) (908 52 264 ) 
3 262 308 (912 56 224 ) (912 48 224 ) (908 52 224 ) 
5 263 310 (848 192 224 ) (912 192 224 ) (912 120 224 ) (876 84 224 ) (848 112 224 ) 
4 264 274 (840 33 232 ) (840 33 360 ) (840 80 360 ) (840 80 232 ) 
4 264 269 (840 80 360 ) (840 104 360 ) (840 104 232 ) (840 80 232 ) 
4 264 266 (840 33 360 ) (840 33 232 ) (904 33 232 ) (904 33 360 ) 
4 265 440 (904 0 352 ) (904 0 264 ) (912 0 264 ) (912 0 352 ) 
4 265 266 (904 33 352 ) (904 33 264 ) (904 0 264 ) (904 0 352 ) 
4 266 442 (904 0 360 ) (840 0 360 ) (840 0 232 ) (904 0 232 ) 
4 266 274 (840 0 232 ) (840 0 360 ) (840 33 360 ) (840 33 232 ) 
4 267 269 (688 152 232 ) (840 152 232 ) (840 152 360 ) (688 152 360 ) 
4 268 273 (360 152 360 ) (360 152 232 ) (680 152 232 ) (680 152 360 ) 
4 269 274 (688 80 232 ) (840 80 232 ) (840 80 360 ) (688 80 360 ) 
4 269 270 (688 152 352 ) (688 152 232 ) (688 80 232 ) (688 80 352 ) 
4 270 271 (686 144 232 ) (686 88 232 ) (686 88 344.010010 ) (686 144 344.010010 ) 
4 271 272 (682 144 232 ) (682 88 232 ) (682 88 344.010010 ) (682 144 344.010010 ) 
4 272 273 (680 152 352 ) (680 152 232 ) (680 80 232 ) (680 80 352 ) 
4 273 277 (360 136 264 ) (360 88 264 ) (360 88 352 ) (360 136 352 ) 
4 273 275 (360 80 360 ) (360 80 232 ) (680 80 232 ) (680 80 360 ) 
4 274 449 (840 0 360 ) (688 0 360 ) (688 0 232 ) (840 0 232 ) 
4 275 461 (632 0 360 ) (360 0 360 ) (360 0 232 ) (632 0 232 ) 
4 275 451 (680 0 360 ) (632 0 360 ) (632 0 232 ) (680 0 232 ) 
4 275 278 (360 20 352 ) (360 68 352 ) (360 68 264 ) (360 20 264 ) 
4 275 276 (672 40 232 ) (672 0 232 ) (592 0 232 ) (592 40 232 ) 
4 276 485 (592 0 224 ) (632 0 224 ) (632 0 232 ) (592 0 232 ) 
4 276 453 (632 0 224 ) (672 0 224 ) (672 0 232 ) (632 0 232 ) 
4 276 329 (672 0 224 ) (592 0 224 ) (592 8 224 ) (672 8 224 ) 
4 276 327 (592 8 224 ) (592 24 224 ) (672 24 224 ) (672 8 224 ) 
4 277 279 (352 136 264 ) (352 88 264 ) (352 88 352 ) (352 136 352 ) 
4 278 279 (352 68 264 ) (352 20 264 ) (352 20 352 ) (352 68 352 ) 
4 279 655 (0 0 224 ) (0 0 360 ) (0 200 360 ) (0 200 224 ) 
4 279 493 (352 0 360 ) (0 0 360 ) (0 0 224 ) (352 0 224 ) 
4 279 347 (352 0 224 ) (0 0 224 ) (0 200 224 ) (352 200 224 ) 
4 280 284 (856 1024 146.962997 ) (1024 1024 146.962997 ) (1024 767.996704 128 ) (856 767.996704 128 ) 
4 280 282 (856 416 101.925781 ) (1024 416 101.925781 ) (1024 416 224 ) (856 416 224 ) 
4 280 281 (856 1024 146.962769 ) (856 424 102.518372 ) (856 424 224 ) (856 1024 224 ) 
4 281 286 (848 432 224 ) (848 1024 224 ) (848 1024 146.962967 ) (848 432 103.111115 ) 
4 281 284 (848 767.996948 128 ) (848 1024 146.962997 ) (856 1024 146.962997 ) (856 767.996948 128 ) 
4 282 285 (856 208 96 ) (1024 208 96 ) (1024 208 224 ) (856 208 224 ) 
5 282 283 (856 416 216 ) (856 416 101.925781 ) (856 336.002014 96 ) (856 208 96 ) (856 208 216 ) 
5 283 290 (848 336 96 ) (848 216 96 ) (848 216 208 ) (848 408 208 ) (848 408 101.333336 ) 
3 284 288 (848 768 128 ) (848 1024 146.962967 ) (848 1024 144 ) 
4 285 298 (856 200 96 ) (1024 200 96 ) (1024 200 224 ) (856 200 224 ) 
4 286 292 (424 432 224 ) (424 1024 224 ) (424 1024 146.962967 ) (424 432 103.111115 ) 
4 286 288 (424 768.006348 128 ) (424 1024 146.962891 ) (848 1024 146.962708 ) (848 768.015625 128 ) 
4 287 290 (432 408 101.333336 ) (840 408 101.333336 ) (840 408 208 ) (432 408 208 ) 
4 287 289 (840 408 208 ) (840 408 224 ) (432 408 224 ) (432 408 208 ) 
3 288 295 (424 768 128 ) (424 1024 146.962967 ) (424 1024 144 ) 
4 289 291 (432 216 208 ) (840 216 208 ) (840 216 224 ) (432 216 224 ) 
4 289 290 (840 216 208 ) (432 216 208 ) (432 408 208 ) (840 408 208 ) 
5 290 293 (424 336 96 ) (424 216 96 ) (424 216 208 ) (424 408 208 ) (424 408 101.333336 ) 
4 290 291 (432 216 96 ) (840 216 96 ) (840 216 208 ) (432 216 208 ) 
4 291 299 (728 200 96 ) (800 200 96 ) (800 200 216 ) (728 200 216 ) 
4 292 295 (424 1024 146.962677 ) (424 768.024658 128.001541 ) (416 768.024963 128.001556 ) (416 1024 146.962677 ) 
4 292 294 (416 1024 146.961517 ) (416 424 102.517075 ) (416 424 224 ) (416 1024 224 ) 
5 293 294 (416 416 101.924484 ) (416 336.019531 96 ) (416 208 96 ) (416 208 216 ) (416 416 216 ) 
4 294 713 (0 200 224 ) (0 248 224 ) (0 248 96 ) (0 200 96 ) 
4 294 708 (0 248 224 ) (0 296 224 ) (0 296 96 ) (0 248 96 ) 
4 294 707 (0 768 128 ) (0 336 96 ) (0 296 96 ) (0 296 98.500000 ) 
5 294 705 (0 296 224 ) (0 1024 224 ) (0 1024 146.962967 ) (0 768 128 ) (0 296 98.500000 ) 
5 294 352 (0 200 96 ) (0 336 96 ) (278 336 96 ) (288 256 96 ) (288 200 96 ) 
3 294 350 (278 336 96 ) (288 336 96 ) (288 256 96 ) 
4 294 347 (0 200 96 ) (352 200 96 ) (352 200 224 ) (0 200 224 ) 
4 294 297 (278 336.003906 96 ) (0 336.003906 96 ) (0 1024 146.962677 ) (192 1024 146.962677 ) 
4 294 295 (224 768 128 ) (192 1024 146.962677 ) (416 1024 146.962677 ) (416 768.024780 128.001556 ) 
3 294 296 (288 336.003906 96 ) (278 336.003906 96 ) (224 768 128 ) 
3 295 297 (224 768 128 ) (192 1024 146.961975 ) (192 1024 144 ) 
3 296 350 (288 336 96 ) (278 336 96 ) (224 768.001404 96 ) 
3 296 297 (224 768 96 ) (277.998322 336.013458 96 ) (224 768 128 ) 
5 297 707 (0 1024 144 ) (0 1024 112 ) (0 768 96 ) (0 336 96 ) (0 768 128 ) 
3 297 705 (0 1024 146.962967 ) (0 1024 144 ) (0 768 128 ) 
4 297 352 (0 336 96 ) (0 768 96 ) (224 768 96 ) (278 336 96 ) 
4 298 310 (848 192 96 ) (912 192 96 ) (912 192 224 ) (848 192 224 ) 
4 298 302 (912 192 96 ) (1024 192 96 ) (1024 192 224 ) (912 192 224 ) 
4 299 300 (736 198 96 ) (792 198 96 ) (792 198 208 ) (736 198 208 ) 
4 300 301 (736 194 96 ) (792 194 96 ) (792 194 208 ) (736 194 208 ) 
4 301 313 (728 192 96 ) (800 192 96 ) (800 192 216 ) (728 192 216 ) 
4 302 494 (1024 0 96 ) (1024 0 224 ) (912 0 224 ) (912 0 96 ) 
4 302 314 (912 0 128 ) (912 0 216 ) (912 33 216 ) (912 33 128 ) 
4 302 310 (912 192 224 ) (912 192 96 ) (912 120 96 ) (912 120 224 ) 
4 302 308 (912 56 96 ) (912 48 96 ) (912 48 224 ) (912 56 224 ) 
4 302 306 (912 120 96 ) (912 56 96 ) (912 56 128 ) (912 120 128 ) 
4 302 305 (912 56 128 ) (912 56 216 ) (912 120 216 ) (912 120 128 ) 
4 302 303 (912 56 216 ) (912 56 224 ) (912 120 224 ) (912 120 216 ) 
4 303 310 (912 120 224 ) (912 120 216 ) (876 84 216 ) (876 84 224 ) 
4 303 308 (908 52 216 ) (912 56 216 ) (912 56 224 ) (908 52 224 ) 
4 303 305 (912 55.996094 216 ) (908.001953 51.998024 216 ) (876 84 216 ) (912 120 216 ) 
4 304 315 (889 33 216 ) (889 33 224 ) (825 33 224 ) (825 33 216 ) 
4 304 312 (848 56 216 ) (840 48 216 ) (840 48 224 ) (848 56 224 ) 
4 304 311 (868 76 216 ) (848 56 216 ) (848 56 224 ) (868 76 224 ) 
4 304 313 (840 48 216 ) (825 33 216 ) (825 33 224 ) (840 48 224 ) 
4 304 309 (889 33 224 ) (889 33 216 ) (900 44 216 ) (900 44 224 ) 
4 304 305 (900.002014 43.998081 216 ) (889.003906 33 216 ) (825 33 216 ) (868 76 216 ) 
4 305 315 (889 33 128 ) (889 33 216 ) (825 33 216 ) (825 33 128 ) 
4 305 312 (848 56 128 ) (840 48 128 ) (840 48 216 ) (848 56 216 ) 
4 305 310 (912 120 216 ) (912 120 128 ) (876 84 128 ) (876 84 216 ) 
4 305 311 (868 76 128 ) (848 56 128 ) (848 56 216 ) (868 76 216 ) 
4 305 313 (840 48 128 ) (825 33 128 ) (825 33 216 ) (840 48 216 ) 
4 305 309 (889 33 216 ) (889 33 128 ) (900 44 128 ) (900 44 216 ) 
4 305 308 (908 52 128 ) (912 56 128 ) (912 56 216 ) (908 52 216 ) 
4 305 306 (912 55.996094 128 ) (908.001953 51.998024 128 ) (876 84 128 ) (912 120 128 ) 
4 305 307 (900.002014 43.998081 128 ) (889.003906 33 128 ) (825 33 128 ) (868 76 128 ) 
4 306 310 (912 120 128 ) (912 120 96 ) (876 84 96 ) (876 84 128 ) 
4 306 308 (908 52 96 ) (912 56 96 ) (912 56 128 ) (908 52 128 ) 
4 307 315 (825 33 96 ) (889 33 96 ) (889 33 128 ) (825 33 128 ) 
4 307 312 (848 56 96 ) (840 48 96 ) (840 48 128 ) (848 56 128 ) 
4 307 311 (868 76 96 ) (848 56 96 ) (848 56 128 ) (868 76 128 ) 
4 307 313 (840 48 96 ) (825 33 96 ) (825 33 128 ) (840 48 128 ) 
4 307 309 (889 33 128 ) (889 33 96 ) (900 44 96 ) (900 44 128 ) 
4 309 315 (889 33 96 ) (904 33 96 ) (904 33 224 ) (889 33 224 ) 
4 311 312 (848 96 96 ) (848 55.998043 96 ) (848 55.998039 224 ) (848 96 224 ) 
4 312 313 (840 104 96 ) (840 47.998043 96 ) (840 47.998039 224 ) (840 104 224 ) 
4 313 316 (688 152 96 ) (688 80 96 ) (688 80 216 ) (688 152 216 ) 
4 313 315 (688 33 224 ) (688 33 96 ) (825 33 96 ) (825 33 224 ) 
4 314 495 (904 0 216 ) (904 0 128 ) (912 0 128 ) (912 0 216 ) 
4 314 315 (904 33 216 ) (904 33 128 ) (904 0 128 ) (904 0 216 ) 
4 315 505 (760 0 224 ) (688 0 224 ) (688 0 96 ) (760 0 96 ) 
4 315 497 (904 0 224 ) (760 0 224 ) (760 0 96 ) (904 0 96 ) 
4 316 317 (686 88 208 ) (686 144 208 ) (686 144 96 ) (686 88 96 ) 
4 317 318 (682 88 208 ) (682 144 208 ) (682 144 96 ) (682 88 96 ) 
4 318 319 (680 152 96 ) (680 80 96 ) (680 80 216 ) (680 152 216 ) 
4 319 321 (672 192 96 ) (672 72 96 ) (672 72 216 ) (672 192 216 ) 
4 319 320 (672 72 216 ) (672 72 224 ) (672 192 224 ) (672 192 216 ) 
4 320 324 (600 192 216 ) (600 72 216 ) (600 72 224 ) (600 192 224 ) 
4 320 321 (600 72 216 ) (600 192 216 ) (672 192 216 ) (672 72 216 ) 
4 321 324 (600 192 96 ) (600 72 96 ) (600 72 216 ) (600 192 216 ) 
4 321 322 (664 70 208 ) (608 70 208 ) (608 70 96 ) (664 70 96 ) 
4 322 323 (664 66 208 ) (608 66 208 ) (608 66 96 ) (664 66 96 ) 
4 323 325 (600 64 96 ) (672 64 96 ) (672 64 216 ) (600 64 216 ) 
4 324 337 (592 80 96 ) (592 72 96 ) (592 72 216 ) (592 80 216 ) 
4 324 334 (592 72 216 ) (592 72 224 ) (592 80 224 ) (592 80 216 ) 
4 324 332 (592 112 96 ) (592 80 96 ) (592 80 224 ) (592 112 224 ) 
4 324 331 (592 192 96 ) (592 112 96 ) (592 112 224 ) (592 192 224 ) 
4 325 326 (592 40 208 ) (592 40 96 ) (680 40 96 ) (680 40 208 ) 
4 326 328 (592 24 192 ) (592 24 96 ) (680 24 96 ) (680 24 192 ) 
4 327 329 (592 8 224 ) (592 8 208 ) (680 8 208 ) (680 8 224 ) 
4 328 330 (592 8 176 ) (592 8 96 ) (680 8 96 ) (680 8 176 ) 
4 329 506 (680 0 224 ) (592 0 224 ) (592 0 192 ) (680 0 192 ) 
4 330 507 (592 0 176 ) (592 0 96 ) (680 0 96 ) (680 0 176 ) 
4 331 344 (360 128 216 ) (360 176 216 ) (360 176 128 ) (360 128 128 ) 
4 331 332 (392 112 96 ) (592 112 96 ) (592 112 224 ) (392 112 224 ) 
4 332 337 (584 80 96 ) (592 80 96 ) (592 80 216 ) (584 80 216 ) 
4 332 338 (392 80 96 ) (584 80 96 ) (584 80 216 ) (392 80 216 ) 
4 332 335 (584 80 224 ) (392 80 224 ) (392 80 216 ) (584 80 216 ) 
4 332 334 (592 80 216 ) (592 80 224 ) (584 80 224 ) (584 80 216 ) 
4 333 346 (360 104 96 ) (360 80 96 ) (360 80 128 ) (360 104 128 ) 
4 333 345 (360 80 128 ) (360 80 216 ) (360 104 216 ) (360 104 128 ) 
4 333 343 (360 80 216 ) (360 80 224 ) (360 104 224 ) (360 104 216 ) 
4 333 340 (360 80 216 ) (360 80 96 ) (384 80 96 ) (384 80 216 ) 
4 333 336 (360 80 224 ) (360 80 216 ) (384 80 216 ) (384 80 224 ) 
4 334 337 (584 72 216 ) (584 80 216 ) (592 80 216 ) (592 72 216 ) 
4 334 335 (584 80 224 ) (584 80 216 ) (584 72 216 ) (584 72 224 ) 
4 335 341 (392 8 216 ) (584 8 216 ) (584 8 224 ) (392 8 224 ) 
4 335 338 (584 8 216 ) (392 8 216 ) (392 80 216 ) (584 80 216 ) 
4 336 343 (360 8 216 ) (360 8 224 ) (360 80 224 ) (360 80 216 ) 
4 336 342 (360 8 224 ) (360 8 216 ) (384 8 216 ) (384 8 224 ) 
4 336 340 (384 8 216 ) (360 8 216 ) (360 80 216 ) (384 80 216 ) 
4 337 338 (584 72 216 ) (584 80 216 ) (584 80 96 ) (584 72 96 ) 
4 338 341 (392 8 96 ) (584 8 96 ) (584 8 216 ) (392 8 216 ) 
4 338 339 (390 16 208 ) (390 72 208 ) (390 72 96 ) (390 16 96 ) 
4 339 340 (386 16 208 ) (386 72 208 ) (386 72 96 ) (386 16 96 ) 
4 340 346 (360 80 96 ) (360 8 96 ) (360 8 128 ) (360 80 128 ) 
4 340 345 (360 8 128 ) (360 8 216 ) (360 80 216 ) (360 80 128 ) 
4 340 342 (360 8 216 ) (360 8 96 ) (384 8 96 ) (384 8 216 ) 
4 341 510 (528 0 224 ) (392 0 224 ) (392 0 96 ) (528 0 96 ) 
4 342 511 (384 0 224 ) (360 0 224 ) (360 0 96 ) (384 0 96 ) 
4 342 346 (360 8 96 ) (360 0 96 ) (360 0 128 ) (360 8 128 ) 
4 342 345 (360 0 128 ) (360 0 216 ) (360 8 216 ) (360 8 128 ) 
4 342 343 (360 0 216 ) (360 0 224 ) (360 8 224 ) (360 8 216 ) 
4 343 536 (360 0 224 ) (352 0 224 ) (352 0 216 ) (360 0 216 ) 
4 343 345 (352 0 216 ) (352 104 216 ) (360 104 216 ) (360 0 216 ) 
4 343 347 (352 104 216 ) (352 0 216 ) (352 0 224 ) (352 104 224 ) 
4 344 347 (352 176 128 ) (352 128 128 ) (352 128 216 ) (352 176 216 ) 
4 345 537 (352 0 216 ) (352 0 128 ) (360 0 128 ) (360 0 216 ) 
4 345 346 (352 0 128 ) (352 104 128 ) (360 104 128 ) (360 0 128 ) 
4 345 347 (352 104 128 ) (352 0 128 ) (352 0 216 ) (352 104 216 ) 
4 346 539 (352 0 128 ) (352 0 96 ) (360 0 96 ) (360 0 128 ) 
4 346 347 (352 104 96 ) (352 0 96 ) (352 0 128 ) (352 104 128 ) 
4 347 713 (0 0 96 ) (0 0 224 ) (0 200 224 ) (0 200 96 ) 
4 347 545 (352 0 224 ) (0 0 224 ) (0 0 96 ) (352 0 96 ) 
4 347 352 (288 0 96 ) (0 0 96 ) (0 200 96 ) (288 200 96 ) 
4 348 753 (0 0 -1504 ) (0 0 -24.888916 ) (0 336 0 ) (0 336 -1504 ) 
5 348 750 (0 336 0 ) (0 768 32 ) (0 1024 48 ) (0 1024 -1504 ) (0 336 -1504 ) 
4 348 549 (1024 0 -1504 ) (1024 0 -24.888916 ) (0 0 -24.888901 ) (0 0 -1504 ) 
5 348 353 (0 336.002899 0 ) (0 0 -24.889156 ) (288 0 -24.889158 ) (288 256 -5.926147 ) (278 336.002869 0 ) 
3 348 351 (288 256 -5.926147 ) (288 336 0 ) (278 336.002869 0 ) 
4 348 349 (288 0 -24.889158 ) (1024 0 -24.889160 ) (1024 336.002899 0 ) (288 336.002930 0 ) 
4 349 549 (1024 0 -24.888916 ) (1024 0 0 ) (288 0 0 ) (288 0 -24.888905 ) 
4 349 353 (288 256 -5.925606 ) (288 0 -24.888577 ) (288 0 0 ) (288 256 0 ) 
3 349 351 (288 335.995850 0 ) (288 256 -5.925606 ) (288 256 0 ) 
5 350 352 (288 255.998047 64 ) (288 255.998047 96 ) (223.998932 768.007324 96 ) (223.998932 768.007324 95.996284 ) (277.992584 336.057526 64 ) 
3 351 353 (278 335.996094 0 ) (288 255.998047 -5.925781 ) (288 255.998047 0 ) 
4 352 752 (0 0 64 ) (0 0 96 ) (0 336 96 ) (0 336 64 ) 
4 352 751 (0 336 96 ) (0 768.057495 96 ) (0 336.057526 64 ) (0 336 64 ) 
4 352 547 (288 0 96 ) (0 0 96 ) (0 0 64 ) (288 0 64 ) 
3 353 753 (0 0 -24.888916 ) (0 0 0 ) (0 336 0 ) 
4 353 549 (0 0 0 ) (0 0 -24.888901 ) (288 0 -24.888905 ) (288 0 0 ) 
4 354 358 (3072 0 2784 ) (3072 0 -1504 ) (3072 -1024 -1504 ) (3072 -1024 2784 ) 
4 354 355 (4064 -1024 2784 ) (3072 -1024 2784 ) (3072 -1024 -1504 ) (4064 -1024 -1504 ) 
4 355 359 (3072 -2048 -1504 ) (3072 -2048 2784 ) (3072 -1024 2784 ) (3072 -1024 -1504 ) 
4 355 356 (4064 -2048 2784 ) (3072 -2048 2784 ) (3072 -2048 -1504 ) (4064 -2048 -1504 ) 
4 356 552 (3072 -3072 -1504 ) (3072 -3072 2784 ) (3072 -2048 2784 ) (3072 -2048 -1504 ) 
4 356 357 (3072 -3072 2784 ) (3072 -3072 -1504 ) (4064 -3072 -1504 ) (4064 -3072 2784 ) 
4 357 555 (3072 -4064 2784 ) (3072 -3072 2784 ) (3072 -3072 -1504 ) (3072 -4064 -1504 ) 
4 358 371 (2048 0 0 ) (2048 0 -1504 ) (2048 -1024 -1504 ) (2048 -1024 0 ) 
4 358 368 (2048 0 96 ) (2048 0 0 ) (2048 -768 0 ) (2048 -768 96 ) 
4 358 370 (2048 -768 0 ) (2048 -1024 0 ) (2048 -1024 96 ) (2048 -768 96 ) 
5 358 364 (2048 0 384 ) (2048 0 96 ) (2048 -768 96 ) (2048 -768 370.162201 ) (2048 -256 384 ) 
3 358 363 (2048 -768 370.162201 ) (2048 -768 384 ) (2048 -256 384 ) 
3 358 361 (2048 0 390.919189 ) (2048 0 384 ) (2048 -256 384 ) 
5 358 360 (2048 0 2784 ) (2048 0 390.919189 ) (2048 -256 384 ) (2048 -768 384 ) (2048 -768 2784 ) 
4 358 367 (2048 -768 96 ) (2048 -1024 96 ) (2048 -1024 2784 ) (2048 -768 2784 ) 
4 358 359 (3072 -1024 -1504 ) (3072 -1024 2784 ) (2048 -1024 2784 ) (2048 -1024 -1504 ) 
4 359 552 (3072 -2048 -1504 ) (3072 -2048 2784 ) (2048 -2048 2784 ) (2048 -2048 -1504 ) 
4 359 550 (2048 -2048 -1504 ) (2048 -2048 2784 ) (2048 -1024 2784 ) (2048 -1024 -1504 ) 
5 360 402 (1024 0 424 ) (1024 0 390.919189 ) (1024 -256 384 ) (1024 -768 384 ) (1024 -768 424 ) 
4 360 381 (1024 0 480 ) (1024 0 424 ) (1024 -768 424 ) (1024 -768 480 ) 
4 360 372 (1024 0 2784 ) (1024 0 480 ) (1024 -768 480 ) (1024 -768 2784 ) 
4 360 366 (1120 -768 384 ) (1024 -768 384 ) (1024 -256 384 ) (1232 -256 384 ) 
4 360 363 (2048 -768 384 ) (1408 -768 384 ) (1520 -256 384 ) (2048 -256 384 ) 
4 360 362 (1232 -256.001984 384 ) (1024 -256.001984 384 ) (1024 0 390.918945 ) (1252.756836 0 390.918945 ) 
4 360 361 (2048 -256.002014 384 ) (1520 -256.001984 384 ) (1540.756714 0 390.918945 ) (2048 0 390.918945 ) 
4 360 367 (2048 -768 384 ) (2048 -768 2784 ) (1024 -768 2784 ) (1024 -768 384 ) 
3 361 365 (1540.756714 0 384 ) (1576 0 384 ) (1520 -256 384 ) 
4 361 364 (1576 0 384 ) (2048 0 384 ) (2048 -256 384 ) (1520 -256 384 ) 
3 362 402 (1024 0 390.919189 ) (1024 0 384 ) (1024 -256 384 ) 
4 362 366 (1024 -256 384 ) (1024 0 384 ) (1252.756836 0 384 ) (1232 -256 384 ) 
4 363 364 (2048 -768 370.162109 ) (1408 -768 370.162109 ) (1520 -256 384 ) (2048 -256 384 ) 
4 363 367 (2048 -768 370.162201 ) (2048 -768 384 ) (1408 -768 384 ) (1408 -768 370.162170 ) 
4 364 368 (1576 0 96 ) (2048 0 96 ) (2048 -768 96 ) (1408 -768 96 ) 
5 364 365 (1576 0 96 ) (1520 -256.005646 96 ) (1520 -256.005463 383.998352 ) (1520.012939 -255.944092 384 ) (1576 0 384 ) 
4 364 367 (1408 -768 96 ) (2048 -768 96 ) (2048 -768 370.162201 ) (1408 -768 370.162170 ) 
3 365 368 (1540.756714 0 96 ) (1576 0 96 ) (1520 -256.001465 96 ) 
4 366 494 (1024 0 224 ) (1024 0 96 ) (1024 -768 96 ) (1024 -768 224 ) 
4 366 456 (1024 -224 224 ) (1024 -768 224 ) (1024 -768 360 ) (1024 -224 360 ) 
4 366 439 (1024 0 360 ) (1024 0 224 ) (1024 -224 224 ) (1024 -224 360 ) 
4 366 402 (1024 0 384 ) (1024 0 360 ) (1024 -768 360 ) (1024 -768 384 ) 
4 366 367 (1024 -768 96 ) (1120 -768 96 ) (1120 -768 384 ) (1024 -768 384 ) 
4 367 550 (2048 -1024 96 ) (2048 -1024 2784 ) (1024 -1024 2784 ) (1024 -1024 96 ) 
4 367 494 (1024 -768 96 ) (1024 -1024 96 ) (1024 -1024 224 ) (1024 -768 224 ) 
4 367 456 (1024 -1024 224 ) (1024 -1024 360 ) (1024 -768 360 ) (1024 -768 224 ) 
4 367 402 (1024 -1024 360 ) (1024 -1024 424 ) (1024 -768 424 ) (1024 -768 360 ) 
4 367 381 (1024 -1024 424 ) (1024 -1024 480 ) (1024 -768 480 ) (1024 -768 424 ) 
4 367 372 (1024 -1024 480 ) (1024 -1024 2784 ) (1024 -768 2784 ) (1024 -768 480 ) 
4 367 370 (2048 -1024 96 ) (1024 -1024 96 ) (1024 -768 96 ) (2048 -768 96 ) 
4 368 371 (1288 0 0 ) (2048 0 0 ) (2048 -768 0 ) (1120 -768 0 ) 
4 368 369 (1288 0 0 ) (1232 -255.993774 0 ) (1232 -255.996155 96 ) (1288 0 96 ) 
4 368 370 (1120 -768 0 ) (2048 -768 0 ) (2048 -768 96 ) (1120 -768 96 ) 
3 369 371 (1252.756836 0 0 ) (1288 0 0 ) (1232 -256 0 ) 
4 370 550 (2048 -1024 0 ) (2048 -1024 96 ) (1024 -1024 96 ) (1024 -1024 0 ) 
4 370 546 (1024 -768 0 ) (1024 -1024 0 ) (1024 -1024 96 ) (1024 -768 96 ) 
4 370 371 (1024 -1024 0 ) (1024 -768 0 ) (2048 -768 0 ) (2048 -1024 0 ) 
4 371 550 (2048 -1024 -1504 ) (2048 -1024 0 ) (1024 -1024 0 ) (1024 -1024 -1504 ) 
4 371 549 (1024 0 0 ) (1024 0 -1504 ) (1024 -1024 -1504 ) (1024 -1024 0 ) 
4 372 551 (1024 -1024 480 ) (1024 -1024 2784 ) (624 -1024 2784 ) (624 -1024 480 ) 
3 372 392 (624 -98.666702 480 ) (624 -104 480 ) (624 -24 592 ) 
5 372 388 (624 0 625.600098 ) (624 0 539.200012 ) (624 -49.333336 480 ) (624 -98.666702 480 ) (624 -24 592 ) 
3 372 386 (624 0 539.200012 ) (624 0 480 ) (624 -49.333336 480 ) 
5 372 385 (624 -1024 480 ) (624 -1024 2784 ) (624 0 2784 ) (624 0 625.600098 ) (624 -104 480 ) 
3 372 382 (864 0 480 ) (936 0 480 ) (864 -72 480 ) 
5 372 381 (1024 -1024 480 ) (800.001038 -1024 480 ) (800.001038 -135.998840 480 ) (936 0 480 ) (1024 0 480 ) 
4 372 376 (800.001038 -1024 480 ) (672 -1024 480 ) (672 -175.988098 480 ) (800.001038 -175.988129 480 ) 
4 372 373 (672 -1024 480 ) (624 -1024 480 ) (624 -56 480 ) (672 -56 480 ) 
4 373 551 (672 -1024 480 ) (624 -1024 480 ) (624 -1024 472 ) (665.142883 -1024 472 ) 
3 373 395 (624 -104 480 ) (624 -104 472 ) (624 -109.714264 472 ) 
3 373 393 (624 -104 480 ) (624 -98.666679 480 ) (624 -104 472 ) 
4 373 389 (624 -98.666679 480 ) (624 -56 480 ) (624 -62.857132 472 ) (624 -104 472 ) 
4 373 385 (624 -1024 472 ) (624 -1024 480 ) (624 -104 480 ) (624 -109.714264 472 ) 
4 373 376 (672 -175.988113 480 ) (672 -1024 480 ) (665.142883 -1024 472 ) (665.142883 -182.845215 472 ) 
4 373 374 (624 -1024 472 ) (624 -62.857178 472 ) (665.138672 -62.857132 472 ) (665.138733 -1024 472 ) 
3 374 551 (624 -1024 472 ) (624 -1024 424 ) (665.142883 -1024 472 ) 
4 374 395 (624 -136 424 ) (624 -144 424 ) (624 -109.714233 472 ) (624 -104 472 ) 
4 374 389 (624 -104 424 ) (624 -136 424 ) (624 -104 472 ) (624 -62.857178 472 ) 
4 374 385 (624 -144 424 ) (624 -1024 424 ) (624 -1024 472 ) (624 -109.714233 472 ) 
4 374 376 (624 -1024 424 ) (624 -223.988159 424 ) (665.142883 -182.845245 472 ) (665.142883 -1024 472 ) 
4 375 387 (624 0 424 ) (624 -96 424 ) (624 -56 472 ) (624 0 472 ) 
4 375 378 (624 -104 424 ) (624 0 424 ) (665.142883 0 472 ) (665.142883 -56 472 ) 
4 376 551 (800.001038 -1024 480 ) (672 -1024 480 ) (624 -1024 424 ) (848 -1024 424 ) 
4 376 416 (632 -1024 424 ) (624 -1024 424 ) (624 -223.988098 424 ) (632 -223.988098 424 ) 
4 376 413 (840 -1024 424 ) (632 -1024 424 ) (632 -223.988098 424 ) (840 -223.988159 424 ) 
4 376 407 (848 -1024 424 ) (840 -1024 424 ) (840 -223.988159 424 ) (848 -223.988159 424 ) 
4 376 381 (848.002808 -1024 424 ) (848.002808 -223.988098 424 ) (800.002808 -175.988129 480 ) (800.002808 -1024 480 ) 
4 377 414 (624 -96 424 ) (624 0 424 ) (632 0 424 ) (632 -96 424 ) 
4 377 409 (632 0 424 ) (688 0 424 ) (688 -104 424 ) (632 -104 424 ) 
4 377 408 (688 0 424 ) (840 0 424 ) (840 -104 424 ) (688 -104 424 ) 
4 377 406 (840 0 424 ) (848 0 424 ) (848 -104 424 ) (840 -104 424 ) 
4 377 383 (848.002808 -104 424 ) (848.002808 0 424 ) (806.859924 0 472 ) (806.859924 -104 472 ) 
4 377 380 (848.003906 -104 424 ) (806.861023 -104 472 ) (799.991272 -104 472 ) (839.991333 -104 424 ) 
4 377 379 (799.991272 -104 472 ) (672 -104 472 ) (632 -104 424 ) (839.991333 -104 424 ) 
4 377 378 (624 0 424 ) (624 -104 424 ) (672 -56 472 ) (672 0 472 ) 
4 379 412 (632 -104 424 ) (839.991333 -104 424 ) (839.991333 -216 424 ) (632 -216 424 ) 
4 379 380 (839.996094 -136.003906 424 ) (839.996094 -104 424 ) (799.996094 -104 472 ) (799.996094 -136.003876 472 ) 
4 380 406 (839.991333 -104 424 ) (848 -104 424 ) (848 -127.998970 424 ) (839.991333 -136.008606 424 ) 
4 380 383 (848.002808 -127.997169 424 ) (848.002808 -104 424 ) (806.859924 -104 472 ) (806.859924 -129.140106 472 ) 
4 381 551 (1024 -1024 424 ) (1024 -1024 480 ) (800.001038 -1024 480 ) (848 -1024 424 ) 
4 381 404 (848 -224 424 ) (848 -144 424 ) (904 -88 424 ) (904 -224 424 ) 
4 381 403 (912 -80 424 ) (912 -224 424 ) (904 -224 424 ) (904 -88 424 ) 
4 381 407 (912 -1024 424 ) (848 -1024 424 ) (848 -224 424 ) (912 -224 424 ) 
5 381 402 (1024 -1024 424 ) (912 -1024 424 ) (912 -72 424 ) (984 0 424 ) (1024 0 424 ) 
4 381 384 (983.996094 0 424 ) (912 -71.996086 424 ) (870.857056 -71.996147 472 ) (942.853210 0 472 ) 
4 381 382 (864 -71.996109 480 ) (935.996094 0 480 ) (942.853210 0 472 ) (870.857056 -71.996147 472 ) 
3 382 384 (942.859375 0 472 ) (870.857117 -72.002258 472 ) (870.857117 0 472 ) 
4 383 405 (848 -127.998978 424 ) (848 0 424 ) (904 0 424 ) (904 -72 424 ) 
3 384 402 (912 0 424 ) (984 0 424 ) (912 -72 424 ) 
4 385 551 (400 -1024 2784 ) (400 -1024 424 ) (624 -1024 424 ) (624 -1024 2784 ) 
4 385 436 (400 -256 424 ) (400 -240 424 ) (624 -240 424 ) (624 -256 424 ) 
4 385 433 (400 -240 424 ) (400 -144 424 ) (624 -144 424 ) (624 -240 424 ) 
4 385 437 (624 -1024 424 ) (400 -1024 424 ) (400 -256 424 ) (624 -256 424 ) 
4 385 401 (400 -109.713776 472 ) (400 -144 424 ) (400 -1024 424 ) (400 -1024 472 ) 
4 385 397 (400 -104 480 ) (400 -109.713776 472 ) (400 -1024 472 ) (400 -1024 480 ) 
5 385 396 (400 0 2784 ) (400 0 625.600098 ) (400 -104 480 ) (400 -1024 480 ) (400 -1024 2784 ) 
4 385 395 (624 -104 480 ) (624 -144 424 ) (512 -143.998047 424 ) (472.002625 -104 479.996307 ) 
3 385 394 (400 -109.709854 472 ) (400 -104 479.994537 ) (406.661530 -104 479.994690 ) 
4 385 392 (624 -24 592 ) (624 -104 480 ) (400 -104 479.994537 ) (400 -24.054367 591.918457 ) 
4 385 388 (624 0 625.600098 ) (624 -24 592 ) (400 -24.054367 591.918457 ) (400 0 625.594604 ) 
3 386 396 (400 0 539.200012 ) (400 0 480 ) (400 -49.333355 480 ) 
4 386 390 (400 0 539.199219 ) (400 -49.333015 480 ) (472 -49.333004 480 ) (429.724304 0 539.199280 ) 
4 386 388 (472 -49.333004 480 ) (624 -49.332977 480 ) (624 0 539.199585 ) (429.724304 0 539.199280 ) 
4 387 417 (400 -96 424 ) (400 0 424 ) (624 0 424 ) (624 -96 424 ) 
4 387 398 (400 0 472 ) (400 0 424 ) (400 -96 424 ) (400 -56 472 ) 
4 387 391 (400 -56 472 ) (400 -96 424 ) (504 -96 424 ) (472 -56 472 ) 
4 388 396 (400 0 625.600098 ) (400 0 580.822571 ) (400 -31.451698 580.822510 ) (400 -24 592 ) 
5 388 392 (624 -98.665375 480 ) (624 -23.980778 592.026917 ) (400 -23.980776 592.026917 ) (400 -31.450384 580.822510 ) (472 -98.665390 480 ) 
5 388 390 (429.722046 0 539.200256 ) (471.998627 -49.333836 480 ) (472 -98.662781 480 ) (400 -31.448669 580.821167 ) (400 0 580.820740 ) 
4 388 389 (624 -98.664055 480 ) (471.996094 -98.664062 480 ) (471.996094 -56 480 ) (624 -56 480 ) 
4 389 422 (624 -104.001785 424 ) (624 -136 424 ) (511.991150 -136 424 ) (511.991150 -104.001785 424 ) 
4 389 395 (624 -135.998703 424 ) (624 -104 471.998047 ) (477.714447 -104 471.998077 ) (511.991150 -135.998718 424 ) 
4 389 393 (624 -104 471.998047 ) (624 -98.665375 480 ) (472 -98.665390 480 ) (477.714447 -104 471.998077 ) 
5 390 396 (400 0 580.822571 ) (400 0 539.200012 ) (400 -49.333355 480 ) (400 -98.666702 480 ) (400 -31.451698 580.822510 ) 
3 390 392 (400 -31.450384 580.822510 ) (400 -98.665390 480 ) (472 -98.665390 480 ) 
4 391 426 (400 -136 424 ) (400 -104 424 ) (504 -104 424 ) (504 -136 424 ) 
4 391 419 (400 -104 424 ) (400 -96 424 ) (504 -96 424 ) (504 -104 424 ) 
4 391 398 (400 -56 472 ) (400 -96 424 ) (400 -136 424 ) (400 -104 472 ) 
3 392 396 (400 -104 480 ) (400 -24 592 ) (400 -98.666687 480 ) 
4 392 393 (624 -104 480 ) (472 -104 480 ) (472 -98.667328 480 ) (624 -98.667328 480 ) 
4 393 395 (477.715851 -104 471.996094 ) (624 -104 471.996094 ) (624 -104 480 ) (472 -104 480 ) 
4 395 424 (512 -136 424 ) (624 -136 424 ) (624 -144 424 ) (512 -144 424 ) 
3 396 803 (0 -192 480 ) (0 -192 424 ) (0 -240 424 ) 
5 396 801 (0 -1024 424 ) (0 -1024 2784 ) (0 -192 2784 ) (0 -192 480 ) (0 -240 424 ) 
4 396 795 (0 -192 2784 ) (0 -80 2784 ) (0 -80 1282.669922 ) (0 -192 1282.669922 ) 
4 396 792 (0 0 1357.333252 ) (0 0 1282.669922 ) (0 -80 1282.669922 ) (0 -80 1357.333252 ) 
4 396 791 (0 -80 2784 ) (0 0 2784 ) (0 0 1357.333252 ) (0 -80 1357.333252 ) 
4 396 788 (0 0 472 ) (0 0 424 ) (0 -192 424 ) (0 -192 472 ) 
4 396 786 (0 0 480 ) (0 0 472 ) (0 -192 472 ) (0 -192 480 ) 
4 396 785 (0 0 1282.669922 ) (0 0 480 ) (0 -192 480 ) (0 -192 1282.669922 ) 
5 396 551 (0 -1024 2784 ) (0 -1024 424 ) (352 -1024 424 ) (400 -1024 480 ) (400 -1024 2784 ) 
4 396 438 (352 -1024 424 ) (0 -1024 424 ) (0 -144 424 ) (352 -144 424 ) 
4 396 430 (0 -144 424 ) (0 -112 424 ) (352 -112 424 ) (352 -144 424 ) 
4 396 428 (0 -112 424 ) (0 -104 424 ) (352 -104 424 ) (352 -112 424 ) 
4 396 421 (0 -104 424 ) (0 0 424 ) (352 0 424 ) (352 -104 424 ) 
4 396 397 (351.997223 -1024 424 ) (351.997192 -144 424 ) (400 -103.997902 480.002930 ) (400 -1024 480.002930 ) 
4 397 551 (352 -1024 424 ) (360 -1024 424 ) (400 -1024 472 ) (400 -1024 480 ) 
4 397 436 (352 -256 424 ) (352 -240 424 ) (360 -240 424 ) (360 -256 424 ) 
4 397 433 (352 -240 424 ) (352 -144 424 ) (360 -144 424 ) (360 -240 424 ) 
4 397 437 (360 -1024 424 ) (352 -1024 424 ) (352 -256 424 ) (360 -256 424 ) 
4 397 401 (360 -1024 424 ) (360 -144 424 ) (400 -109.714005 472 ) (400 -1024 472 ) 
4 398 426 (400 -104 424 ) (400 -136 424 ) (384 -136 424 ) (384 -104 424 ) 
4 398 419 (400 -96 424 ) (400 -104 424 ) (384 -104 424 ) (384 -96 424 ) 
4 398 417 (384 0 424 ) (400 0 424 ) (400 -96 424 ) (384 -96 424 ) 
4 398 400 (384 -130.660294 432 ) (384 -116.796875 452.800781 ) (384 -104 452.800781 ) (384 -104 432 ) 
4 398 399 (384 0 424 ) (384 -104 424 ) (384 -104 452.800781 ) (384 0 452.800781 ) 
4 399 419 (360 -104 424 ) (360 -96 424 ) (384 -96 424 ) (384 -104 424 ) 
4 399 417 (360 -96 424 ) (360 0 424 ) (384 0 424 ) (384 -96 424 ) 
3 399 400 (384 -104 432 ) (384 -104 452.800781 ) (366.666260 -104 432 ) 
3 401 551 (360 -1024 424 ) (400 -1024 424 ) (400 -1024 472 ) 
4 401 436 (360 -256 424 ) (360 -240 424 ) (400 -240 424 ) (400 -256 424 ) 
4 401 433 (360 -240 424 ) (360 -144 424 ) (400 -144 424 ) (400 -240 424 ) 
4 401 437 (400 -1024 424 ) (360 -1024 424 ) (360 -256 424 ) (400 -256 424 ) 
4 402 551 (1024 -1024 360 ) (1024 -1024 424 ) (912 -1024 424 ) (912 -1024 360 ) 
4 402 456 (1024 -224 360 ) (1024 -1024 360 ) (912 -1024 360 ) (912 -224 360 ) 
4 402 439 (1024 0 360 ) (1024 -224 360 ) (912 -224 360 ) (912 0 360 ) 
4 402 403 (912 -80 360 ) (912 -224 360 ) (912 -224 424 ) (912 -80 424 ) 
4 402 407 (912 -224 360 ) (912 -1024 360 ) (912 -1024 424 ) (912 -224 424 ) 
4 403 447 (912 -152 360 ) (912 -224 360 ) (904 -224 360 ) (904 -144 360 ) 
3 403 446 (912 -80 360 ) (912 -88 360 ) (908 -84 360 ) 
5 403 443 (912 -88 360 ) (912 -152 360 ) (904 -144 360 ) (904 -88 360 ) (908 -84 360 ) 
4 403 404 (904 -88 360 ) (904 -224 360 ) (904 -224 424 ) (904 -88 424 ) 
4 403 407 (904 -224 360 ) (912 -224 360 ) (912 -224 424 ) (904 -224 424 ) 
5 404 447 (904 -144 360 ) (904 -224 360 ) (848 -224 360 ) (848 -144 360 ) (876 -116 360 ) 
3 404 443 (904 -88 360 ) (904 -144 360 ) (876 -116 360 ) 
4 404 407 (848 -224 360 ) (904 -224 360 ) (904 -224 424 ) (848 -224 424 ) 
4 405 448 (904 -65 360 ) (904 -72 360 ) (848 -128 360 ) (848 -65 360 ) 
4 405 442 (848 0 360 ) (904 0 360 ) (904 -65 360 ) (848 -65 360 ) 
4 405 406 (848 0 360 ) (848 -128 360 ) (848 -128 424 ) (848 0 424 ) 
4 406 448 (840 -136 360 ) (840 -65 360 ) (848 -65 360 ) (848 -128 360 ) 
4 406 442 (840 -65 360 ) (840 0 360 ) (848 0 360 ) (848 -65 360 ) 
4 406 412 (840 -104 360 ) (840 -136 360 ) (840 -136 424 ) (840 -104 424 ) 
4 406 410 (840 0 360 ) (840 -104 360 ) (840 -104 400 ) (840 0 400 ) 
4 406 408 (840 -104 400 ) (840 -104 424 ) (840 0 424 ) (840 0 400 ) 
4 407 551 (912 -1024 424 ) (840 -1024 424 ) (840 -1024 360 ) (912 -1024 360 ) 
4 407 457 (848 -1024 360 ) (840 -1024 360 ) (840 -224 360 ) (848 -224 360 ) 
4 407 456 (912 -1024 360 ) (848 -1024 360 ) (848 -224 360 ) (912 -224 360 ) 
4 407 413 (840 -224 360 ) (840 -1024 360 ) (840 -1024 424 ) (840 -224 424 ) 
4 408 412 (688 -104 400 ) (840 -104 400 ) (840 -104 424 ) (688 -104 424 ) 
4 408 410 (840 -104 400 ) (688 -104 400 ) (688 0 400 ) (840 0 400 ) 
4 408 409 (688 -104 408 ) (688 -104 424 ) (688 0 424 ) (688 0 408 ) 
4 409 414 (632 -96 424 ) (632 0 424 ) (632 0 408 ) (632 -96 408 ) 
4 409 412 (632 -104 424 ) (632 -104 408 ) (688 -104 408 ) (688 -104 424 ) 
4 410 449 (688 0 360 ) (840 0 360 ) (840 -104 360 ) (688 -104 360 ) 
4 410 412 (688 -104 360 ) (840 -104 360 ) (840 -104 400 ) (688 -104 400 ) 
4 411 451 (632 -96 360 ) (632 0 360 ) (680 0 360 ) (680 -96 360 ) 
4 411 415 (632 0 360 ) (632 -96 360 ) (632 -96 400 ) (632 0 400 ) 
4 412 452 (632 -216 360 ) (632 -104 360 ) (680 -104 360 ) (680 -216 360 ) 
4 412 450 (680 -104 360 ) (688 -104 360 ) (688 -216 360 ) (680 -216 360 ) 
4 412 449 (688 -104 360 ) (840 -104 360 ) (840 -216 360 ) (688 -216 360 ) 
4 413 551 (840 -1024 424 ) (632 -1024 424 ) (632 -1024 360 ) (840 -1024 360 ) 
4 413 457 (840 -1024 360 ) (632 -1024 360 ) (632 -224 360 ) (840 -224 360 ) 
5 413 416 (632 -256 360 ) (632 -1024 360 ) (632 -1024 424 ) (632 -224 424 ) (632 -224 364.571014 ) 
4 414 417 (624 -96 408 ) (624 -96 424 ) (624 0 424 ) (624 0 408 ) 
4 415 461 (624 -96 360 ) (624 0 360 ) (632 0 360 ) (632 -96 360 ) 
4 415 418 (624 0 360 ) (624 -96 360 ) (624 -96 400 ) (624 0 400 ) 
4 416 551 (632 -1024 424 ) (624 -1024 424 ) (624 -1024 360 ) (632 -1024 360 ) 
4 416 484 (632 -1024 360 ) (624 -1024 360 ) (624 -256 360 ) (632 -256 360 ) 
4 416 436 (624 -256 368 ) (624 -256 424 ) (624 -240 424 ) (624 -240 370.285736 ) 
4 416 433 (624 -240 424 ) (624 -224 424 ) (624 -224 372.571442 ) (624 -240 370.285736 ) 
4 416 437 (624 -256 360 ) (624 -1024 360 ) (624 -1024 424 ) (624 -256 424 ) 
4 417 419 (360 -96 424 ) (360 -96 408 ) (504 -96 408 ) (504 -96 424 ) 
4 418 461 (360 0 360 ) (624 0 360 ) (624 -96 360 ) (360 -96 360 ) 
4 418 420 (360 -96 400 ) (360 -96 360 ) (504 -96 360 ) (504 -96 400 ) 
4 419 426 (504 -104 424 ) (384 -104 424 ) (384 -104 408 ) (504 -104 408 ) 
4 420 462 (504 -104 360 ) (360 -104 360 ) (360 -96 360 ) (504 -96 360 ) 
4 420 427 (384 -104 360 ) (504 -104 360 ) (504 -104 400 ) (384 -104 400 ) 
4 421 808 (0 0 400 ) (0 0 360 ) (0 -104 360 ) (0 -104 400 ) 
4 421 806 (0 -104 424 ) (0 0 424 ) (0 0 400 ) (0 -104 400 ) 
4 421 493 (0 -104 360 ) (0 0 360 ) (352 0 360 ) (352 -104 360 ) 
4 421 428 (0 -104 360 ) (352 -104 360 ) (352 -104 424 ) (0 -104 424 ) 
4 422 424 (624 -136 408 ) (624 -136 424 ) (512 -136 424 ) (512 -136 408 ) 
4 423 424 (512 -136 384 ) (624 -136 384 ) (624 -136 400 ) (512 -136 400 ) 
4 424 433 (624 -144 384 ) (624 -144 424 ) (512 -144 424 ) (512 -144 384 ) 
4 425 466 (512 -104 360 ) (624 -104 360 ) (624 -144 360 ) (512 -144 360 ) 
4 425 434 (512 -144 360 ) (624 -144 360 ) (624 -144 376 ) (512 -144 376 ) 
4 427 475 (384 -104 360 ) (408 -104 360 ) (408 -136 360 ) (384 -136 360 ) 
4 427 470 (408 -104 360 ) (480 -104 360 ) (480 -136 360 ) (408 -136 360 ) 
4 427 468 (480 -104 360 ) (504 -104 360 ) (504 -136 360 ) (480 -136 360 ) 
4 428 808 (0 -104 400 ) (0 -104 360 ) (0 -112 360 ) (0 -112 400 ) 
4 428 806 (0 -112 424 ) (0 -104 424 ) (0 -104 400 ) (0 -112 400 ) 
4 428 493 (0 -112 360 ) (0 -104 360 ) (352 -104 360 ) (352 -112 360 ) 
4 428 432 (0 -112 360 ) (352 -112 360 ) (352 -112 376 ) (0 -112 376 ) 
4 428 430 (352 -112 376 ) (352 -112 424 ) (0 -112 424 ) (0 -112 376 ) 
4 429 433 (376 -144 384 ) (376 -144 424 ) (352 -144 424 ) (352 -144 384 ) 
4 429 430 (352 -112 424 ) (352 -112 384 ) (352 -144 384 ) (352 -144 424 ) 
4 430 808 (0 -112 400 ) (0 -112 376 ) (0 -144 376 ) (0 -144 400 ) 
4 430 806 (0 -144 424 ) (0 -112 424 ) (0 -112 400 ) (0 -144 400 ) 
4 430 438 (352 -144 424 ) (0 -144 424 ) (0 -144 376 ) (352 -144 376 ) 
4 430 432 (0 -112 376 ) (352 -112 376 ) (352 -144 376 ) (0 -144 376 ) 
4 431 478 (360 -112 360 ) (376 -112 360 ) (376 -144 360 ) (360 -144 360 ) 
4 431 434 (360 -144 360 ) (376 -144 360 ) (376 -144 376 ) (360 -144 376 ) 
4 432 808 (0 -112 376 ) (0 -112 360 ) (0 -144 360 ) (0 -144 376 ) 
4 432 493 (0 -144 360 ) (0 -112 360 ) (352 -112 360 ) (352 -144 360 ) 
4 432 438 (0 -144 360 ) (352 -144 360 ) (352 -144 376 ) (0 -144 376 ) 
4 433 436 (352 -240 424 ) (352 -240 370.285706 ) (624 -240 370.285706 ) (624 -240 424 ) 
4 433 438 (352 -144 424 ) (352 -144 384 ) (352 -240 370.285706 ) (352 -240 424 ) 
4 434 482 (376 -240 360 ) (360 -240 360 ) (360 -200 360 ) (376 -200 360 ) 
4 434 480 (608 -240 360 ) (376 -240 360 ) (376 -200 360 ) (608 -200 360 ) 
4 434 479 (624 -200 360 ) (624 -240 360 ) (608 -240 360 ) (608 -200 360 ) 
4 434 478 (360 -144 360 ) (376 -144 360 ) (376 -200 360 ) (360 -200 360 ) 
4 434 477 (376 -144 360 ) (384 -144 360 ) (384 -200 360 ) (376 -200 360 ) 
4 434 476 (384 -144 360 ) (408 -144 360 ) (408 -200 360 ) (384 -200 360 ) 
4 434 474 (408 -144 360 ) (480 -144 360 ) (480 -200 360 ) (408 -200 360 ) 
4 434 469 (480 -144 360 ) (504 -144 360 ) (504 -200 360 ) (480 -200 360 ) 
4 434 467 (504 -144 360 ) (512 -144 360 ) (512 -200 360 ) (504 -200 360 ) 
4 434 466 (512 -144 360 ) (624 -144 360 ) (624 -200 360 ) (512 -200 360 ) 
4 434 435 (360 -240 360 ) (624 -240 360 ) (624 -240 362.285706 ) (360 -240 362.285706 ) 
4 435 482 (360 -240 360 ) (376 -240 360 ) (376 -248 360 ) (360 -248 360 ) 
4 435 480 (376 -240 360 ) (608 -240 360 ) (608 -248 360 ) (376 -248 360 ) 
4 435 479 (608 -240 360 ) (624 -240 360 ) (624 -248 360 ) (608 -248 360 ) 
4 436 437 (352 -256 424 ) (352 -256 368 ) (624 -256 368 ) (624 -256 424 ) 
4 436 438 (352 -256 368 ) (352 -256 424 ) (352 -240 424 ) (352 -240 370.285736 ) 
4 437 551 (624 -1024 424 ) (352 -1024 424 ) (352 -1024 360 ) (624 -1024 360 ) 
4 437 492 (360 -1024 360 ) (352 -1024 360 ) (352 -256 360 ) (360 -256 360 ) 
4 437 484 (624 -1024 360 ) (360 -1024 360 ) (360 -256 360 ) (624 -256 360 ) 
4 437 438 (352 -256 360 ) (352 -1024 360 ) (352 -1024 424 ) (352 -256 424 ) 
4 438 817 (0 -1024 360 ) (0 -1024 424 ) (0 -240 424 ) (0 -240 360 ) 
4 438 815 (0 -240 424 ) (0 -232 424 ) (0 -232 360 ) (0 -240 360 ) 
4 438 808 (0 -144 400 ) (0 -144 360 ) (0 -232 360 ) (0 -232 400 ) 
4 438 806 (0 -232 424 ) (0 -144 424 ) (0 -144 400 ) (0 -232 400 ) 
4 438 551 (352 -1024 424 ) (0 -1024 424 ) (0 -1024 360 ) (352 -1024 360 ) 
4 438 493 (352 -1024 360 ) (0 -1024 360 ) (0 -144 360 ) (352 -144 360 ) 
4 439 494 (1024 0 224 ) (1024 -224 224 ) (912 -224 224 ) (912 0 224 ) 
4 439 456 (912 -224 224 ) (1024 -224 224 ) (1024 -224 360 ) (912 -224 360 ) 
4 439 447 (912 -152 224 ) (912 -224 224 ) (912 -224 360 ) (912 -152 360 ) 
4 439 446 (912 -80 224 ) (912 -88 224 ) (912 -88 360 ) (912 -80 360 ) 
4 439 445 (912 -88 224 ) (912 -152 224 ) (912 -152 264 ) (912 -88 264 ) 
4 439 444 (912 -152 264 ) (912 -152 352 ) (912 -88 352 ) (912 -88 264 ) 
4 439 443 (912 -152 352 ) (912 -152 360 ) (912 -88 360 ) (912 -88 352 ) 
4 439 440 (912 -13 352 ) (912 0 352 ) (912 0 264 ) (912 -13 264 ) 
4 439 441 (912 -65 264 ) (912 -65 352 ) (912 -19 352 ) (912 -19 264 ) 
4 440 442 (904 -13 352 ) (904 0 352 ) (904 0 264 ) (904 -13 264 ) 
4 441 442 (904 -65 264 ) (904 -65 352 ) (904 -19 352 ) (904 -19 264 ) 
4 442 449 (840 -65 232 ) (840 -65 360 ) (840 0 360 ) (840 0 232 ) 
4 442 448 (840 -65 360 ) (840 -65 232 ) (904 -65 232 ) (904 -65 360 ) 
4 443 447 (876 -116 352 ) (912 -152 352 ) (912 -152 360 ) (876 -116 360 ) 
4 443 446 (912 -88 360 ) (912 -88 352 ) (908 -84 352 ) (908 -84 360 ) 
4 443 444 (912 -152 352 ) (876 -116 352 ) (908 -84 352 ) (912 -88 352 ) 
4 444 448 (868 -108 264 ) (868 -108 352 ) (900 -76 352 ) (900 -76 264 ) 
4 444 447 (876 -116 264 ) (912 -152 264 ) (912 -152 352 ) (876 -116 352 ) 
4 444 446 (912 -88 352 ) (912 -88 264 ) (908 -84 264 ) (908 -84 352 ) 
4 444 445 (912 -152 264 ) (876 -116 264 ) (908 -84 264 ) (912 -88 264 ) 
4 445 498 (908 -84 224 ) (912 -88 224 ) (912 -152 224 ) (876 -116 224 ) 
4 445 447 (876 -116 224 ) (912 -152 224 ) (912 -152 264 ) (876 -116 264 ) 
4 445 446 (912 -88 264 ) (912 -88 224 ) (908 -84 224 ) (908 -84 264 ) 
3 446 503 (912 -80 224 ) (912 -88 224 ) (908 -84 224 ) 
5 447 524 (912 -224 224 ) (848 -224 224 ) (848 -144 224 ) (876 -116 224 ) (912 -152 224 ) 
4 447 456 (848 -224 224 ) (912 -224 224 ) (912 -224 360 ) (848 -224 360 ) 
4 448 449 (840 -136 232 ) (840 -136 360 ) (840 -65 360 ) (840 -65 232 ) 
4 449 454 (804 -216 352 ) (756 -216 352 ) (756 -216 264 ) (804 -216 264 ) 
4 449 455 (716 -216 352 ) (688 -216 352 ) (688 -216 264 ) (716 -216 264 ) 
4 449 450 (688 -104 232 ) (688 -216 232 ) (688 -216 360 ) (688 -104 360 ) 
4 450 455 (688 -216 264 ) (688 -216 352 ) (680 -216 352 ) (680 -216 264 ) 
4 450 452 (680 -104 232 ) (680 -216 232 ) (680 -216 360 ) (680 -104 360 ) 
4 451 461 (632 -96 360 ) (632 0 360 ) (632 0 232 ) (632 -96 232 ) 
4 451 453 (632 -88 232 ) (632 0 232 ) (672 0 232 ) (672 -88 232 ) 
4 452 463 (632 -128 352 ) (632 -128 232 ) (632 -200 232 ) (632 -200 352 ) 
4 452 455 (668 -216 264 ) (680 -216 264 ) (680 -216 352 ) (668 -216 352 ) 
4 453 508 (632 -88 224 ) (632 -8 224 ) (672 -8 224 ) (672 -88 224 ) 
4 453 506 (632 -8 224 ) (632 0 224 ) (672 0 224 ) (672 -8 224 ) 
4 453 486 (632 -8 224 ) (632 -88 224 ) (632 -88 232 ) (632 -8 232 ) 
4 453 485 (632 0 224 ) (632 -8 224 ) (632 -8 232 ) (632 0 232 ) 
4 454 457 (756 -224 264 ) (804 -224 264 ) (804 -224 352 ) (756 -224 352 ) 
4 455 457 (668 -224 264 ) (716 -224 264 ) (716 -224 352 ) (668 -224 352 ) 
4 456 551 (1024 -1024 224 ) (1024 -1024 360 ) (848 -1024 360 ) (848 -1024 224 ) 
4 456 541 (848 -336 224 ) (848 -296 224 ) (912 -296 224 ) (912 -336 224 ) 
4 456 544 (912 -1024 224 ) (848 -1024 224 ) (848 -336 224 ) (912 -336 224 ) 
4 456 540 (848 -296 224 ) (848 -288 224 ) (912 -288 224 ) (912 -296 224 ) 
4 456 524 (848 -288 224 ) (848 -224 224 ) (912 -224 224 ) (912 -288 224 ) 
4 456 494 (1024 -224 224 ) (1024 -1024 224 ) (912 -1024 224 ) (912 -224 224 ) 
4 456 460 (848 -316 224 ) (848 -1024 224 ) (848 -1024 240 ) (848 -276 240 ) 
4 456 458 (848 -276 240 ) (848 -1024 240 ) (848 -1024 248 ) (848 -256 248 ) 
4 456 457 (848 -224 360 ) (848 -224 248 ) (848 -1024 248 ) (848 -1024 360 ) 
4 457 551 (848 -1024 360 ) (632 -1024 360 ) (632 -1024 248 ) (848 -1024 248 ) 
4 457 484 (632 -1024 248 ) (632 -1024 360 ) (632 -256 360 ) (632 -256 248 ) 
4 457 458 (632 -1024 248 ) (632 -256 248 ) (848 -256 248 ) (848 -1024 248 ) 
4 458 551 (632 -1024 248 ) (632 -1024 240 ) (848 -1024 240 ) (848 -1024 248 ) 
4 458 484 (632 -1024 240 ) (632 -1024 248 ) (632 -256 248 ) (632 -276 240 ) 
4 458 460 (632 -1024 240 ) (632 -276 240 ) (848 -276 240 ) (848 -1024 240 ) 
4 459 535 (632 -288 224 ) (632 -224 224 ) (640 -224 224 ) (640 -288 224 ) 
4 459 527 (648 -224 224 ) (840 -224 224 ) (840 -288 224 ) (648 -288 224 ) 
4 459 488 (632 -256 224 ) (632 -296 224 ) (632 -276 232 ) (632 -256 232 ) 
3 459 483 (632 -276 232 ) (632 -256 240 ) (632 -256 232 ) 
4 460 551 (632 -1024 240 ) (632 -1024 224 ) (848 -1024 224 ) (848 -1024 240 ) 
4 460 543 (632 -336 224 ) (632 -316 224 ) (848 -316 224 ) (848 -336 224 ) 
4 460 544 (848 -1024 224 ) (632 -1024 224 ) (632 -336 224 ) (848 -336 224 ) 
4 460 489 (632 -316 224 ) (632 -1024 224 ) (632 -1024 232 ) (632 -296 232 ) 
4 460 484 (632 -1024 232 ) (632 -1024 240 ) (632 -276 240 ) (632 -296 232 ) 
4 461 490 (360 -4 264 ) (360 -52 264 ) (360 -52 352 ) (360 -4 352 ) 
4 461 486 (528 -8 232 ) (632 -8 232 ) (632 -88 232 ) (528 -88 232 ) 
4 461 485 (592 0 232 ) (632 0 232 ) (632 -8 232 ) (592 -8 232 ) 
4 461 462 (360 -96 360 ) (360 -96 232 ) (504 -96 232 ) (504 -96 360 ) 
4 462 475 (384 -104 232 ) (408 -104 232 ) (408 -104 360 ) (384 -104 360 ) 
4 462 470 (408 -104 232 ) (480 -104 232 ) (480 -104 360 ) (408 -104 360 ) 
4 462 468 (480 -104 232 ) (504 -104 232 ) (504 -104 360 ) (480 -104 360 ) 
4 463 464 (630 -136 232 ) (630 -192 232 ) (630 -192 344.010010 ) (630 -136 344.010010 ) 
4 464 465 (626 -136 232 ) (626 -192 232 ) (626 -192 344.010010 ) (626 -136 344.010010 ) 
4 465 466 (624 -128 232 ) (624 -200 232 ) (624 -200 352 ) (624 -128 352 ) 
4 466 480 (512 -200 232 ) (608 -200 232 ) (608 -200 360 ) (512 -200 360 ) 
4 466 479 (608 -200 232 ) (624 -200 232 ) (624 -200 360 ) (608 -200 360 ) 
4 466 467 (512 -144 232 ) (512 -200 232 ) (512 -200 360 ) (512 -144 360 ) 
4 467 480 (504 -200 232 ) (512 -200 232 ) (512 -200 360 ) (504 -200 360 ) 
4 467 469 (504 -144 232 ) (504 -200 232 ) (504 -200 360 ) (504 -144 360 ) 
4 468 470 (480 -104 360 ) (480 -104 232 ) (480 -136 232 ) (480 -136 360 ) 
4 469 480 (480 -200 232 ) (504 -200 232 ) (504 -200 360 ) (480 -200 360 ) 
4 469 474 (480 -144 232 ) (480 -200 232 ) (480 -200 360 ) (480 -144 360 ) 
4 470 475 (408 -104 360 ) (408 -104 232 ) (408 -136 232 ) (408 -136 360 ) 
4 470 471 (408 -136 352 ) (408 -136 232 ) (480 -136 232 ) (480 -136 352 ) 
4 471 472 (416 -138 232 ) (472 -138 232 ) (472 -138 344.010010 ) (416 -138 344.010010 ) 
4 472 473 (416 -142 232 ) (472 -142 232 ) (472 -142 344.010010 ) (416 -142 344.010010 ) 
4 473 474 (408 -144 352 ) (408 -144 232 ) (480 -144 232 ) (480 -144 352 ) 
4 474 480 (408 -200 232 ) (480 -200 232 ) (480 -200 360 ) (408 -200 360 ) 
4 474 476 (408 -144 232 ) (408 -200 232 ) (408 -200 360 ) (408 -144 360 ) 
4 476 480 (384 -200 232 ) (408 -200 232 ) (408 -200 360 ) (384 -200 360 ) 
4 476 477 (384 -144 232 ) (384 -200 232 ) (384 -200 360 ) (384 -144 360 ) 
4 477 480 (376 -200 232 ) (384 -200 232 ) (384 -200 360 ) (376 -200 360 ) 
4 477 478 (376 -144 232 ) (376 -200 232 ) (376 -200 360 ) (376 -144 360 ) 
4 478 491 (360 -144 352 ) (360 -144 264 ) (360 -200 264 ) (360 -200 352 ) 
4 478 482 (360 -200 360 ) (360 -200 232 ) (376 -200 232 ) (376 -200 360 ) 
4 479 480 (608 -200 360 ) (608 -200 232 ) (608 -248 232 ) (608 -248 360 ) 
4 480 482 (376 -200 360 ) (376 -200 232 ) (376 -248 232 ) (376 -248 360 ) 
4 480 481 (376 -248 352 ) (376 -248 264 ) (608 -248 264 ) (608 -248 352 ) 
4 481 484 (608 -256 264 ) (608 -256 352 ) (376 -256 352 ) (376 -256 264 ) 
4 482 491 (360 -200 352 ) (360 -200 264 ) (360 -240 264 ) (360 -240 352 ) 
4 483 488 (360 -276 232 ) (360 -256 232 ) (632 -256 232 ) (632 -276 232 ) 
4 484 551 (632 -1024 360 ) (360 -1024 360 ) (360 -1024 232 ) (632 -1024 232 ) 
5 484 492 (360 -1024 232 ) (360 -1024 360 ) (360 -256 360 ) (360 -256 248 ) (360 -296 232 ) 
4 484 489 (360 -1024 232 ) (360 -296 232 ) (632 -296 232 ) (632 -1024 232 ) 
4 485 506 (592 0 224 ) (632 0 224 ) (632 -8 224 ) (592 -8 224 ) 
4 485 486 (632 -8 224 ) (632 -8 232 ) (592 -8 232 ) (592 -8 224 ) 
4 486 518 (528 -8 224 ) (544 -8 224 ) (544 -88 224 ) (528 -88 224 ) 
4 486 516 (544 -8 224 ) (560 -8 224 ) (560 -88 224 ) (544 -88 224 ) 
4 486 514 (560 -8 224 ) (576 -8 224 ) (576 -88 224 ) (560 -88 224 ) 
4 486 512 (576 -8 224 ) (592 -8 224 ) (592 -88 224 ) (576 -88 224 ) 
4 486 508 (592 -8 224 ) (632 -8 224 ) (632 -88 224 ) (592 -88 224 ) 
4 487 535 (632 -216 224 ) (632 -224 224 ) (624 -224 224 ) (624 -216 224 ) 
4 488 535 (360 -288 224 ) (360 -256 224 ) (632 -256 224 ) (632 -288 224 ) 
4 489 551 (360 -1024 232 ) (360 -1024 224 ) (632 -1024 224 ) (632 -1024 232 ) 
4 489 543 (360 -336 224 ) (360 -316 224 ) (632 -316 224 ) (632 -336 224 ) 
4 489 544 (632 -1024 224 ) (360 -1024 224 ) (360 -336 224 ) (632 -336 224 ) 
4 489 492 (360 -316 224 ) (360 -1024 224 ) (360 -1024 232 ) (360 -296 232 ) 
4 490 493 (352 -52 352 ) (352 -4 352 ) (352 -4 264 ) (352 -52 264 ) 
4 491 493 (352 -240 264 ) (352 -240 352 ) (352 -144 352 ) (352 -144 264 ) 
4 492 551 (360 -1024 360 ) (352 -1024 360 ) (352 -1024 224 ) (360 -1024 224 ) 
4 492 543 (352 -336 224 ) (352 -316 224 ) (360 -316 224 ) (360 -336 224 ) 
4 492 544 (360 -1024 224 ) (352 -1024 224 ) (352 -336 224 ) (360 -336 224 ) 
5 492 493 (352 -316 224 ) (352 -1024 224 ) (352 -1024 360 ) (352 -256 360 ) (352 -256 248 ) 
4 493 874 (0 -472 360 ) (0 -464 360 ) (0 -464 224 ) (0 -472 224 ) 
4 493 877 (0 -1024 224 ) (0 -1024 360 ) (0 -472 360 ) (0 -472 224 ) 
4 493 870 (0 -240 232 ) (0 -240 224 ) (0 -464 224 ) (0 -464 232 ) 
4 493 856 (0 -464 360 ) (0 -240 360 ) (0 -240 232 ) (0 -464 232 ) 
4 493 821 (0 -240 360 ) (0 0 360 ) (0 0 224 ) (0 -240 224 ) 
4 493 551 (352 -1024 360 ) (0 -1024 360 ) (0 -1024 224 ) (352 -1024 224 ) 
4 493 545 (352 -1024 224 ) (0 -1024 224 ) (0 0 224 ) (352 0 224 ) 
4 494 551 (1024 -1024 96 ) (1024 -1024 224 ) (912 -1024 224 ) (912 -1024 96 ) 
4 494 546 (1024 -1024 96 ) (912 -1024 96 ) (912 -768 96 ) (1024 -768 96 ) 
4 494 541 (912 -296 96 ) (912 -336 96 ) (912 -336 224 ) (912 -296 224 ) 
4 494 544 (912 -336 96 ) (912 -1024 96 ) (912 -1024 224 ) (912 -336 224 ) 
4 494 540 (912 -288 96 ) (912 -296 96 ) (912 -296 224 ) (912 -288 224 ) 
4 494 524 (912 -152 96 ) (912 -288 96 ) (912 -288 224 ) (912 -152 224 ) 
4 494 503 (912 -80 96 ) (912 -88 96 ) (912 -88 224 ) (912 -80 224 ) 
4 494 501 (912 -88 96 ) (912 -152 96 ) (912 -152 128 ) (912 -88 128 ) 
4 494 500 (912 -152 128 ) (912 -152 216 ) (912 -88 216 ) (912 -88 128 ) 
4 494 498 (912 -152 216 ) (912 -152 224 ) (912 -88 224 ) (912 -88 216 ) 
4 494 495 (912 -13 216 ) (912 0 216 ) (912 0 128 ) (912 -13 128 ) 
4 494 496 (912 -65 128 ) (912 -65 216 ) (912 -19 216 ) (912 -19 128 ) 
4 495 497 (904 -13 216 ) (904 0 216 ) (904 0 128 ) (904 -13 128 ) 
4 496 497 (904 -65 128 ) (904 -65 216 ) (904 -19 216 ) (904 -19 128 ) 
4 497 505 (760 0 96 ) (825 -65 96 ) (825 -65 224 ) (760 0 224 ) 
4 497 504 (889 -65 96 ) (904 -65 96 ) (904 -65 224 ) (889 -65 224 ) 
4 497 502 (824.998047 -65 128 ) (824.998047 -65 96 ) (889 -65 96 ) (889 -65 128 ) 
4 497 500 (824.998047 -65 216 ) (824.998047 -65 128 ) (889 -65 128 ) (889 -65 216 ) 
4 497 499 (824.998047 -65 224 ) (824.998047 -65 216 ) (889 -65 216 ) (889 -65 224 ) 
4 498 524 (912 -152 216 ) (912 -152 224 ) (876 -116 224 ) (876 -116 216 ) 
4 498 503 (912 -88 224 ) (912 -88 216 ) (908 -84 216 ) (908 -84 224 ) 
4 498 500 (912 -152.003906 216 ) (875.998108 -116.001999 216 ) (907.998108 -84.001999 216 ) (912 -88.003906 216 ) 
4 499 525 (868 -108 224 ) (864 -104 224 ) (864 -104 216 ) (868 -108 216 ) 
4 499 523 (864 -104 224 ) (856 -96 224 ) (856 -96 216 ) (864 -104 216 ) 
4 499 505 (856 -96 224 ) (825 -65 224 ) (825 -65 216 ) (856 -96 216 ) 
4 499 504 (900 -76 216 ) (889 -65 216 ) (889 -65 224 ) (900 -76 224 ) 
4 499 500 (867.998047 -108.001953 216 ) (824.996094 -65 216 ) (888.996094 -65 216 ) (899.998047 -76.001961 216 ) 
4 500 525 (868 -108 216 ) (864 -104 216 ) (864 -104 128 ) (868 -108 128 ) 
4 500 524 (912 -152 128 ) (912 -152 216 ) (876 -116 216 ) (876 -116 128 ) 
4 500 523 (864 -104 216 ) (856 -96 216 ) (856 -96 128 ) (864 -104 128 ) 
4 500 505 (856 -96 216 ) (825 -65 216 ) (825 -65 128 ) (856 -96 128 ) 
4 500 504 (900 -76 128 ) (889 -65 128 ) (889 -65 216 ) (900 -76 216 ) 
4 500 503 (912 -88 216 ) (912 -88 128 ) (908 -84 128 ) (908 -84 216 ) 
4 500 502 (867.998047 -108.001953 128 ) (824.996094 -65 128 ) (888.996094 -65 128 ) (899.998047 -76.001961 128 ) 
4 500 501 (912 -152.003906 128 ) (875.998108 -116.001999 128 ) (907.998108 -84.001999 128 ) (912 -88.003906 128 ) 
4 501 524 (876 -116 96 ) (912 -152 96 ) (912 -152 128 ) (876 -116 128 ) 
4 501 503 (912 -88 128 ) (912 -88 96 ) (908 -84 96 ) (908 -84 128 ) 
4 502 525 (864 -104 96 ) (868 -108 96 ) (868 -108 128 ) (864 -104 128 ) 
4 502 523 (856 -96 96 ) (864 -104 96 ) (864 -104 128 ) (856 -96 128 ) 
4 502 505 (825 -65 96 ) (856 -96 96 ) (856 -96 128 ) (825 -65 128 ) 
4 502 504 (900 -76 96 ) (889 -65 96 ) (889 -65 128 ) (900 -76 128 ) 
4 505 523 (688 -96 96 ) (856.001953 -96 96 ) (856.001953 -96 224 ) (688 -96 224 ) 
4 506 508 (592 -8 224 ) (592 -8 192 ) (680 -8 192 ) (680 -8 224 ) 
4 507 509 (592 -8 160 ) (592 -8 96 ) (680 -8 96 ) (680 -8 160 ) 
4 508 512 (592 -96 176 ) (592 -96 224 ) (592 -8 224 ) (592 -8 176 ) 
4 509 513 (592 -8 96 ) (592 -96 96 ) (592 -96 144 ) (592 -8 144 ) 
4 510 519 (392 -8 96 ) (528 -8 96 ) (528 -8 224 ) (392 -8 224 ) 
4 511 539 (360 0 96 ) (360 -8 96 ) (360 -8 128 ) (360 0 128 ) 
4 511 537 (360 -8 128 ) (360 -8 216 ) (360 0 216 ) (360 0 128 ) 
4 511 536 (360 -8 216 ) (360 -8 224 ) (360 0 224 ) (360 0 216 ) 
4 511 521 (360 -8 224 ) (360 -8 96 ) (384 -8 96 ) (384 -8 224 ) 
4 512 514 (576 -8 224 ) (576 -8 160 ) (576 -96 160 ) (576 -96 224 ) 
4 513 515 (576 -8 128 ) (576 -8 96 ) (576 -96 96 ) (576 -96 128 ) 
4 514 516 (560 -8 224 ) (560 -8 144 ) (560 -96 144 ) (560 -96 224 ) 
4 515 517 (560 -8 112 ) (560 -8 96 ) (560 -96 96 ) (560 -96 112 ) 
4 516 518 (544 -8 224 ) (544 -8 128 ) (544 -96 128 ) (544 -96 224 ) 
4 518 519 (528 -8 224 ) (528 -8 112 ) (528 -96 112 ) (528 -96 224 ) 
4 519 528 (392 -96 96 ) (504 -96 96 ) (504 -96 224 ) (392 -96 224 ) 
4 519 520 (392 -24 96 ) (392 -96 96 ) (392 -96 224 ) (392 -24 224 ) 
4 520 528 (384 -96 96 ) (392 -96 96 ) (392 -96 224 ) (384 -96 224 ) 
4 520 522 (384 -24 96 ) (384 -96 96 ) (384 -96 224 ) (384 -24 224 ) 
4 521 539 (360 -8 96 ) (360 -16 96 ) (360 -16 128 ) (360 -8 128 ) 
4 521 537 (360 -16 128 ) (360 -16 216 ) (360 -8 216 ) (360 -8 128 ) 
4 521 536 (360 -16 216 ) (360 -16 224 ) (360 -8 224 ) (360 -8 216 ) 
4 522 538 (360 -88 216 ) (360 -40 216 ) (360 -40 128 ) (360 -88 128 ) 
4 522 528 (360 -96 224 ) (360 -96 96 ) (384 -96 96 ) (384 -96 224 ) 
4 523 526 (840 -104 96 ) (848 -104 96 ) (848 -104 224 ) (840 -104 224 ) 
4 523 525 (848 -104 96 ) (864 -104 96 ) (864 -104 224 ) (848 -104 224 ) 
4 523 527 (688 -104 96 ) (840 -104 96 ) (840 -104 224 ) (688 -104 224 ) 
4 524 540 (848 -288 96 ) (912 -288 96 ) (912 -288 224 ) (848 -288 224 ) 
4 525 526 (848 -104 224 ) (848 -104 96 ) (848 -128 96 ) (848 -128 224 ) 
4 526 527 (840 -104 224 ) (840 -104 96 ) (840 -136 96 ) (840 -136 224 ) 
4 527 534 (648 -280 136 ) (648 -280 200 ) (648 -192 200 ) (648 -192 136 ) 
4 527 531 (648 -112 96 ) (648 -184 96 ) (648 -184 216 ) (648 -112 216 ) 
4 528 529 (360 -104 224 ) (360 -104 96 ) (504 -104 96 ) (504 -104 224 ) 
4 529 533 (360 -112 216 ) (360 -112 96 ) (640 -112 96 ) (640 -112 216 ) 
4 529 530 (360 -112 224 ) (360 -112 216 ) (640 -112 216 ) (640 -112 224 ) 
4 530 535 (360 -184 224 ) (360 -184 216 ) (640 -184 216 ) (640 -184 224 ) 
4 530 533 (640 -184 216 ) (360 -184 216 ) (360 -112 216 ) (640 -112 216 ) 
4 531 532 (646 -120 96 ) (646 -176 96 ) (646 -176 208 ) (646 -120 208 ) 
4 532 533 (642 -120 96 ) (642 -176 96 ) (642 -176 208 ) (642 -120 208 ) 
4 533 535 (360 -184 216 ) (360 -184 96 ) (640 -184 96 ) (640 -184 216 ) 
4 534 535 (640 -280 136 ) (640 -280 200 ) (640 -192 200 ) (640 -192 136 ) 
4 536 537 (360 0 216 ) (360 -16 216 ) (352 -16 216 ) (352 0 216 ) 
4 536 545 (352 -16 224 ) (352 0 224 ) (352 0 216 ) (352 -16 216 ) 
4 537 539 (360 0 128 ) (360 -16 128 ) (352 -16 128 ) (352 0 128 ) 
4 537 545 (352 -16 216 ) (352 0 216 ) (352 0 128 ) (352 -16 128 ) 
4 538 545 (352 -88 216 ) (352 -40 216 ) (352 -40 128 ) (352 -88 128 ) 
4 539 545 (352 0 96 ) (352 -16 96 ) (352 -16 128 ) (352 0 128 ) 
4 540 541 (848 -296 96 ) (912 -296 96 ) (912 -296 224 ) (848 -296 224 ) 
3 541 543 (848 -336 216 ) (848 -336 224 ) (848 -316 224 ) 
4 541 542 (848 -296 224 ) (848 -296 96 ) (848 -336 96 ) (848 -336 208 ) 
4 541 544 (848 -336 96 ) (912 -336 96 ) (912 -336 224 ) (848 -336 224 ) 
4 542 545 (352 -296 96 ) (352 -336 96 ) (352 -336 208 ) (352 -296 224 ) 
4 542 544 (352 -336 208 ) (352 -336 96 ) (848 -336 96 ) (848 -336 208 ) 
4 543 544 (352 -336 224 ) (352 -336 216 ) (848 -336 216 ) (848 -336 224 ) 
3 543 545 (352 -336 216 ) (352 -336 224 ) (352 -316 224 ) 
4 544 551 (912 -1024 224 ) (352 -1024 224 ) (352 -1024 96 ) (912 -1024 96 ) 
4 544 546 (912 -1024 96 ) (352 -1024 96 ) (352 -768 96 ) (912 -768 96 ) 
4 544 545 (352 -336 96 ) (352 -1024 96 ) (352 -1024 224 ) (352 -336 224 ) 
4 545 878 (0 -1024 96 ) (0 -1024 224 ) (0 0 224 ) (0 0 96 ) 
4 545 551 (352 -1024 224 ) (0 -1024 224 ) (0 -1024 96 ) (352 -1024 96 ) 
4 545 547 (288 -1024 96 ) (0 -1024 96 ) (0 0 96 ) (288 0 96 ) 
4 545 546 (352 -1024 96 ) (288 -1024 96 ) (288 -768 96 ) (352 -768 96 ) 
4 546 551 (1024 -1024 0 ) (1024 -1024 96 ) (288 -1024 96 ) (288 -1024 0 ) 
4 546 549 (1024 -768 0 ) (1024 -1024 0 ) (288 -1024 0 ) (288 -768 0 ) 
4 546 548 (288 -768 0 ) (288 -1024 0 ) (288 -1024 64 ) (288 -768 64 ) 
4 546 547 (288 -1024 64 ) (288 -1024 96 ) (288 -768 96 ) (288 -768 64 ) 
4 547 954 (0 -768 96 ) (0 -256 96 ) (0 -256 64 ) (0 -768 64 ) 
4 547 955 (0 -1024 64 ) (0 -1024 96 ) (0 -768 96 ) (0 -768 64 ) 
4 547 952 (0 -256 96 ) (0 0 96 ) (0 0 64 ) (0 -256 64 ) 
4 547 551 (288 -1024 96 ) (0 -1024 96 ) (0 -1024 64 ) (288 -1024 64 ) 
4 547 548 (288 -768 64 ) (288 -1024 64 ) (0 -1024 64 ) (0 -768 64 ) 
4 548 955 (0 -1024 0 ) (0 -1024 64 ) (0 -768 64 ) (0 -768 0 ) 
4 548 551 (0 -1024 64 ) (0 -1024 0 ) (288 -1024 0 ) (288 -1024 64 ) 
4 548 549 (288 -1024 0 ) (0 -1024 0 ) (0 -768 0 ) (288 -768 0 ) 
4 549 958 (0 -1024 -1504 ) (0 -1024 0 ) (0 0 0 ) (0 0 -1504 ) 
4 549 551 (1024 -1024 -1504 ) (1024 -1024 0 ) (0 -1024 0 ) (0 -1024 -1504 ) 
4 550 553 (2048 -2048 -1504 ) (2048 -2048 2784 ) (1024 -2048 2784 ) (1024 -2048 -1504 ) 
4 550 551 (1024 -1024 2784 ) (1024 -1024 -1504 ) (1024 -2048 -1504 ) (1024 -2048 2784 ) 
4 551 959 (0 -2048 -1504 ) (0 -2048 2784 ) (0 -1024 2784 ) (0 -1024 -1504 ) 
4 551 554 (1024 -2048 -1504 ) (1024 -2048 2784 ) (0 -2048 2784 ) (0 -2048 -1504 ) 
4 552 555 (3072 -3072 -1504 ) (3072 -3072 2784 ) (2048 -3072 2784 ) (2048 -3072 -1504 ) 
4 552 553 (2048 -3072 -1504 ) (2048 -3072 2784 ) (2048 -2048 2784 ) (2048 -2048 -1504 ) 
4 553 556 (2048 -3072 -1504 ) (2048 -3072 2784 ) (1024 -3072 2784 ) (1024 -3072 -1504 ) 
4 553 554 (1024 -2048 2784 ) (1024 -2048 -1504 ) (1024 -3072 -1504 ) (1024 -3072 2784 ) 
4 554 992 (0 -3072 -1504 ) (0 -3072 2784 ) (0 -2048 2784 ) (0 -2048 -1504 ) 
4 554 557 (0 -3072 2784 ) (0 -3072 -1504 ) (1024 -3072 -1504 ) (1024 -3072 2784 ) 
4 555 556 (2048 -3072 2784 ) (2048 -3072 -1504 ) (2048 -4064 -1504 ) (2048 -4064 2784 ) 
4 556 557 (1024 -3072 2784 ) (1024 -3072 -1504 ) (1024 -4064 -1504 ) (1024 -4064 2784 ) 
4 557 995 (0 -4064 2784 ) (0 -3072 2784 ) (0 -3072 -1504 ) (0 -4064 -1504 ) 
4 558 574 (-1024 4096 2784 ) (-1024 4096 -1504 ) (-1024 4000 -1504 ) (-1024 4000 2784 ) 
4 559 575 (-1024 3552 -1504 ) (-1024 3328 -1504 ) (-1024 3328 2784 ) (-1024 3552 2784 ) 
4 559 562 (-416 3328 288 ) (-1024 3328 288 ) (-1024 3328 224 ) (-416 3328 224 ) 
4 559 561 (-1024 3328 -1504 ) (0 3328 -1504 ) (0 3328 224 ) (-1024 3328 224 ) 
4 559 560 (0 3328 288 ) (0 3328 2784 ) (-1024 3328 2784 ) (-1024 3328 288 ) 
4 560 575 (-1024 3072 272 ) (-1024 3072 2784 ) (-1024 3328 2784 ) (-1024 3328 288 ) 
4 560 563 (0 3072 272 ) (0 3072 2784 ) (-1024 3072 2784 ) (-1024 3072 272 ) 
4 560 562 (-384 3072 272 ) (-1024 3072 272 ) (-1024 3328 288 ) (-416 3328 288 ) 
4 561 575 (-1024 3328 -1504 ) (-1024 3072 -1504 ) (-1024 3072 208 ) (-1024 3328 224 ) 
4 561 570 (0 3072 -1504 ) (0 3072 192 ) (-1024 3072 192 ) (-1024 3072 -1504 ) 
4 561 565 (0 3072 192 ) (0 3072 208 ) (-1024 3072 208 ) (-1024 3072 192 ) 
4 561 562 (-416 3328 224 ) (-1024 3328 224 ) (-1024 3072 208 ) (-384 3072 208 ) 
4 562 575 (-1024 3072 208 ) (-1024 3072 272 ) (-1024 3328 288 ) (-1024 3328 224 ) 
4 562 566 (-1024 3072 256 ) (-1024 3072 208 ) (-384 3072 208 ) (-384 3072 256 ) 
4 562 564 (-384 3072 272 ) (-1024 3072 272 ) (-1024 3072 256 ) (-384 3072 256 ) 
5 563 578 (-1024 2304 256 ) (-1024 2304 2784 ) (-1024 3072 2784 ) (-1024 3072 272 ) (-1024 2816 256 ) 
4 563 573 (-1024 2304 2784 ) (-1024 2304 288 ) (-416 2304 288 ) (-416 2304 2784 ) 
4 563 572 (-416 2304 256 ) (0 2304 256 ) (0 2304 2784 ) (-416 2304 2784 ) 
4 563 569 (-416 2304 256 ) (-1024 2304 256 ) (-1024 2496 256 ) (-392 2496 256 ) 
4 563 567 (-1024 2496 256 ) (-1024 2624 256 ) (-624 2624 256 ) (-624 2496 256 ) 
4 563 566 (-1024 2624 256 ) (-1024 2816 256 ) (-352 2816 256 ) (-376 2624 256 ) 
4 563 564 (-352 2816 256 ) (-1024 2816 256 ) (-1024 3072 272 ) (-384 3072 272 ) 
3 564 578 (-1024 3072 272 ) (-1024 3072 256 ) (-1024 2816 256 ) 
4 564 566 (-1024 2816 256 ) (-1024 3072 256 ) (-384 3072 256 ) (-352 2816 256 ) 
3 565 578 (-1024 3072 208 ) (-1024 3072 192 ) (-1024 2816 192 ) 
4 565 570 (-1024 2816 192 ) (-1024 3072 192 ) (0 3072 192 ) (0 2816 192 ) 
4 565 566 (-384 3072 208 ) (-1024 3072 208 ) (-1024 2816 192 ) (-352 2816 192 ) 
5 566 578 (-1024 2624 256 ) (-1024 3072 256 ) (-1024 3072 208 ) (-1024 2816 192 ) (-1024 2624 192 ) 
4 566 570 (-1024 2624 192 ) (-1024 2816 192 ) (-352 2816 192 ) (-376 2624 192 ) 
4 566 568 (-1024 2624 192 ) (-376 2624 192 ) (-376 2624 240 ) (-1024 2624 240 ) 
4 566 567 (-624 2624 256 ) (-1024 2624 256 ) (-1024 2624 240 ) (-624 2624 240 ) 
4 567 578 (-1024 2496 256 ) (-1024 2624 256 ) (-1024 2624 240 ) (-1024 2496 240 ) 
4 567 569 (-624 2496 256 ) (-1024 2496 256 ) (-1024 2496 240 ) (-624 2496 240 ) 
4 567 568 (-624 2496 240 ) (-1024 2496 240 ) (-1024 2624 240 ) (-624 2624 240 ) 
4 568 578 (-1024 2624 240 ) (-1024 2624 192 ) (-1024 2496 192 ) (-1024 2496 240 ) 
4 568 570 (-1024 2496 192 ) (-1024 2624 192 ) (-376 2624 192 ) (-392 2496 192 ) 
4 568 569 (-1024 2496 192 ) (-392 2496 192 ) (-392 2496 240 ) (-1024 2496 240 ) 
4 569 578 (-1024 2304 192 ) (-1024 2304 256 ) (-1024 2496 256 ) (-1024 2496 192 ) 
4 569 570 (-416 2304 192 ) (-1024 2304 192 ) (-1024 2496 192 ) (-392 2496 192 ) 
4 570 578 (-1024 2304 -1504 ) (-1024 2304 192 ) (-1024 3072 192 ) (-1024 3072 -1504 ) 
4 570 571 (-1024 2304 192 ) (-1024 2304 -1504 ) (0 2304 -1504 ) (0 2304 192 ) 
4 571 589 (0 2048 112 ) (0 2048 160 ) (-448 2048 160 ) (-448 2048 112 ) 
4 571 588 (0 2048 -1504 ) (0 2048 112 ) (-448 2048 112 ) (-448 2048 -1504 ) 
4 571 587 (-448 2048 160 ) (-1024 2048 160 ) (-1024 2048 112 ) (-448 2048 112 ) 
4 571 586 (-1024 2048 112 ) (-1024 2048 -1504 ) (-448 2048 -1504 ) (-448 2048 112 ) 
4 571 581 (-1024 2048 -1504 ) (-1024 2048 160 ) (-1024 2304 192 ) (-1024 2304 -1504 ) 
4 572 584 (0 2048 224 ) (0 2048 2784 ) (-416 2048 2784 ) (-416 2048 224 ) 
4 572 573 (-416 2304 2784 ) (-416 2304 288 ) (-416 2048 256 ) (-416 2048 2784 ) 
4 573 585 (-448 2048 256 ) (-416 2048 256 ) (-416 2048 2784 ) (-448 2048 2784 ) 
4 573 583 (-1024 2048 2784 ) (-1024 2048 256 ) (-448 2048 256 ) (-448 2048 2784 ) 
4 573 579 (-1024 2048 256 ) (-1024 2048 2784 ) (-1024 2304 2784 ) (-1024 2304 288 ) 
4 574 576 (-2048 4096 2784 ) (-2048 4096 -1504 ) (-2048 4000 -1504 ) (-2048 4000 2784 ) 
4 575 578 (-1024 3072 -1504 ) (-1024 3072 2784 ) (-2048 3072 2784 ) (-2048 3072 -1504 ) 
4 575 577 (-2048 3552 -1504 ) (-2048 3072 -1504 ) (-2048 3072 2784 ) (-2048 3552 2784 ) 
4 576 775 (-3072 4096 2784 ) (-3072 4096 -1504 ) (-3072 4000 -1504 ) (-3072 4000 2784 ) 
4 577 776 (-3072 3552 -1504 ) (-3072 3072 -1504 ) (-3072 3072 2784 ) (-3072 3552 2784 ) 
4 577 582 (-2048 3072 -1504 ) (-2048 3072 2784 ) (-3072 3072 2784 ) (-3072 3072 -1504 ) 
4 578 582 (-2048 3072 2784 ) (-2048 3072 -1504 ) (-2048 2304 -1504 ) (-2048 2304 2784 ) 
4 578 581 (-1056 2304 -1504 ) (-1024 2304 -1504 ) (-1024 2304 192 ) (-1056 2304 192 ) 
4 578 580 (-2048 2304 -1504 ) (-1056 2304 -1504 ) (-1056 2304 288 ) (-2048 2304 288 ) 
4 578 579 (-1024 2304 288 ) (-1024 2304 2784 ) (-2048 2304 2784 ) (-2048 2304 288 ) 
4 579 754 (-1024 2048 256 ) (-1024 2048 2784 ) (-2048 2048 2784 ) (-2048 2048 256 ) 
4 579 582 (-2048 2048 256 ) (-2048 2048 2784 ) (-2048 2304 2784 ) (-2048 2304 288 ) 
4 579 580 (-1216 2048 256 ) (-2048 2048 256 ) (-2048 2304 288 ) (-1056 2304 288 ) 
4 580 758 (-1216 2048 256 ) (-1328 2048 256 ) (-1328 2048 112 ) (-1216 2048 112 ) 
4 580 757 (-1328 2048 112 ) (-1328 2048 -1504 ) (-1216 2048 -1504 ) (-1216 2048 112 ) 
4 580 756 (-1328 2048 256 ) (-2048 2048 256 ) (-2048 2048 -1504 ) (-1328 2048 -1504 ) 
4 580 582 (-2048 2304 -1504 ) (-2048 2048 -1504 ) (-2048 2048 256 ) (-2048 2304 288 ) 
4 580 581 (-1056 2304 -1504 ) (-1056 2304 192 ) (-1216 2048 160 ) (-1216 2048 -1504 ) 
4 581 760 (-1024 2048 112 ) (-1024 2048 160 ) (-1216 2048 160 ) (-1216 2048 112 ) 
4 581 757 (-1024 2048 -1504 ) (-1024 2048 112 ) (-1216 2048 112 ) (-1216 2048 -1504 ) 
4 582 777 (-3072 2048 -1504 ) (-3072 2048 2784 ) (-3072 3072 2784 ) (-3072 3072 -1504 ) 
4 582 761 (-2048 2048 -1504 ) (-2048 2048 2784 ) (-3072 2048 2784 ) (-3072 2048 -1504 ) 
5 583 754 (-1024 2048 2784 ) (-1024 2048 256 ) (-1024 1280 160 ) (-1024 1024 144 ) (-1024 1024 2784 ) 
4 583 705 (-1024 1024 224 ) (-1024 1024 144 ) (-320 1024 144 ) (-320 1024 224 ) 
4 583 690 (-736 1024 224 ) (-520 1024 224 ) (-520 1024 240 ) (-736 1024 240 ) 
4 583 688 (-520 1024 240 ) (-520 1024 248 ) (-736 1024 248 ) (-736 1024 240 ) 
4 583 687 (-520 1024 248 ) (-520 1024 360 ) (-736 1024 360 ) (-736 1024 248 ) 
4 583 691 (-1024 1024 360 ) (-1024 1024 224 ) (-736 1024 224 ) (-736 1024 360 ) 
4 583 684 (-520 1024 224 ) (-320 1024 224 ) (-320 1024 232 ) (-520 1024 232 ) 
4 583 660 (-320 1024 232 ) (-320 1024 360 ) (-520 1024 360 ) (-520 1024 232 ) 
4 583 649 (-800 1024 360 ) (-728 1024 360 ) (-728 1024 424 ) (-800 1024 424 ) 
4 583 654 (-1024 1024 424 ) (-1024 1024 360 ) (-800 1024 360 ) (-800 1024 424 ) 
4 583 643 (-728 1024 360 ) (-520 1024 360 ) (-520 1024 424 ) (-728 1024 424 ) 
4 583 640 (-520 1024 360 ) (-512 1024 360 ) (-512 1024 424 ) (-520 1024 424 ) 
4 583 619 (-512 1024 360 ) (-320 1024 360 ) (-320 1024 424 ) (-512 1024 424 ) 
4 583 611 (-520 1024 424 ) (-512 1024 424 ) (-512 1024 480 ) (-566.666687 1024 480 ) 
4 583 609 (-800 1024 424 ) (-736.002747 1024 424 ) (-694.859924 1024 472 ) (-758.857117 1024 472 ) 
4 583 608 (-694.859924 1024 472 ) (-688.002808 1024 480 ) (-752 1024 480 ) (-758.857117 1024 472 ) 
4 583 605 (-736.002747 1024 424 ) (-520 1024 424 ) (-566.666687 1024 480 ) (-688.002808 1024 480 ) 
4 583 604 (-1024 1024 480 ) (-1024 1024 424 ) (-800 1024 424 ) (-752 1024 480 ) 
4 583 595 (-399.991150 1024 424 ) (-320 1024 424 ) (-320 1024 480 ) (-360 1024 480 ) 
4 583 594 (-512 1024 424 ) (-399.991150 1024 424 ) (-360 1024 480 ) (-512 1024 480 ) 
4 583 590 (-320 1024 2784 ) (-1024 1024 2784 ) (-1024 1024 480 ) (-320 1024 480 ) 
4 583 585 (-448 2048 256 ) (-448 2048 2784 ) (-416 1792.003906 2784 ) (-416 1792 224 ) 
5 583 584 (-416 1792.003906 2784 ) (-320 1024 2784 ) (-320 1024 144 ) (-352 1280.002930 160 ) (-416 1792 224 ) 
4 584 707 (0 1024 112 ) (0 1024 144 ) (-320 1024 144 ) (-320 1024 112 ) 
4 584 705 (0 1024 144 ) (0 1024 224 ) (-320 1024 224 ) (-320 1024 144 ) 
4 584 684 (-320 1024 232 ) (-320 1024 224 ) (-248 1024 224 ) (-248 1024 232 ) 
4 584 660 (-248 1024 360 ) (-320 1024 360 ) (-320 1024 232 ) (-248 1024 232 ) 
4 584 656 (-240 1024 360 ) (-248 1024 360 ) (-248 1024 224 ) (-240 1024 224 ) 
4 584 655 (0 1024 224 ) (0 1024 360 ) (-240 1024 360 ) (-240 1024 224 ) 
4 584 619 (-240 1024 424 ) (-320 1024 424 ) (-320 1024 360 ) (-240 1024 360 ) 
4 584 618 (0 1024 360 ) (0 1024 424 ) (-240 1024 424 ) (-240 1024 360 ) 
4 584 595 (-294.665985 1024 480 ) (-320 1024 480 ) (-320 1024 424 ) (-248 1024 424 ) 
4 584 592 (-288 1024 480 ) (-288 1024 472 ) (-248 1024 424 ) (-240 1024 424 ) 
4 584 591 (0 1024 424 ) (0 1024 480 ) (-288 1024 480 ) (-240 1024 424 ) 
3 584 593 (-288 1024 480 ) (-294.665985 1024 480 ) (-288 1024 472 ) 
4 584 590 (0 1024 480 ) (0 1024 2784 ) (-320 1024 2784 ) (-320 1024 480 ) 
4 584 585 (-416 1792 224 ) (-416 1792 2784 ) (-416 2048 2784 ) (-416 2048 256 ) 
4 586 757 (-1024 2048 112 ) (-1024 2048 -1504 ) (-1024 1024 -1504 ) (-1024 1024 48 ) 
4 586 750 (-320 1024 -1504 ) (-320 1024 48 ) (-1024 1024 48 ) (-1024 1024 -1504 ) 
4 586 588 (-320 1024 48 ) (-320 1024 -1504 ) (-448 2048 -1504 ) (-448 2048 112 ) 
4 586 587 (-352.001862 1280 64 ) (-448.001831 2048 112 ) (-1024 2048 112 ) (-1024 1280 64 ) 
3 587 760 (-1024 2048 160 ) (-1024 2048 112 ) (-1024 1280 64 ) 
3 587 589 (-352 1280 64 ) (-448 2048 112 ) (-448 2048 160 ) 
4 588 750 (0 1024 -1504 ) (0 1024 48 ) (-320 1024 48 ) (-320 1024 -1504 ) 
4 588 589 (0 2048 112 ) (-447.996582 2048 112 ) (-351.996552 1280 64 ) (0 1280 64 ) 
4 590 792 (0 0 1282.670044 ) (0 0 1357.333252 ) (-752 0 480 ) (-688.002747 0 480 ) 
5 590 791 (0 0 1357.333252 ) (0 0 2784 ) (-1024 0 2784 ) (-1024 0 480 ) (-752 0 480 ) 
3 590 785 (0 0 480 ) (0 0 1282.670044 ) (-688.002747 0 480 ) 
4 590 768 (-1024 0 480 ) (-1024 0 2784 ) (-1024 336 2784 ) (-1024 336 480 ) 
4 590 764 (-1024 336 2784 ) (-1024 1024 2784 ) (-1024 1024 480 ) (-1024 336 480 ) 
4 590 614 (-512 64 480 ) (-512 16 480 ) (-560 16 480 ) (-560 64 480 ) 
4 590 612 (-512 136 480 ) (-512 64 480 ) (-560 64 480 ) (-560 136 480 ) 
4 590 611 (-566.666687 1024 480 ) (-512 1024 480 ) (-512 136 480 ) (-566.666687 136 480 ) 
4 590 608 (-752 1024 480 ) (-688.002808 1024 480 ) (-688.002808 95.997192 480 ) (-752 32 480 ) 
4 590 605 (-688.002808 1024 480 ) (-566.666687 1024 480 ) (-566.666687 136 480 ) (-688.002808 136 480 ) 
4 590 604 (-1024 0 480 ) (-1024 1024 480 ) (-752 1024 480 ) (-752 0 480 ) 
4 590 601 (0 64 480 ) (0 0 480 ) (-288 0 480 ) (-288 64 480 ) 
4 590 599 (-512 16 480 ) (-512 64 480 ) (-360 64 480 ) (-360 16 480 ) 
4 590 595 (-360 1024 480 ) (-294.665985 1024 480 ) (-294.665985 64 480 ) (-360 64 480 ) 
4 590 594 (-512 1024 480 ) (-360 1024 480 ) (-360 64 480 ) (-512 64 480 ) 
4 590 591 (-288 1024 480 ) (0 1024 480 ) (0 64 480 ) (-288 64 480 ) 
4 590 593 (-294.665985 1024 480 ) (-288 1024 480 ) (-288 64 480 ) (-294.665985 64 480 ) 
4 591 628 (0 72 424 ) (0 64 424 ) (-240 64 424 ) (-240 72 424 ) 
4 591 624 (0 104 424 ) (0 72 424 ) (-240 72 424 ) (-240 104 424 ) 
4 591 618 (-240 1024 424 ) (0 1024 424 ) (0 104 424 ) (-240 104 424 ) 
4 591 601 (-240 64 424 ) (0 64 424 ) (0 64 480 ) (-288 64 480 ) 
4 591 592 (-240.003845 1024 424 ) (-240.003906 104 424 ) (-288 64.001427 479.998047 ) (-288 1024 479.998077 ) 
4 592 622 (-240 200 424 ) (-240 104 424 ) (-248 104 424 ) (-248 200 424 ) 
4 592 621 (-240 216 424 ) (-240 200 424 ) (-248 200 424 ) (-248 216 424 ) 
4 592 619 (-248 1024 424 ) (-240 1024 424 ) (-240 216 424 ) (-248 216 424 ) 
4 592 595 (-247.996155 1024 424 ) (-247.996094 104 424 ) (-288 69.711922 472.003357 ) (-288 1024 472.003296 ) 
4 592 593 (-288 1024 471.998077 ) (-288 69.715698 471.998047 ) (-288 64 480 ) (-288 1024 480 ) 
4 593 595 (-294.664062 64 480 ) (-294.664093 1024 480 ) (-288 1024 472.003296 ) (-288 69.711853 472.003357 ) 
4 594 632 (-512 64 424 ) (-512 96 424 ) (-399.991150 96 424 ) (-399.991150 64 424 ) 
4 594 631 (-512 96 424 ) (-512 104 424 ) (-399.991150 104 424 ) (-399.991150 96 424 ) 
4 594 622 (-512 104 424 ) (-512 200 424 ) (-399.991150 200 424 ) (-399.991150 104 424 ) 
4 594 621 (-512 200 424 ) (-512 216 424 ) (-399.991150 216 424 ) (-399.991150 200 424 ) 
4 594 619 (-512 216 424 ) (-512 1024 424 ) (-399.991150 1024 424 ) (-399.991150 216 424 ) 
4 594 612 (-512 184 424 ) (-512 64 424 ) (-512 64 480 ) (-512 136 480 ) 
4 594 611 (-512 1024 424 ) (-512 184 424 ) (-512 136 480 ) (-512 1024 480 ) 
4 594 600 (-512 64 472 ) (-512 64 424 ) (-399.991150 64 424 ) (-365.713043 64 472 ) 
4 594 599 (-512 64 480 ) (-512 64 472 ) (-365.713043 64 472 ) (-360 64 480 ) 
4 594 595 (-360 1024 480 ) (-360 64 480 ) (-399.990234 104 424 ) (-399.990204 1024 424 ) 
4 595 622 (-248 200 424 ) (-248 104 424 ) (-399.991150 104 424 ) (-399.991150 200 424 ) 
4 595 621 (-248 216 424 ) (-248 200 424 ) (-399.991150 200 424 ) (-399.991150 216 424 ) 
4 595 619 (-399.991150 1024 424 ) (-248 1024 424 ) (-248 216 424 ) (-399.991150 216 424 ) 
3 596 603 (-254.666534 64 432 ) (-272 64 452.800446 ) (-272 64 432 ) 
4 596 597 (-272 76.799706 452.800446 ) (-272 90.666664 432 ) (-272 64 432 ) (-272 64 452.800446 ) 
4 597 629 (-272 64 424 ) (-392 64 424 ) (-392 96 424 ) (-272 96 424 ) 
5 597 603 (-392 64 424 ) (-272 64 424 ) (-272 64 452.800446 ) (-288 64 472 ) (-360 64 472 ) 
4 598 789 (-512 0 472 ) (-512 0 424 ) (-399.991150 0 424 ) (-365.713043 0 472 ) 
4 598 638 (-399.991150 0 424 ) (-512 0 424 ) (-512 56 424 ) (-399.991150 56 424 ) 
4 598 615 (-512 56 424 ) (-512 0 424 ) (-512 0 472 ) (-512 16 472 ) 
4 598 602 (-399.990906 0 424 ) (-399.990906 56 424 ) (-365.712830 16 472 ) (-365.712830 0 472 ) 
4 599 614 (-512 16 480 ) (-512 64 480 ) (-512 64 472 ) (-512 22.857128 472 ) 
4 599 600 (-512 22.857151 472 ) (-512 64 472 ) (-365.707031 64 472 ) (-365.707031 22.857124 472 ) 
3 600 616 (-512 64 424 ) (-512 22.857128 472 ) (-512 64 472 ) 
4 601 788 (0 0 424 ) (0 0 472 ) (-281.142883 0 472 ) (-240 0 424 ) 
4 601 786 (0 0 472 ) (0 0 480 ) (-288 0 480 ) (-281.142883 0 472 ) 
4 601 635 (0 0 424 ) (-240 0 424 ) (-240 64 424 ) (0 64 424 ) 
4 602 789 (-365.713043 0 472 ) (-399.991150 0 424 ) (-248 0 424 ) (-288 0 472 ) 
4 602 638 (-248 0 424 ) (-399.991150 0 424 ) (-399.991150 56 424 ) (-248 56 424 ) 
4 602 603 (-288 16.001240 472 ) (-248 56.001179 424 ) (-392 56.001858 424 ) (-360 16.001575 472 ) 
4 603 636 (-392 64 424 ) (-248 64 424 ) (-248 56 424 ) (-392 56 424 ) 
4 604 793 (-1024 0 472 ) (-1024 0 424 ) (-800 0 424 ) (-758.857117 0 472 ) 
4 604 791 (-752 0 480 ) (-1024 0 480 ) (-1024 0 472 ) (-758.857117 0 472 ) 
4 604 768 (-1024 0 424 ) (-1024 0 480 ) (-1024 336 480 ) (-1024 336 424 ) 
4 604 764 (-1024 336 480 ) (-1024 1024 480 ) (-1024 1024 424 ) (-1024 336 424 ) 
4 604 654 (-800 0 424 ) (-1024 0 424 ) (-1024 1024 424 ) (-800 1024 424 ) 
4 604 609 (-800 32 424 ) (-800 1024 424 ) (-758.857971 1024 472 ) (-758.857971 32 472 ) 
4 604 608 (-758.857971 1024 472 ) (-752 1024 480 ) (-752 32 480 ) (-758.857971 32 472 ) 
4 605 649 (-736.002808 184 424 ) (-736.002747 1024 424 ) (-728 1024 424 ) (-728 184 424 ) 
4 605 643 (-728 1024 424 ) (-520 1024 424 ) (-520 184 424 ) (-728 184 424 ) 
4 605 611 (-520 184 424 ) (-520 1024 424 ) (-566.666016 1024 480 ) (-566.666016 136 480 ) 
4 605 609 (-736.003906 1024 424 ) (-736.003906 184 424 ) (-694.861023 142.857117 472 ) (-694.861023 1024 472 ) 
4 605 608 (-694.861023 142.857117 472 ) (-688.003906 136 480 ) (-688.003906 1024 480 ) (-694.861023 1024 472 ) 
4 606 789 (-694.859924 0 472 ) (-736.002747 0 424 ) (-520 0 424 ) (-560 0 472 ) 
4 606 650 (-728 0 424 ) (-736.002808 0 424 ) (-736.002808 87.997200 424 ) (-728 96 424 ) 
4 606 645 (-520 0 424 ) (-576 0 424 ) (-576 64 424 ) (-520 64 424 ) 
4 606 646 (-576 0 424 ) (-728 0 424 ) (-728 64 424 ) (-576 64 424 ) 
5 606 644 (-728 64 424 ) (-728 96 424 ) (-648 176 424 ) (-520 176 424 ) (-520 64 424 ) 
4 606 613 (-520 0 424 ) (-520 64 424 ) (-560 64 472 ) (-560 0 472 ) 
4 606 610 (-736.003906 87.996109 424 ) (-736.003906 0 424 ) (-694.861023 0 472 ) (-694.861023 89.138977 472 ) 
4 606 607 (-648.003113 176 424 ) (-728.006531 95.996628 424 ) (-688.006470 95.996696 472 ) (-648.003113 136 472 ) 
3 607 644 (-648 176 424 ) (-728.006470 95.993507 424 ) (-728.006470 176 424 ) 
4 608 609 (-758.854309 32.002724 472 ) (-758.854248 1024 472 ) (-694.859436 1024 472 ) (-694.859375 95.997681 472 ) 
4 609 653 (-800 40 424 ) (-800 184 424 ) (-792 184 424 ) (-792 48 424 ) 
4 609 651 (-792 184 424 ) (-736.002808 184 424 ) (-736.002808 103.997169 424 ) (-792 48 424 ) 
4 609 649 (-800 184 424 ) (-800 1024 424 ) (-736.002747 1024 424 ) (-736.002808 184 424 ) 
4 610 794 (-792 0 424 ) (-736.002747 0 424 ) (-694.859924 0 472 ) (-752 0 472 ) 
4 610 652 (-736.002808 0 424 ) (-792 0 424 ) (-792 32 424 ) (-736.002808 87.997185 424 ) 
4 611 640 (-520 184 424 ) (-520 1024 424 ) (-512 1024 424 ) (-512 184 424 ) 
3 611 612 (-512 184 424 ) (-512 136 480 ) (-560 136 480 ) 
3 612 616 (-512 64 424 ) (-512 64 472 ) (-553.142883 64 472 ) 
4 612 614 (-512 64 472 ) (-512 64 480 ) (-560 64 480 ) (-553.142883 64 472 ) 
3 613 789 (-560 0 472 ) (-520 0 424 ) (-512 0 424 ) 
4 613 641 (-512 0 424 ) (-520 0 424 ) (-520 56 424 ) (-512 56 424 ) 
4 613 617 (-512 0 424 ) (-512 64 424 ) (-559.988281 16.011673 471.988281 ) (-559.988281 0 471.988281 ) 
4 614 616 (-553.142822 64 472 ) (-512 64 472 ) (-512 22.857143 472 ) (-553.142822 22.857143 472 ) 
3 615 789 (-512 0 424 ) (-512 0 472 ) (-553.142883 0 472 ) 
4 615 617 (-512 64 424 ) (-512 0 424 ) (-553.142578 0 472 ) (-553.142578 16 472 ) 
3 617 789 (-560 0 472 ) (-512 0 424 ) (-553.142883 0 472 ) 
4 618 655 (-240 1024 360 ) (0 1024 360 ) (0 104 360 ) (-240 104 360 ) 
4 618 626 (-240 104 360 ) (0 104 360 ) (0 104 376 ) (-240 104 376 ) 
4 618 624 (0 104 376 ) (0 104 424 ) (-240 104 424 ) (-240 104 376 ) 
4 618 622 (-240 104 384 ) (-240 104 424 ) (-240 200 424 ) (-240 200 370.285706 ) 
4 618 621 (-240 200 370.285736 ) (-240 200 424 ) (-240 216 424 ) (-240 216 368 ) 
4 618 619 (-240 1024 360 ) (-240 216 360 ) (-240 216 424 ) (-240 1024 424 ) 
4 619 660 (-512 1024 360 ) (-248 1024 360 ) (-248 216 360 ) (-512 216 360 ) 
4 619 656 (-248 1024 360 ) (-240 1024 360 ) (-240 216 360 ) (-248 216 360 ) 
4 619 640 (-512 1024 360 ) (-512 216 360 ) (-512 216 424 ) (-512 1024 424 ) 
4 619 621 (-512 216 424 ) (-512 216 368 ) (-240 216 368 ) (-240 216 424 ) 
4 620 664 (-496 200 360 ) (-512 200 360 ) (-512 208 360 ) (-496 208 360 ) 
4 620 663 (-264 200 360 ) (-496 200 360 ) (-496 208 360 ) (-264 208 360 ) 
4 620 661 (-248 200 360 ) (-264 200 360 ) (-264 208 360 ) (-248 208 360 ) 
4 620 623 (-512 200 362.285706 ) (-512 200 360 ) (-248 200 360 ) (-248 200 362.285706 ) 
4 621 640 (-512 200 370.285736 ) (-512 200 424 ) (-512 216 424 ) (-512 216 368 ) 
4 621 622 (-512 200 424 ) (-512 200 370.285736 ) (-240 200 370.285736 ) (-240 200 424 ) 
4 622 640 (-512 184 424 ) (-512 200 424 ) (-512 200 370.285706 ) (-512 184 372.571442 ) 
4 622 631 (-512 104 424 ) (-512 104 384 ) (-400 104 384 ) (-400 104 424 ) 
4 622 625 (-264 104 384 ) (-240 104 384 ) (-240 104 424 ) (-264 104 424 ) 
4 623 676 (-392 104 360 ) (-400 104 360 ) (-400 160 360 ) (-392 160 360 ) 
4 623 677 (-400 104 360 ) (-512 104 360 ) (-512 160 360 ) (-400 160 360 ) 
4 623 674 (-368 104 360 ) (-392 104 360 ) (-392 160 360 ) (-368 160 360 ) 
4 623 669 (-296 104 360 ) (-368 104 360 ) (-368 160 360 ) (-296 160 360 ) 
4 623 667 (-272 104 360 ) (-296 104 360 ) (-296 160 360 ) (-272 160 360 ) 
4 623 666 (-264 104 360 ) (-272 104 360 ) (-272 160 360 ) (-264 160 360 ) 
4 623 665 (-248 104 360 ) (-264 104 360 ) (-264 160 360 ) (-248 160 360 ) 
4 623 664 (-512 160 360 ) (-512 200 360 ) (-496 200 360 ) (-496 160 360 ) 
4 623 663 (-496 200 360 ) (-264 200 360 ) (-264 160 360 ) (-496 160 360 ) 
4 623 661 (-264 200 360 ) (-248 200 360 ) (-248 160 360 ) (-264 160 360 ) 
4 623 634 (-512 104 376 ) (-512 104 360 ) (-400 104 360 ) (-400 104 376 ) 
4 623 627 (-264 104 360 ) (-248 104 360 ) (-248 104 376 ) (-264 104 376 ) 
4 624 628 (-240 72 376 ) (0 72 376 ) (0 72 424 ) (-240 72 424 ) 
4 624 626 (0 72 376 ) (-240 72 376 ) (-240 104 376 ) (0 104 376 ) 
4 624 625 (-240 104 424 ) (-240 104 384 ) (-240 72 384 ) (-240 72 424 ) 
4 626 655 (0 104 360 ) (0 72 360 ) (-240 72 360 ) (-240 104 360 ) 
4 626 628 (-240 72 360 ) (0 72 360 ) (0 72 376 ) (-240 72 376 ) 
4 627 665 (-248 72 360 ) (-264 72 360 ) (-264 104 360 ) (-248 104 360 ) 
4 628 655 (0 72 360 ) (0 64 360 ) (-240 64 360 ) (-240 72 360 ) 
4 628 635 (-240 64 360 ) (0 64 360 ) (0 64 424 ) (-240 64 424 ) 
4 629 636 (-272 64 408 ) (-272 64 424 ) (-392 64 424 ) (-392 64 408 ) 
4 630 675 (-368 64 360 ) (-392 64 360 ) (-392 96 360 ) (-368 96 360 ) 
4 630 673 (-296 64 360 ) (-368 64 360 ) (-368 96 360 ) (-296 96 360 ) 
4 630 668 (-272 64 360 ) (-296 64 360 ) (-296 96 360 ) (-272 96 360 ) 
4 630 637 (-392 64 360 ) (-272 64 360 ) (-272 64 400 ) (-392 64 400 ) 
4 631 632 (-512 96 424 ) (-512 96 408 ) (-400 96 408 ) (-400 96 424 ) 
4 631 633 (-512 96 400 ) (-512 96 384 ) (-400 96 384 ) (-400 96 400 ) 
4 634 677 (-400 64 360 ) (-512 64 360 ) (-512 104 360 ) (-400 104 360 ) 
4 635 808 (0 0 360 ) (0 0 400 ) (-240 0 400 ) (-240 0 360 ) 
4 635 806 (0 0 400 ) (0 0 424 ) (-240 0 424 ) (-240 0 400 ) 
4 635 655 (0 64 360 ) (0 0 360 ) (-240 0 360 ) (-240 64 360 ) 
4 636 638 (-392 56 408 ) (-248 56 408 ) (-248 56 424 ) (-392 56 424 ) 
4 637 681 (-392 64 360 ) (-248 64 360 ) (-248 56 360 ) (-392 56 360 ) 
4 637 639 (-392 56 360 ) (-248 56 360 ) (-248 56 400 ) (-392 56 400 ) 
4 638 807 (-248 0 424 ) (-512 0 424 ) (-512 0 408 ) (-248 0 408 ) 
4 638 641 (-512 0 408 ) (-512 0 424 ) (-512 56 424 ) (-512 56 408 ) 
4 639 809 (-512 0 400 ) (-512 0 360 ) (-248 0 360 ) (-248 0 400 ) 
4 639 682 (-248 0 360 ) (-512 0 360 ) (-512 56 360 ) (-248 56 360 ) 
4 639 642 (-512 56 360 ) (-512 0 360 ) (-512 0 400 ) (-512 56 400 ) 
4 640 660 (-520 1024 360 ) (-512 1024 360 ) (-512 216 360 ) (-520 216 360 ) 
5 640 643 (-520 1024 360 ) (-520 216 360 ) (-520 184 364.571014 ) (-520 184 424 ) (-520 1024 424 ) 
4 641 807 (-512 0 424 ) (-520 0 424 ) (-520 0 408 ) (-512 0 408 ) 
4 641 645 (-520 0 408 ) (-520 0 424 ) (-520 56 424 ) (-520 56 408 ) 
4 642 809 (-520 0 400 ) (-520 0 360 ) (-512 0 360 ) (-512 0 400 ) 
4 642 682 (-512 56 360 ) (-512 0 360 ) (-520 0 360 ) (-520 56 360 ) 
4 642 647 (-520 56 360 ) (-520 0 360 ) (-520 0 400 ) (-520 56 400 ) 
4 643 687 (-728 1024 360 ) (-520 1024 360 ) (-520 184 360 ) (-728 184 360 ) 
4 643 649 (-728 1024 360 ) (-728 184 360 ) (-728 184 424 ) (-728 1024 424 ) 
4 644 696 (-568 64 360 ) (-576 64 360 ) (-576 176 360 ) (-568 176 360 ) 
4 644 697 (-576 64 360 ) (-728 64 360 ) (-728 176 360 ) (-576 176 360 ) 
4 644 694 (-520 176 360 ) (-520 64 360 ) (-568 64 360 ) (-568 176 360 ) 
4 644 650 (-728 96 360 ) (-728 64 360 ) (-728 64 424 ) (-728 96 424 ) 
4 644 648 (-728 64 400 ) (-728 64 360 ) (-576 64 360 ) (-576 64 400 ) 
4 644 645 (-520 64 408 ) (-520 64 424 ) (-576 64 424 ) (-576 64 408 ) 
4 644 646 (-728 64 424 ) (-728 64 400 ) (-576 64 400 ) (-576 64 424 ) 
4 645 807 (-520 0 424 ) (-576 0 424 ) (-576 0 408 ) (-520 0 408 ) 
4 645 646 (-576 64 424 ) (-576 64 408 ) (-576 0 408 ) (-576 0 424 ) 
4 646 810 (-576 0 424 ) (-728 0 424 ) (-728 0 400 ) (-576 0 400 ) 
4 646 650 (-728 0 400 ) (-728 0 424 ) (-728 64 424 ) (-728 64 400 ) 
4 646 648 (-728 0 400 ) (-728 64 400 ) (-576 64 400 ) (-576 0 400 ) 
4 647 809 (-568 0 360 ) (-520 0 360 ) (-520 0 400 ) (-568 0 400 ) 
4 647 695 (-520 56 360 ) (-520 0 360 ) (-568 0 360 ) (-568 56 360 ) 
4 648 810 (-728 0 400 ) (-728 0 360 ) (-576 0 360 ) (-576 0 400 ) 
4 648 697 (-576 0 360 ) (-728 0 360 ) (-728 64 360 ) (-576 64 360 ) 
4 648 650 (-728 64 360 ) (-728 0 360 ) (-728 0 400 ) (-728 64 400 ) 
4 649 687 (-736 1024 360 ) (-728 1024 360 ) (-728 184 360 ) (-736 184 360 ) 
4 649 691 (-800 1024 360 ) (-736 1024 360 ) (-736 184 360 ) (-800 184 360 ) 
4 649 653 (-800 184 424 ) (-800 184 360 ) (-792 184 360 ) (-792 184 424 ) 
4 649 651 (-792 184 360 ) (-736 184 360 ) (-736 184 424 ) (-792 184 424 ) 
4 649 654 (-800 1024 360 ) (-800 184 360 ) (-800 184 424 ) (-800 1024 424 ) 
4 650 811 (-728 0 424 ) (-736 0 424 ) (-736 0 360 ) (-728 0 360 ) 
4 650 702 (-728 25 360 ) (-728 0 360 ) (-736 0 360 ) (-736 25 360 ) 
4 650 701 (-728 96 360 ) (-728 25 360 ) (-736 25 360 ) (-736 88 360 ) 
4 650 652 (-736 88 360 ) (-736 0 360 ) (-736 0 424 ) (-736 88 424 ) 
4 651 699 (-792 48 360 ) (-792 184 360 ) (-736 184 360 ) (-736 104 360 ) 
4 651 653 (-792 184 424 ) (-792 184 360 ) (-792 48 360 ) (-792 48 424 ) 
4 652 813 (-736 0 424 ) (-792 0 424 ) (-792 0 360 ) (-736 0 360 ) 
4 652 702 (-736 0 360 ) (-792 0 360 ) (-792 25 360 ) (-736 25 360 ) 
4 652 701 (-792 25 360 ) (-792 32 360 ) (-736 88 360 ) (-736 25 360 ) 
4 653 699 (-800 40 360 ) (-800 184 360 ) (-792 184 360 ) (-792 48 360 ) 
4 653 654 (-800 184 360 ) (-800 40 360 ) (-800 40 424 ) (-800 184 424 ) 
4 654 814 (-800 0 424 ) (-1024 0 424 ) (-1024 0 360 ) (-800 0 360 ) 
4 654 768 (-1024 0 360 ) (-1024 0 424 ) (-1024 336 424 ) (-1024 336 360 ) 
4 654 764 (-1024 336 424 ) (-1024 1024 424 ) (-1024 1024 360 ) (-1024 336 360 ) 
4 654 704 (-1024 0 360 ) (-1024 184 360 ) (-800 184 360 ) (-800 0 360 ) 
4 654 691 (-1024 184 360 ) (-1024 1024 360 ) (-800 1024 360 ) (-800 184 360 ) 
4 655 821 (0 0 224 ) (0 0 360 ) (-240 0 360 ) (-240 0 224 ) 
4 655 713 (0 248 224 ) (0 0 224 ) (-240 0 224 ) (-240 248 224 ) 
4 655 708 (0 296 224 ) (0 248 224 ) (-240 248 224 ) (-240 296 224 ) 
4 655 705 (-240 1024 224 ) (0 1024 224 ) (0 296 224 ) (-240 296 224 ) 
4 655 658 (-240 0 264 ) (-240 0 352 ) (-240 12 352 ) (-240 12 264 ) 
4 655 657 (-240 104 264 ) (-240 104 352 ) (-240 200 352 ) (-240 200 264 ) 
5 655 656 (-240 1024 224 ) (-240 276 224 ) (-240 216 248 ) (-240 216 360 ) (-240 1024 360 ) 
4 656 711 (-240 296 224 ) (-240 276 224 ) (-248 276 224 ) (-248 296 224 ) 
4 656 705 (-248 1024 224 ) (-240 1024 224 ) (-240 296 224 ) (-248 296 224 ) 
4 656 684 (-248 1024 224 ) (-248 276 224 ) (-248 256 232 ) (-248 1024 232 ) 
5 656 660 (-248 256 232 ) (-248 216 248 ) (-248 216 360 ) (-248 1024 360 ) (-248 1024 232 ) 
4 657 665 (-248 104 264 ) (-248 104 352 ) (-248 160 352 ) (-248 160 264 ) 
4 657 661 (-248 160 352 ) (-248 200 352 ) (-248 200 264 ) (-248 160 264 ) 
4 658 822 (-248 0 352 ) (-248 0 264 ) (-240 0 264 ) (-240 0 352 ) 
4 658 682 (-248 0 264 ) (-248 0 352 ) (-248 12 352 ) (-248 12 264 ) 
3 659 689 (-520 236 232 ) (-520 216 232 ) (-520 216 240 ) 
4 659 683 (-520 216 232 ) (-520 236 232 ) (-248 236 232 ) (-248 216 232 ) 
4 660 690 (-520 1024 240 ) (-520 1024 232 ) (-520 256 232 ) (-520 236 240 ) 
4 660 688 (-520 1024 248 ) (-520 1024 240 ) (-520 236 240 ) (-520 216 248 ) 
4 660 687 (-520 216 360 ) (-520 1024 360 ) (-520 1024 248 ) (-520 216 248 ) 
4 660 684 (-520 256 232 ) (-520 1024 232 ) (-248 1024 232 ) (-248 256 232 ) 
4 660 662 (-264 216 264 ) (-264 216 352 ) (-496 216 352 ) (-496 216 264 ) 
4 661 665 (-264 160 232 ) (-248 160 232 ) (-248 160 360 ) (-264 160 360 ) 
4 661 663 (-264 208 232 ) (-264 160 232 ) (-264 160 360 ) (-264 208 360 ) 
4 662 663 (-496 208 352 ) (-496 208 264 ) (-264 208 264 ) (-264 208 352 ) 
4 663 676 (-400 160 232 ) (-392 160 232 ) (-392 160 360 ) (-400 160 360 ) 
4 663 677 (-496 160 232 ) (-400 160 232 ) (-400 160 360 ) (-496 160 360 ) 
4 663 674 (-392 160 232 ) (-368 160 232 ) (-368 160 360 ) (-392 160 360 ) 
4 663 669 (-368 160 232 ) (-296 160 232 ) (-296 160 360 ) (-368 160 360 ) 
4 663 667 (-296 160 232 ) (-272 160 232 ) (-272 160 360 ) (-296 160 360 ) 
4 663 666 (-272 160 232 ) (-264 160 232 ) (-264 160 360 ) (-272 160 360 ) 
4 663 664 (-496 208 232 ) (-496 160 232 ) (-496 160 360 ) (-496 208 360 ) 
4 664 677 (-512 160 232 ) (-496 160 232 ) (-496 160 360 ) (-512 160 360 ) 
4 665 666 (-264 160 360 ) (-264 160 232 ) (-264 104 232 ) (-264 104 360 ) 
4 666 667 (-272 160 360 ) (-272 160 232 ) (-272 104 232 ) (-272 104 360 ) 
4 667 669 (-296 160 360 ) (-296 160 232 ) (-296 104 232 ) (-296 104 360 ) 
4 668 681 (-296 64 232 ) (-272 64 232 ) (-272 64 360 ) (-296 64 360 ) 
4 668 673 (-296 96 232 ) (-296 64 232 ) (-296 64 360 ) (-296 96 360 ) 
4 669 674 (-368 160 360 ) (-368 160 232 ) (-368 104 232 ) (-368 104 360 ) 
4 669 670 (-368 104 352 ) (-368 104 232 ) (-296 104 232 ) (-296 104 352 ) 
4 670 671 (-360 102 232 ) (-304 102 232 ) (-304 102 344.010010 ) (-360 102 344.010010 ) 
4 671 672 (-360 98 232 ) (-304 98 232 ) (-304 98 344.010010 ) (-360 98 344.010010 ) 
4 672 673 (-368 96 352 ) (-368 96 232 ) (-296 96 232 ) (-296 96 352 ) 
4 673 681 (-368 64 232 ) (-296 64 232 ) (-296 64 360 ) (-368 64 360 ) 
4 673 675 (-368 96 232 ) (-368 64 232 ) (-368 64 360 ) (-368 96 360 ) 
4 674 676 (-392 160 360 ) (-392 160 232 ) (-392 104 232 ) (-392 104 360 ) 
4 675 681 (-392 64 232 ) (-368 64 232 ) (-368 64 360 ) (-392 64 360 ) 
4 676 677 (-400 160 360 ) (-400 160 232 ) (-400 104 232 ) (-400 104 360 ) 
4 677 678 (-512 160 352 ) (-512 160 232 ) (-512 88 232 ) (-512 88 352 ) 
4 678 679 (-514 152 232 ) (-514 96 232 ) (-514 96 344.010010 ) (-514 152 344.010010 ) 
4 679 680 (-518 152 232 ) (-518 96 232 ) (-518 96 344.010010 ) (-518 152 344.010010 ) 
4 680 694 (-520 160 352 ) (-520 160 232 ) (-520 88 232 ) (-520 88 352 ) 
4 681 682 (-392 56 232 ) (-248 56 232 ) (-248 56 360 ) (-392 56 360 ) 
4 682 825 (-248 0 360 ) (-520 0 360 ) (-520 0 232 ) (-248 0 232 ) 
4 682 695 (-520 0 232 ) (-520 0 360 ) (-520 56 360 ) (-520 56 232 ) 
4 682 686 (-520 0 232 ) (-520 48 232 ) (-416 48 232 ) (-416 0 232 ) 
4 683 716 (-392 216 224 ) (-520 216 224 ) (-520 248 224 ) (-392 248 224 ) 
4 683 715 (-248 248 224 ) (-248 216 224 ) (-392 216 224 ) (-392 248 224 ) 
4 683 689 (-520 256 224 ) (-520 216 224 ) (-520 216 232 ) (-520 236 232 ) 
4 684 711 (-248 296 224 ) (-248 276 224 ) (-520 276 224 ) (-520 296 224 ) 
4 684 705 (-520 1024 224 ) (-248 1024 224 ) (-248 296 224 ) (-520 296 224 ) 
4 684 690 (-520 1024 224 ) (-520 276 224 ) (-520 256 232 ) (-520 1024 232 ) 
4 685 716 (-520 176 224 ) (-520 184 224 ) (-512 184 224 ) (-512 176 224 ) 
4 686 835 (-520 0 232 ) (-520 0 224 ) (-480 0 224 ) (-480 0 232 ) 
4 686 834 (-480 0 224 ) (-416 0 224 ) (-416 0 232 ) (-480 0 232 ) 
4 686 725 (-480 0 224 ) (-520 0 224 ) (-520 48 224 ) (-480 48 224 ) 
4 686 723 (-464 0 224 ) (-480 0 224 ) (-480 48 224 ) (-464 48 224 ) 
4 686 721 (-448 0 224 ) (-464 0 224 ) (-464 48 224 ) (-448 48 224 ) 
4 686 719 (-432 0 224 ) (-448 0 224 ) (-448 48 224 ) (-432 48 224 ) 
4 686 718 (-416 0 224 ) (-432 0 224 ) (-432 48 224 ) (-416 48 224 ) 
4 686 698 (-520 48 224 ) (-520 0 224 ) (-520 0 232 ) (-520 48 232 ) 
4 687 692 (-556 184 352 ) (-604 184 352 ) (-604 184 264 ) (-556 184 264 ) 
4 687 693 (-644 184 352 ) (-692 184 352 ) (-692 184 264 ) (-644 184 264 ) 
4 687 688 (-736 216 248 ) (-736 1024 248 ) (-520 1024 248 ) (-520 216 248 ) 
4 687 691 (-736 184 248 ) (-736 184 360 ) (-736 1024 360 ) (-736 1024 248 ) 
4 688 690 (-736 236 240 ) (-736 1024 240 ) (-520 1024 240 ) (-520 236 240 ) 
4 688 691 (-736 216 248 ) (-736 1024 248 ) (-736 1024 240 ) (-736 236 240 ) 
4 689 741 (-568 184 224 ) (-576 184 224 ) (-576 248 224 ) (-568 248 224 ) 
4 689 742 (-576 184 224 ) (-728 184 224 ) (-728 248 224 ) (-576 248 224 ) 
4 689 728 (-536 184 224 ) (-568 184 224 ) (-568 248 224 ) (-536 248 224 ) 
4 689 716 (-520 248 224 ) (-520 184 224 ) (-528 184 224 ) (-528 248 224 ) 
4 690 711 (-520 296 224 ) (-520 276 224 ) (-736 276 224 ) (-736 296 224 ) 
4 690 705 (-736 1024 224 ) (-520 1024 224 ) (-520 296 224 ) (-736 296 224 ) 
4 690 691 (-736 1024 224 ) (-736 276 224 ) (-736 236 240 ) (-736 1024 240 ) 
4 691 768 (-1024 184 360 ) (-1024 336 360 ) (-1024 336 224 ) (-1024 184 224 ) 
4 691 764 (-1024 336 360 ) (-1024 1024 360 ) (-1024 1024 224 ) (-1024 336 224 ) 
4 691 743 (-800 248 224 ) (-736 248 224 ) (-736 184 224 ) (-800 184 224 ) 
4 691 749 (-1024 184 224 ) (-1024 248 224 ) (-800 248 224 ) (-800 184 224 ) 
4 691 712 (-1024 248 224 ) (-1024 296 224 ) (-736 296 224 ) (-736 248 224 ) 
4 691 705 (-1024 296 224 ) (-1024 1024 224 ) (-736 1024 224 ) (-736 296 224 ) 
4 691 699 (-800 184 224 ) (-736 184 224 ) (-736 184 360 ) (-800 184 360 ) 
4 691 704 (-1024 184 224 ) (-800 184 224 ) (-800 184 360 ) (-1024 184 360 ) 
4 692 696 (-576 176 264 ) (-568 176 264 ) (-568 176 352 ) (-576 176 352 ) 
4 692 697 (-604 176 264 ) (-576 176 264 ) (-576 176 352 ) (-604 176 352 ) 
4 692 694 (-568 176 264 ) (-556 176 264 ) (-556 176 352 ) (-568 176 352 ) 
4 693 697 (-692 176 264 ) (-644 176 264 ) (-644 176 352 ) (-692 176 352 ) 
4 694 696 (-568 176 360 ) (-568 176 232 ) (-568 64 232 ) (-568 64 360 ) 
4 695 825 (-520 0 360 ) (-568 0 360 ) (-568 0 232 ) (-520 0 232 ) 
4 695 698 (-520 48 232 ) (-520 0 232 ) (-560 0 232 ) (-560 48 232 ) 
4 696 697 (-576 176 360 ) (-576 176 232 ) (-576 64 232 ) (-576 64 360 ) 
4 697 826 (-576 0 360 ) (-728 0 360 ) (-728 0 232 ) (-576 0 232 ) 
4 697 702 (-728 0 232 ) (-728 0 360 ) (-728 25 360 ) (-728 25 232 ) 
4 697 701 (-728 25 360 ) (-728 96 360 ) (-728 96 232 ) (-728 25 232 ) 
4 698 835 (-560 0 224 ) (-520 0 224 ) (-520 0 232 ) (-560 0 232 ) 
4 698 734 (-528 0 224 ) (-560 0 224 ) (-560 48 224 ) (-528 48 224 ) 
4 698 725 (-520 48 224 ) (-520 0 224 ) (-528 0 224 ) (-528 48 224 ) 
3 699 746 (-796 44 224 ) (-800 40 224 ) (-800 48 224 ) 
5 699 743 (-800 184 224 ) (-736 184 224 ) (-736 104 224 ) (-764 76 224 ) (-800 112 224 ) 
4 699 736 (-764 76 224 ) (-796 44 224 ) (-800 48 224 ) (-800 112 224 ) 
4 699 700 (-764 76.001015 264 ) (-764 76.001007 352 ) (-796 44 352 ) (-796 44 264 ) 
4 699 704 (-800 184 360 ) (-800 184 224 ) (-800 40 224 ) (-800 40 360 ) 
4 700 701 (-756 68 264 ) (-756 68 352 ) (-788 35.998997 352 ) (-788 36 264 ) 
4 701 702 (-728 25 232 ) (-728 25 360 ) (-792 25 360 ) (-792 25 232 ) 
4 702 836 (-728 0 360 ) (-792 0 360 ) (-792 0 232 ) (-728 0 232 ) 
4 702 703 (-792 25 352 ) (-792 25 264 ) (-792 0 264 ) (-792 0 352 ) 
4 703 837 (-800 0 352 ) (-800 0 264 ) (-792 0 264 ) (-792 0 352 ) 
4 703 704 (-800 0 264 ) (-800 0 352 ) (-800 25 352 ) (-800 25 264 ) 
4 704 845 (-800 0 360 ) (-1024 0 360 ) (-1024 0 224 ) (-800 0 224 ) 
4 704 768 (-1024 0 224 ) (-1024 0 360 ) (-1024 184 360 ) (-1024 184 224 ) 
4 704 749 (-1024 0 224 ) (-1024 184 224 ) (-800 184 224 ) (-800 0 224 ) 
4 705 768 (-1024 296 224 ) (-1024 336 224 ) (-1024 336 101 ) (-1024 296 98.500000 ) 
3 705 765 (-1024 1024 146.962952 ) (-1024 1024 144 ) (-1024 768 128 ) 
5 705 764 (-1024 336 224 ) (-1024 1024 224 ) (-1024 1024 146.962952 ) (-1024 768 128 ) (-1024 336 101 ) 
4 705 711 (-240 296 224 ) (-736 296 224 ) (-736 296 216 ) (-240 296 216 ) 
4 705 710 (-736 296 208 ) (-736 296 98.500000 ) (-728 296 98.500000 ) (-728 296 208 ) 
4 705 709 (-728 296 98.500000 ) (-240 296 98.500000 ) (-240 296 208 ) (-728 296 208 ) 
4 705 708 (0 296 98.500000 ) (0 296 224 ) (-240 296 224 ) (-240 296 98.500000 ) 
4 705 712 (-736 296 224 ) (-1024 296 224 ) (-1024 296 98.500000 ) (-736 296 98.500000 ) 
5 705 707 (0 296 98.500000 ) (-218.074066 296 98.500000 ) (-288 768.001099 128 ) (-320 1024 144 ) (0 1024 144 ) 
4 705 706 (-218.074066 296 98.500000 ) (-1024 296 98.500000 ) (-1024 768 128 ) (-288 768 128 ) 
4 706 768 (-1024 336 96 ) (-1024 296 96 ) (-1024 296 98.500000 ) (-1024 336 101 ) 
3 706 764 (-1024 336 96 ) (-1024 336 101 ) (-1024 768 128 ) 
3 706 752 (-224 336 96 ) (-218.074066 296 96 ) (-224 296 96 ) 
4 706 710 (-736 296 96 ) (-728 296 96 ) (-728 296 98.500000 ) (-736 296 98.500000 ) 
4 706 709 (-728 296 96 ) (-240 296 96 ) (-240 296 98.500000 ) (-728 296 98.500000 ) 
4 706 708 (-240 296 96 ) (-218.074036 296 96 ) (-218.074066 296 98.500000 ) (-240 296 98.500000 ) 
4 706 712 (-1024 296 96 ) (-736 296 96 ) (-736 296 98.500000 ) (-1024 296 98.500000 ) 
4 706 707 (-288.055634 768.374390 128.027740 ) (-218.074219 296 98.504395 ) (-218.074219 296 96 ) (-224 336 96 ) 
4 707 752 (0 336 96 ) (0 296 96 ) (-218.074066 296 96 ) (-224 336 96 ) 
4 707 751 (-288 768 96 ) (0 768 96 ) (0 336 96 ) (-224 336 96 ) 
4 707 708 (-218.074036 296 96 ) (0 296 96 ) (0 296 98.500000 ) (-218.074066 296 98.500000 ) 
4 708 752 (-224 296 96 ) (0 296 96 ) (0 248 96 ) (-224 248 96 ) 
4 708 713 (-240 248 96 ) (0 248 96 ) (0 248 224 ) (-240 248 224 ) 
3 708 711 (-240 296 224 ) (-240 296 216 ) (-240 276 224 ) 
4 708 709 (-240 296 208 ) (-240 296 96 ) (-240 256 96 ) (-240 256 224 ) 
4 709 710 (-728 256 224 ) (-728 296 207.998047 ) (-728 296 96 ) (-728 256 96 ) 
4 710 712 (-736 296 208 ) (-736 296 96 ) (-736 256 96 ) (-736 256 224 ) 
3 711 712 (-736 296 224 ) (-736 296 216 ) (-736 276 224 ) 
4 712 768 (-1024 248 224 ) (-1024 296 224 ) (-1024 296 96 ) (-1024 248 96 ) 
4 712 743 (-800 248 96 ) (-736 248 96 ) (-736 248 224 ) (-800 248 224 ) 
4 712 749 (-1024 248 96 ) (-800 248 96 ) (-800 248 224 ) (-1024 248 224 ) 
4 713 878 (0 0 96 ) (0 0 224 ) (-240 0 224 ) (-240 0 96 ) 
4 713 752 (0 0 96 ) (-224 0 96 ) (-224 248 96 ) (0 248 96 ) 
4 713 714 (-240 48 128 ) (-240 0 128 ) (-240 0 216 ) (-240 48 216 ) 
4 714 717 (-248 48 128 ) (-248 0 128 ) (-248 0 216 ) (-248 48 216 ) 
4 715 717 (-392 56 96 ) (-248 56 96 ) (-248 56 224 ) (-392 56 224 ) 
4 715 716 (-392 248 224 ) (-392 248 96 ) (-392 64 96 ) (-392 64 224 ) 
4 716 729 (-528 144 96 ) (-528 72 96 ) (-528 72 216 ) (-528 144 216 ) 
4 716 727 (-528 152 136 ) (-528 152 200 ) (-528 240 200 ) (-528 240 136 ) 
4 717 901 (-312 0 224 ) (-416 0 224 ) (-416 0 96 ) (-312 0 96 ) 
4 717 888 (-272 0 224 ) (-280 0 224 ) (-280 0 96 ) (-272 0 96 ) 
4 717 889 (-280 0 224 ) (-312 0 224 ) (-312 0 96 ) (-280 0 96 ) 
4 717 886 (-248 0 224 ) (-272 0 224 ) (-272 0 96 ) (-248 0 96 ) 
4 717 718 (-416 56 224 ) (-416 56 112 ) (-416 0 112 ) (-416 0 224 ) 
4 718 902 (-416 0 224 ) (-432 0 224 ) (-432 0 112 ) (-416 0 112 ) 
4 718 719 (-432 56 224 ) (-432 56 128 ) (-432 0 128 ) (-432 0 224 ) 
4 719 903 (-432 0 224 ) (-448 0 224 ) (-448 0 128 ) (-432 0 128 ) 
4 719 721 (-448 56 224 ) (-448 56 144 ) (-448 0 144 ) (-448 0 224 ) 
4 720 904 (-448 0 112 ) (-448 0 96 ) (-432 0 96 ) (-432 0 112 ) 
4 720 722 (-448 56 112 ) (-448 56 96 ) (-448 0 96 ) (-448 0 112 ) 
4 721 905 (-448 0 224 ) (-464 0 224 ) (-464 0 144 ) (-448 0 144 ) 
4 721 723 (-464 56 224 ) (-464 56 160 ) (-464 0 160 ) (-464 0 224 ) 
4 722 906 (-464 0 128 ) (-464 0 96 ) (-448 0 96 ) (-448 0 128 ) 
4 722 724 (-464 56 128 ) (-464 56 96 ) (-464 0 96 ) (-464 0 128 ) 
4 723 907 (-464 0 224 ) (-480 0 224 ) (-480 0 160 ) (-464 0 160 ) 
4 723 725 (-480 56 224 ) (-480 56 176 ) (-480 0 176 ) (-480 0 224 ) 
4 724 908 (-480 0 144 ) (-480 0 96 ) (-464 0 96 ) (-464 0 144 ) 
4 724 726 (-480 56 144 ) (-480 56 96 ) (-480 0 96 ) (-480 0 144 ) 
4 725 909 (-480 0 224 ) (-528 0 224 ) (-528 0 176 ) (-480 0 176 ) 
4 725 734 (-528 0 176 ) (-528 0 224 ) (-528 56 224 ) (-528 56 176 ) 
4 726 910 (-528 0 160 ) (-528 0 96 ) (-480 0 96 ) (-480 0 160 ) 
4 726 735 (-528 56 96 ) (-528 0 96 ) (-528 0 160 ) (-528 56 160 ) 
4 727 728 (-536 152 136 ) (-536 152 200 ) (-536 240 200 ) (-536 240 136 ) 
4 728 741 (-568 248 224 ) (-568 248 96 ) (-568 144 96 ) (-568 144 224 ) 
4 728 732 (-568 144 224 ) (-568 144 96 ) (-536 144 96 ) (-536 144 224 ) 
4 729 730 (-530 136 96 ) (-530 80 96 ) (-530 80 208 ) (-530 136 208 ) 
4 730 731 (-534 136 96 ) (-534 80 96 ) (-534 80 208 ) (-534 136 208 ) 
4 731 732 (-536 144 216 ) (-536 144 96 ) (-536 72 96 ) (-536 72 216 ) 
4 732 741 (-568 144 96 ) (-568 72 96 ) (-568 72 224 ) (-568 144 224 ) 
4 732 733 (-568 72 224 ) (-568 72 96 ) (-536 72 96 ) (-536 72 224 ) 
4 733 741 (-568 72 96 ) (-568 64 96 ) (-568 64 224 ) (-568 72 224 ) 
4 734 909 (-528 0 224 ) (-568 0 224 ) (-568 0 176 ) (-528 0 176 ) 
4 735 910 (-568 0 160 ) (-568 0 96 ) (-528 0 96 ) (-528 0 160 ) 
4 736 746 (-800 48 224 ) (-800 48 216 ) (-796 44 216 ) (-796 44 224 ) 
4 736 743 (-800 112 216 ) (-800 112 224 ) (-764 76 224 ) (-764 76 216 ) 
4 736 738 (-796.001953 43.998001 216 ) (-800 47.996094 216 ) (-800 112 216 ) (-764 76 216 ) 
4 736 749 (-800 48 216 ) (-800 48 224 ) (-800 112 224 ) (-800 112 216 ) 
4 737 946 (-736 0 224 ) (-752 0 224 ) (-752 0 216 ) (-736 0 216 ) 
4 737 939 (-728 0 224 ) (-736 0 224 ) (-736 0 216 ) (-728 0 216 ) 
4 737 928 (-688 0 224 ) (-728 0 224 ) (-728 0 216 ) (-688 0 216 ) 
4 737 747 (-777 25 216 ) (-752 0 216 ) (-752 0 224 ) (-777 25 224 ) 
4 737 745 (-788 36 216 ) (-777 25 216 ) (-777 25 224 ) (-788 36 224 ) 
4 737 744 (-756 68 224 ) (-728 40 224 ) (-728 40 216 ) (-756 68 216 ) 
4 737 742 (-728 40 224 ) (-688 0 224 ) (-688 0 216 ) (-728 40 216 ) 
4 737 738 (-752.004700 0 216 ) (-788.002075 35.997967 216 ) (-756 68 216 ) (-688 0 216 ) 
4 738 946 (-752 0 216 ) (-752 0 128 ) (-736 0 128 ) (-736 0 216 ) 
4 738 939 (-736 0 128 ) (-728 0 128 ) (-728 0 216 ) (-736 0 216 ) 
4 738 928 (-728 0 128 ) (-688 0 128 ) (-688 0 216 ) (-728 0 216 ) 
4 738 747 (-777 25 128 ) (-752 0 128 ) (-752 0 216 ) (-777 25 216 ) 
4 738 746 (-800 48 216 ) (-800 48 128 ) (-796 44 128 ) (-796 44 216 ) 
4 738 745 (-788 36 128 ) (-777 25 128 ) (-777 25 216 ) (-788 36 216 ) 
4 738 744 (-756 68 216 ) (-728 40 216 ) (-728 40 128 ) (-756 68 128 ) 
4 738 743 (-800 112 128 ) (-800 112 216 ) (-764 76 216 ) (-764 76 128 ) 
4 738 742 (-728 40 216 ) (-688 0 216 ) (-688 0 128 ) (-728 40 128 ) 
4 738 740 (-752.004700 0 128 ) (-788.002075 35.997967 128 ) (-756 68 128 ) (-688 0 128 ) 
4 738 739 (-796.001953 43.998001 128 ) (-800 47.996094 128 ) (-800 112 128 ) (-764 76 128 ) 
4 738 749 (-800 48 128 ) (-800 48 216 ) (-800 112 216 ) (-800 112 128 ) 
4 739 746 (-800 48 128 ) (-800 48 96 ) (-796 44 96 ) (-796 44 128 ) 
4 739 743 (-764 76 96 ) (-800 112 96 ) (-800 112 128 ) (-764 76 128 ) 
4 739 749 (-800 112 96 ) (-800 48 96 ) (-800 48 128 ) (-800 112 128 ) 
4 740 946 (-752 0 128 ) (-752 0 96 ) (-736 0 96 ) (-736 0 128 ) 
4 740 939 (-736 0 96 ) (-728 0 96 ) (-728 0 128 ) (-736 0 128 ) 
4 740 928 (-728 0 96 ) (-688 0 96 ) (-688 0 128 ) (-728 0 128 ) 
4 740 747 (-777 25 96 ) (-752 0 96 ) (-752 0 128 ) (-777 25 128 ) 
4 740 745 (-788 36 96 ) (-777 25 96 ) (-777 25 128 ) (-788 36 128 ) 
4 740 744 (-728 40 96 ) (-756 68 96 ) (-756 68 128 ) (-728 40 128 ) 
4 740 742 (-688 0 96 ) (-728 40 96 ) (-728 40 128 ) (-688 0 128 ) 
4 741 742 (-576 248 224 ) (-576 248 96 ) (-576 64 96 ) (-576 64 224 ) 
4 742 928 (-576 0 224 ) (-688 0 224 ) (-688 0 96 ) (-576 0 96 ) 
4 742 744 (-728 96 96 ) (-728 39.998043 96 ) (-728 39.998039 224 ) (-728 96 224 ) 
4 743 749 (-800 248 224 ) (-800 248 96 ) (-800 112 96 ) (-800 112 224 ) 
4 745 747 (-792 25 96 ) (-776.998047 25 96 ) (-776.998047 25 224 ) (-792 25 224 ) 
4 746 749 (-800 48 96 ) (-800 40 96 ) (-800 40 224 ) (-800 48 224 ) 
4 747 946 (-752 0 224 ) (-792 0 224 ) (-792 0 96 ) (-752 0 96 ) 
4 747 748 (-792 25 216 ) (-792 25 128 ) (-792 0 128 ) (-792 0 216 ) 
4 748 947 (-800 0 216 ) (-800 0 128 ) (-792 0 128 ) (-792 0 216 ) 
4 748 749 (-800 0 128 ) (-800 0 216 ) (-800 25 216 ) (-800 25 128 ) 
4 749 951 (-800 0 224 ) (-1024 0 224 ) (-1024 0 96 ) (-800 0 96 ) 
4 749 768 (-1024 0 96 ) (-1024 0 224 ) (-1024 248 224 ) (-1024 248 96 ) 
4 750 773 (-1024 336 -1504 ) (-1024 336 -64 ) (-1024 1024 -64 ) (-1024 1024 -1504 ) 
5 750 762 (-1024 336 -64 ) (-1024 336 0 ) (-1024 768 32 ) (-1024 1024 48 ) (-1024 1024 -64 ) 
4 750 753 (-1024 336 0 ) (-1024 336 -1504 ) (0 336 -1504 ) (0 336 0 ) 
4 751 752 (0 336 96 ) (-224 336 96 ) (-224 336 63.995739 ) (0 336 63.995739 ) 
4 752 952 (0 0 64 ) (0 0 96 ) (-224 0 96 ) (-224 0 64 ) 
4 753 958 (0 0 -1504 ) (0 0 0 ) (-1024 0 0 ) (-1024 0 -1504 ) 
4 753 773 (-1024 0 -1504 ) (-1024 0 -64 ) (-1024 336 -64 ) (-1024 336 -1504 ) 
4 753 769 (-1024 0 -64 ) (-1024 0 0 ) (-1024 336 0 ) (-1024 336 -64 ) 
4 754 765 (-1024 1024 144 ) (-1024 1024 146.962967 ) (-2048 1024 146.962891 ) (-2048 1024 144 ) 
4 754 764 (-1024 1024 146.962967 ) (-1024 1024 2784 ) (-2048 1024 2784 ) (-2048 1024 146.962891 ) 
5 754 761 (-2048 2048 2784 ) (-2048 2048 256 ) (-2048 1280.001465 160 ) (-2048 1024 144 ) (-2048 1024 2784 ) 
3 754 758 (-1328 2048 256 ) (-1216 2048 256 ) (-1376 1792 224 ) 
4 754 756 (-2048 1280 160 ) (-2048 2048 256 ) (-1328 2048 256 ) (-1472 1280 160 ) 
4 754 755 (-2048 1024 144 ) (-2048 1279.998169 160 ) (-1472 1279.998169 160 ) (-1376 1024 144 ) 
4 755 767 (-1376 1024 144 ) (-1422.222290 1024 144 ) (-1422.222168 1024 128 ) (-1376 1024 128 ) 
4 755 766 (-1422.222290 1024 144 ) (-2048 1024 144 ) (-2048 1024 128 ) (-1422.222168 1024 128 ) 
3 755 761 (-2048 1280.001465 160 ) (-2048 1024 128 ) (-2048 1024 144 ) 
3 755 759 (-1376 1024 128 ) (-1520 1024 128 ) (-1472 1280 160 ) 
4 755 756 (-1520 1024 128 ) (-2048 1024 128 ) (-2048 1280 160 ) (-1472 1280 160 ) 
4 756 773 (-2048 1024 -64 ) (-2048 1024 -1504 ) (-1520 1024 -1504 ) (-1520 1024 -64 ) 
4 756 766 (-1520 1024 128 ) (-2048 1024 128 ) (-2048 1024 48 ) (-1520 1024 48 ) 
4 756 762 (-2048 1024 48 ) (-2048 1024 -64 ) (-1520 1024 -64 ) (-1520 1024 48 ) 
4 756 761 (-2048 2048 256 ) (-2048 2048 -1504 ) (-2048 1024 -1504 ) (-2048 1024 128 ) 
3 756 760 (-1472 1280 64 ) (-1376 1792 96 ) (-1376 1792 128 ) 
4 756 759 (-1472 1280 159.995850 ) (-1520 1024 127.995911 ) (-1520 1024 48 ) (-1472 1280 64 ) 
4 756 758 (-1328 2048 255.995850 ) (-1376 1792 223.995926 ) (-1376 1792 96 ) (-1328 2048 112 ) 
4 756 757 (-1520 1024 48 ) (-1520 1024 -1504 ) (-1328 2048 -1504 ) (-1328 2048 112 ) 
4 757 773 (-1024 1024 -1504 ) (-1024 1024 -64 ) (-1520 1024 -64 ) (-1520 1024 -1504 ) 
4 757 762 (-1024 1024 -64 ) (-1024 1024 48 ) (-1520 1024 48 ) (-1520 1024 -64 ) 
5 757 760 (-1376.002808 1791.995361 96 ) (-1472.001343 1280.003540 64 ) (-1024 1280 64 ) (-1024 2048 112 ) (-1216 2048 112 ) 
3 757 759 (-1472.001343 1280.003540 64 ) (-1520.001953 1024 48 ) (-1376 1024 48 ) 
3 757 758 (-1328.001953 2048 112 ) (-1376.002808 1791.995361 96 ) (-1216 2048 112 ) 
4 758 760 (-1376.003906 1791.992188 128 ) (-1376.003906 1791.992188 96 ) (-1216 2048 112 ) (-1216 2048 160 ) 
4 759 767 (-1376 1024 128 ) (-1422.222290 1024 128 ) (-1422.222290 1024 48 ) (-1376 1024 48 ) 
4 759 766 (-1422.222290 1024 128 ) (-1520 1024 128 ) (-1520 1024 48 ) (-1422.222290 1024 48 ) 
4 761 781 (-3072 1024 -1504 ) (-3072 1024 2784 ) (-3072 2048 2784 ) (-3072 2048 -1504 ) 
4 761 774 (-2048 1024 -1504 ) (-2048 1024 2784 ) (-3072 1024 2784 ) (-3072 1024 -1504 ) 
5 762 774 (-2048 1024 48 ) (-2048 1024 -64 ) (-2048 336 -64 ) (-2048 336 0 ) (-2048 768.013245 32 ) 
4 762 773 (-2048 1024 -64 ) (-1024 1024 -64 ) (-1024 336 -64 ) (-2048 336 -64 ) 
4 762 770 (-2048 336 0 ) (-2048 336 -64 ) (-1184 336 -64 ) (-1184 336 0 ) 
4 762 769 (-1184 336 -64 ) (-1024 336 -64 ) (-1024 336 0 ) (-1184 336 0 ) 
3 762 767 (-1376 1024 48 ) (-1422.222168 1024 48 ) (-1280 768 32 ) 
4 762 766 (-1422.222168 1024 48 ) (-2048 1024 48 ) (-2048 768 32 ) (-1280 768 32 ) 
4 762 763 (-1279.991211 767.984375 32 ) (-2048 767.984375 32 ) (-2048 336 0 ) (-1040 336 0 ) 
3 763 774 (-2048 336 0 ) (-2048 336 5 ) (-2048 768.013245 32 ) 
4 763 770 (-2048 336 5 ) (-2048 336 0 ) (-1184 336 0 ) (-1184 336 5 ) 
4 763 766 (-2048 768 32 ) (-2048 336 5 ) (-1040 336 5 ) (-1280 768 32 ) 
4 764 774 (-2048 1024 2784 ) (-2048 1024 146.962891 ) (-2048 336 96 ) (-2048 336 2784 ) 
4 764 768 (-2048 336 2784 ) (-2048 336 96 ) (-1024 336 96 ) (-1024 336 2784 ) 
4 764 766 (-1040 336 96 ) (-2048 336 96 ) (-2048 767.988647 128 ) (-1279.993652 767.988647 128 ) 
4 764 765 (-2048 767.988647 128 ) (-2048 1024 146.963135 ) (-1024 1024 146.963135 ) (-1024 767.988647 128 ) 
3 765 774 (-2048 1024 146.962891 ) (-2048 1024 144 ) (-2048 768.004089 128 ) 
3 765 767 (-1280 768 128 ) (-1422.222168 1024 144 ) (-1376 1024 144 ) 
4 765 766 (-1279.996704 767.994141 128 ) (-2048 767.994080 128 ) (-2048 1024 144 ) (-1422.222168 1024 144 ) 
5 766 774 (-2048 1024 144 ) (-2048 1024 48 ) (-2048 336 5 ) (-2048 336 96 ) (-2048 768.004089 128 ) 
4 766 770 (-2048 336 96 ) (-2048 336 5 ) (-1184 336 5 ) (-1184 336 96 ) 
5 766 767 (-1422.224609 1024 144 ) (-1280.041016 768.070312 128.005371 ) (-1279.996094 767.989441 128 ) (-1279.997070 767.992126 31.998993 ) (-1422.223633 1024 48 ) 
4 768 960 (-1024 0 96 ) (-1024 0 2784 ) (-2048 0 2784 ) (-2048 0 96 ) 
4 768 774 (-2048 0 96 ) (-2048 0 2784 ) (-2048 336 2784 ) (-2048 336 96 ) 
4 768 771 (-1232 0 96 ) (-1312 0 96 ) (-1312 48 96 ) (-1232 48 96 ) 
4 768 772 (-1360 0 96 ) (-2048 0 96 ) (-2048 48 96 ) (-1360 48 96 ) 
4 768 770 (-2048 336 96 ) (-1184 336 96 ) (-1184 48 96 ) (-2048 48 96 ) 
4 769 969 (-1024 0 -64 ) (-1024 0 0 ) (-1184 0 0 ) (-1184 0 -64 ) 
4 769 773 (-1024 336 -64 ) (-1024 0 -64 ) (-1184 0 -64 ) (-1184 336 -64 ) 
4 769 770 (-1184 336 0 ) (-1184 336 -64 ) (-1184 48 -64 ) (-1184 48 0 ) 
4 770 774 (-2048 336 -64 ) (-2048 48 -64 ) (-2048 48 96 ) (-2048 336 96 ) 
4 770 773 (-2048 48 -64 ) (-2048 336 -64 ) (-1184 336 -64 ) (-1184 48 -64 ) 
4 770 771 (-1312 48 -64 ) (-1232 48 -64 ) (-1232 48 96 ) (-1312 48 96 ) 
4 770 772 (-2048 48 -64 ) (-1360 48 -64 ) (-1360 48 96 ) (-2048 48 96 ) 
4 771 972 (-1312 0 92 ) (-1312 0 -64 ) (-1232 0 -64 ) (-1232 0 92 ) 
4 771 961 (-1232 0 96 ) (-1312 0 96 ) (-1312 0 92 ) (-1232 0 92 ) 
4 771 773 (-1232 0 -64 ) (-1312 0 -64 ) (-1312 48 -64 ) (-1232 48 -64 ) 
4 772 977 (-2048 0 92 ) (-2048 0 -64 ) (-1360 0 -64 ) (-1360 0 92 ) 
4 772 963 (-1360 0 96 ) (-2048 0 96 ) (-2048 0 92 ) (-1360 0 92 ) 
4 772 774 (-2048 48 -64 ) (-2048 0 -64 ) (-2048 0 96 ) (-2048 48 96 ) 
4 772 773 (-1360 0 -64 ) (-2048 0 -64 ) (-2048 48 -64 ) (-1360 48 -64 ) 
4 773 988 (-1024 0 -1504 ) (-1024 0 -64 ) (-2048 0 -64 ) (-2048 0 -1504 ) 
4 773 774 (-2048 1024 -64 ) (-2048 1024 -1504 ) (-2048 0 -1504 ) (-2048 0 -64 ) 
4 774 989 (-2048 0 -1504 ) (-2048 0 2784 ) (-3072 0 2784 ) (-3072 0 -1504 ) 
4 774 782 (-3072 0 -1504 ) (-3072 0 2784 ) (-3072 1024 2784 ) (-3072 1024 -1504 ) 
4 775 778 (-4096 4096 2784 ) (-4096 4096 -1504 ) (-4096 4000 -1504 ) (-4096 4000 2784 ) 
4 776 779 (-4096 3552 -1504 ) (-4096 3072 -1504 ) (-4096 3072 2784 ) (-4096 3552 2784 ) 
4 776 777 (-3072 3072 -1504 ) (-3072 3072 2784 ) (-4096 3072 2784 ) (-4096 3072 -1504 ) 
4 777 781 (-3072 2048 -1504 ) (-3072 2048 2784 ) (-4096 2048 2784 ) (-4096 2048 -1504 ) 
4 777 780 (-4096 2048 -1504 ) (-4096 2048 2784 ) (-4096 3072 2784 ) (-4096 3072 -1504 ) 
4 779 780 (-4096 3072 -1504 ) (-4096 3072 2784 ) (-4320 3072 2784 ) (-4320 3072 -1504 ) 
4 780 783 (-4096 2048 -1504 ) (-4096 2048 2784 ) (-4320 2048 2784 ) (-4320 2048 -1504 ) 
4 781 783 (-4096 2048 2784 ) (-4096 2048 -1504 ) (-4096 1024 -1504 ) (-4096 1024 2784 ) 
4 781 782 (-3072 1024 -1504 ) (-3072 1024 2784 ) (-4096 1024 2784 ) (-4096 1024 -1504 ) 
4 782 998 (-3072 0 -1504 ) (-3072 0 2784 ) (-4096 0 2784 ) (-4096 0 -1504 ) 
4 782 784 (-4096 0 -1504 ) (-4096 0 2784 ) (-4096 1024 2784 ) (-4096 1024 -1504 ) 
4 783 784 (-4096 1024 -1504 ) (-4096 1024 2784 ) (-4320 1024 2784 ) (-4320 1024 -1504 ) 
4 784 1000 (-4096 0 -1504 ) (-4096 0 2784 ) (-4320 0 2784 ) (-4320 0 -1504 ) 
3 785 801 (0 -192 480 ) (0 -192 1282.669922 ) (-688.002747 -192 480 ) 
4 785 795 (-688.003967 -192 480 ) (0 -192 1282.671875 ) (0 -80 1282.671875 ) (-688.003906 -80 480 ) 
4 785 792 (0 -80 1282.671875 ) (0 0 1282.671875 ) (-688.003906 0 480 ) (-688.003906 -80 480 ) 
4 785 786 (0 -192 480 ) (-288 -192 480 ) (-288 0 480 ) (0 0 480 ) 
4 786 803 (0 -192 472 ) (0 -192 480 ) (-288 -192 480 ) (-281.142883 -192 472 ) 
4 786 788 (0 -192 472 ) (-281.142883 -192 472 ) (-281.142883 0 472 ) (0 0 472 ) 
3 787 797 (-688.003967 -144 480 ) (-694.861084 -137.141846 472 ) (-694.861084 -144 472 ) 
3 787 789 (-694.859375 -144 472 ) (-694.859375 -137.143570 472 ) (-688.002808 -144 472 ) 
4 788 806 (-240 0 424 ) (0 0 424 ) (0 -192 424 ) (-240 -192 424 ) 
4 788 803 (-240 -192 424 ) (0 -192 424 ) (0 -192 472 ) (-281.142883 -192 472 ) 
4 789 811 (-736.002747 0 424 ) (-728 0 424 ) (-728 -144 424 ) (-736.002747 -135.997223 424 ) 
4 789 810 (-728 0 424 ) (-576 0 424 ) (-576 -144 424 ) (-728 -144 424 ) 
4 789 807 (-576 0 424 ) (-248 0 424 ) (-248 -144 424 ) (-576 -144 424 ) 
4 789 797 (-736.003906 -96 424 ) (-736.003906 -144 424 ) (-694.861084 -144 472 ) (-694.861084 -137.141846 472 ) 
4 789 796 (-736.003906 -80 424 ) (-736.003906 -96 424 ) (-694.861084 -137.141846 472 ) (-694.861084 -80 472 ) 
4 789 794 (-736.003906 0 424 ) (-736.003906 -80 424 ) (-694.861084 -80 472 ) (-694.861023 0 472 ) 
4 789 790 (-248.003906 -144 424 ) (-288.003906 -144 472 ) (-688.006470 -144 472 ) (-728.006470 -144 424 ) 
4 790 810 (-576 -192 424 ) (-728.006470 -192 424 ) (-728.006531 -144 424 ) (-576 -144 424 ) 
4 790 807 (-248 -144 424 ) (-248 -192 424 ) (-576 -192 424 ) (-576 -144 424 ) 
4 790 804 (-728.006531 -192 424 ) (-288 -192 424 ) (-288 -192 472 ) (-688.006470 -192 472 ) 
3 790 802 (-288 -192 424 ) (-248 -192 424 ) (-288 -192 470.665985 ) 
4 791 960 (-1024 0 2784 ) (-1024 0 472 ) (-1024 -80 472 ) (-1024 -80 2784 ) 
4 791 798 (-1024 -80 480 ) (-1024 -80 472 ) (-766.666748 -80 472 ) (-760 -80 480 ) 
5 791 795 (0 -80 1357.333252 ) (0 -80 2784 ) (-1024 -80 2784 ) (-1024 -80 480 ) (-752 -80 480 ) 
4 791 793 (-758.857056 -80 472 ) (-1024 -80 472 ) (-1024 0 472 ) (-758.857056 0 472 ) 
4 791 792 (0 -80 1357.335571 ) (-752.002197 -80 480 ) (-752.002258 0 480 ) (0 0 1357.335693 ) 
4 792 795 (-688 -80 480 ) (0 -80 1282.667358 ) (0 -80 1357.333252 ) (-752 -80 480 ) 
4 793 960 (-1024 0 472 ) (-1024 0 424 ) (-1024 -80 424 ) (-1024 -80 472 ) 
4 793 814 (-1024 -80 424 ) (-1024 0 424 ) (-800 0 424 ) (-800 -80 424 ) 
3 793 799 (-806.666626 -80 424 ) (-800 -80 424 ) (-800 -80 432 ) 
4 793 798 (-1024 -80 424 ) (-806.666626 -80 424 ) (-766.666626 -80 472 ) (-1024 -80 472 ) 
4 794 813 (-792 0 424 ) (-736.002747 0 424 ) (-736.002747 -80 424 ) (-792 -80 424 ) 
3 794 797 (-792 -80 424 ) (-752.003967 -80 424 ) (-752.003967 -80 471.995331 ) 
5 794 796 (-752.003967 -80 424 ) (-736 -80 424 ) (-694.857178 -80 472 ) (-752 -80 472 ) (-752.003967 -80 471.995331 ) 
4 795 960 (-1024 -192 480 ) (-1024 -192 2784 ) (-1024 -80 2784 ) (-1024 -80 480 ) 
5 795 801 (-688.002747 -192 480 ) (0 -192 1282.669922 ) (0 -192 2784 ) (-1024 -192 2784 ) (-1024 -192 480 ) 
4 795 798 (-1024 -80 480 ) (-760 -80 480 ) (-696 -144 480 ) (-1024 -144 480 ) 
4 795 800 (-688.003906 -144 480 ) (-688.003906 -192 480 ) (-1024 -192 480 ) (-1024 -144 480 ) 
3 796 813 (-752.003906 -80 424 ) (-736.002747 -80 424 ) (-736.002747 -96 424 ) 
4 796 797 (-752.007812 -80 472 ) (-752.007812 -80 424 ) (-736.002075 -96.005737 424 ) (-694.857422 -137.150375 472 ) 
4 797 813 (-792 -80 424 ) (-752.003906 -80 424 ) (-736.002747 -96 424 ) (-736.002747 -135.997253 424 ) 
4 798 960 (-1024 -80 424 ) (-1024 -144 424 ) (-1024 -144 480 ) (-1024 -80 480 ) 
3 798 812 (-744 -144 424 ) (-800 -144 424 ) (-800 -88 424 ) 
5 798 814 (-1024 -144 424 ) (-1024 -80 424 ) (-806.666626 -80 424 ) (-800 -86.666641 424 ) (-800 -144 424 ) 
4 798 799 (-736 -144 431.998077 ) (-742.665100 -144 424 ) (-806.666687 -80 424 ) (-800 -80 432 ) 
4 798 800 (-1024 -144 424 ) (-742.666687 -144 424 ) (-696 -144 480 ) (-1024 -144 480 ) 
3 799 814 (-806.666626 -80 424 ) (-800 -80 424 ) (-800 -86.666641 424 ) 
4 799 800 (-742.666687 -144 424 ) (-736.003906 -144 424 ) (-736 -144 424.004517 ) (-736 -144 432 ) 
4 800 960 (-1024 -144 424 ) (-1024 -192 424 ) (-1024 -192 480 ) (-1024 -144 480 ) 
5 800 812 (-800 -144 424 ) (-744 -144 424 ) (-736.002747 -151.997330 424 ) (-736.002747 -192 424 ) (-800 -192 424 ) 
4 800 814 (-1024 -192 424 ) (-1024 -144 424 ) (-800 -144 424 ) (-800 -192 424 ) 
4 800 805 (-1024 -192 424 ) (-736.002747 -192 424 ) (-688.002747 -192 480 ) (-1024 -192 480 ) 
5 801 960 (-1024 -240 424 ) (-1024 -1024 424 ) (-1024 -1024 2784 ) (-1024 -192 2784 ) (-1024 -192 480 ) 
4 801 959 (0 -1024 424 ) (0 -1024 2784 ) (-1024 -1024 2784 ) (-1024 -1024 424 ) 
4 801 818 (-736 -240 424 ) (-280 -240 424 ) (-280 -480 424 ) (-736 -480 424 ) 
4 801 819 (-280 -480 424 ) (-280 -1024 424 ) (-736 -1024 424 ) (-736 -480 424 ) 
4 801 817 (-280 -240 424 ) (0 -240 424 ) (0 -1024 424 ) (-280 -1024 424 ) 
4 801 820 (-1024 -1024 424 ) (-1024 -240 424 ) (-736 -240 424 ) (-736 -1024 424 ) 
4 801 805 (-736.002808 -240 424 ) (-1024 -240 424 ) (-1024 -192 480 ) (-688.002747 -192 480 ) 
4 801 803 (0 -240 424 ) (-240 -240 424 ) (-288 -192 480 ) (0 -192 480 ) 
4 802 807 (-288 -192 424 ) (-248 -192 424 ) (-248 -232 424 ) (-288 -232 424 ) 
3 802 804 (-288 -192 470.666626 ) (-288 -192 424 ) (-288 -232 424 ) 
4 803 815 (0 -232 424 ) (0 -240 424 ) (-240 -240 424 ) (-240 -232 424 ) 
4 803 806 (-240 -192 424 ) (0 -192 424 ) (0 -232 424 ) (-240 -232 424 ) 
4 804 810 (-728.006531 -192 424 ) (-576 -192 424 ) (-576 -232 424 ) (-728.006470 -232 424 ) 
4 804 807 (-576 -192 424 ) (-288 -192 424 ) (-288 -232 424 ) (-576 -232 424 ) 
3 805 960 (-1024 -192 424 ) (-1024 -240 424 ) (-1024 -192 480 ) 
4 805 816 (-1024 -240 424 ) (-1024 -232 424 ) (-736.002808 -232 424 ) (-736.002808 -240 424 ) 
4 805 812 (-800 -192 424 ) (-736.002747 -192 424 ) (-736.002808 -232 424 ) (-800 -232 424 ) 
4 805 814 (-1024 -232 424 ) (-1024 -192 424 ) (-800 -192 424 ) (-800 -232 424 ) 
4 806 815 (0 -232 400 ) (0 -232 424 ) (-240 -232 424 ) (-240 -232 400 ) 
4 806 808 (0 -232 400 ) (-240 -232 400 ) (-240 0 400 ) (0 0 400 ) 
4 807 810 (-576 -232 408 ) (-576 -232 424 ) (-576 0 424 ) (-576 0 408 ) 
4 808 821 (-240 0 360 ) (0 0 360 ) (0 -232 360 ) (-240 -232 360 ) 
4 808 815 (-240 -232 360 ) (0 -232 360 ) (0 -232 400 ) (-240 -232 400 ) 
4 809 832 (-248 -192 360 ) (-248 -232 360 ) (-568 -232 360 ) (-568 -192 360 ) 
4 809 827 (-248 -120 360 ) (-248 -192 360 ) (-568 -192 360 ) (-568 -120 360 ) 
4 809 825 (-568 0 360 ) (-248 0 360 ) (-248 -120 360 ) (-568 -120 360 ) 
4 810 833 (-576 -192 360 ) (-576 -232 360 ) (-728 -232 360 ) (-728 -192 360 ) 
4 810 831 (-576 -120 360 ) (-576 -192 360 ) (-728 -192 360 ) (-728 -120 360 ) 
4 810 826 (-728 0 360 ) (-576 0 360 ) (-576 -120 360 ) (-728 -120 360 ) 
4 810 811 (-728 0 360 ) (-728 -144 360 ) (-728 -144 424 ) (-728 0 424 ) 
4 811 844 (-728 -73 360 ) (-728 -144 360 ) (-736 -136 360 ) (-736 -73 360 ) 
4 811 836 (-736 0 360 ) (-728 0 360 ) (-728 -73 360 ) (-736 -73 360 ) 
4 811 813 (-736 0 360 ) (-736 -136 360 ) (-736 -136 424 ) (-736 0 424 ) 
5 812 843 (-736 -152 360 ) (-736 -232 360 ) (-800 -232 360 ) (-800 -160 360 ) (-764 -124 360 ) 
3 812 842 (-800 -96 360 ) (-800 -88 360 ) (-796 -92 360 ) 
4 812 839 (-800 -160 360 ) (-800 -96 360 ) (-796 -92 360 ) (-764 -124 360 ) 
4 812 816 (-800 -232 360 ) (-736 -232 360 ) (-736 -232 424 ) (-800 -232 424 ) 
4 812 814 (-800 -88 360 ) (-800 -232 360 ) (-800 -232 424 ) (-800 -88 424 ) 
4 813 844 (-736 -73 360 ) (-736 -136 360 ) (-792 -80 360 ) (-792 -73 360 ) 
4 813 836 (-792 0 360 ) (-736 0 360 ) (-736 -73 360 ) (-792 -73 360 ) 
4 814 960 (-1024 0 424 ) (-1024 0 360 ) (-1024 -232 360 ) (-1024 -232 424 ) 
4 814 845 (-1024 -232 360 ) (-1024 0 360 ) (-800 0 360 ) (-800 -232 360 ) 
4 814 816 (-1024 -232 360 ) (-800 -232 360 ) (-800 -232 424 ) (-1024 -232 424 ) 
4 815 821 (-240 -232 360 ) (0 -232 360 ) (0 -240 360 ) (-240 -240 360 ) 
4 815 817 (-240 -240 360 ) (0 -240 360 ) (0 -240 424 ) (-240 -240 424 ) 
4 816 960 (-1024 -232 360 ) (-1024 -240 360 ) (-1024 -240 424 ) (-1024 -232 424 ) 
4 816 853 (-1024 -240 360 ) (-1024 -232 360 ) (-736 -232 360 ) (-736 -240 360 ) 
4 816 820 (-1024 -240 360 ) (-736 -240 360 ) (-736 -240 424 ) (-1024 -240 424 ) 
4 817 959 (0 -1024 360 ) (0 -1024 424 ) (-280 -1024 424 ) (-280 -1024 360 ) 
4 817 874 (-280 -472 360 ) (-280 -464 360 ) (0 -464 360 ) (0 -472 360 ) 
4 817 877 (0 -1024 360 ) (-280 -1024 360 ) (-280 -472 360 ) (0 -472 360 ) 
4 817 856 (-280 -464 360 ) (-280 -240 360 ) (0 -240 360 ) (0 -464 360 ) 
4 817 818 (-280 -240 424 ) (-280 -240 368 ) (-280 -480 368 ) (-280 -480 424 ) 
4 817 819 (-280 -480 360 ) (-280 -1024 360 ) (-280 -1024 424 ) (-280 -480 424 ) 
4 818 819 (-736 -480 424 ) (-736 -480 368 ) (-280 -480 368 ) (-280 -480 424 ) 
4 818 820 (-736 -240 424 ) (-736 -240 368 ) (-736 -480 368 ) (-736 -480 424 ) 
4 819 959 (-280 -1024 424 ) (-736 -1024 424 ) (-736 -1024 360 ) (-280 -1024 360 ) 
4 819 877 (-280 -1024 360 ) (-736 -1024 360 ) (-736 -480 360 ) (-280 -480 360 ) 
4 819 820 (-736 -480 360 ) (-736 -1024 360 ) (-736 -1024 424 ) (-736 -480 424 ) 
4 820 960 (-1024 -240 360 ) (-1024 -1024 360 ) (-1024 -1024 424 ) (-1024 -240 424 ) 
4 820 959 (-736 -1024 424 ) (-1024 -1024 424 ) (-1024 -1024 360 ) (-736 -1024 360 ) 
4 820 876 (-1024 -472 360 ) (-1024 -464 360 ) (-736 -464 360 ) (-736 -472 360 ) 
4 820 877 (-736 -1024 360 ) (-1024 -1024 360 ) (-1024 -472 360 ) (-736 -472 360 ) 
4 820 873 (-1024 -464 360 ) (-1024 -240 360 ) (-736 -240 360 ) (-736 -464 360 ) 
4 821 878 (-240 0 224 ) (0 0 224 ) (0 -240 224 ) (-240 -240 224 ) 
4 821 870 (-240 -240 224 ) (0 -240 224 ) (0 -240 232 ) (-240 -240 232 ) 
4 821 856 (0 -240 232 ) (0 -240 360 ) (-240 -240 360 ) (-240 -240 232 ) 
4 821 823 (-240 -108 352 ) (-240 -60 352 ) (-240 -60 264 ) (-240 -108 264 ) 
4 821 824 (-240 -176 352 ) (-240 -128 352 ) (-240 -128 264 ) (-240 -176 264 ) 
4 821 822 (-240 -36 352 ) (-240 0 352 ) (-240 0 264 ) (-240 -36 264 ) 
4 822 825 (-248 -36 352 ) (-248 0 352 ) (-248 0 264 ) (-248 -36 264 ) 
4 823 825 (-248 -108 352 ) (-248 -60 352 ) (-248 -60 264 ) (-248 -108 264 ) 
4 824 827 (-248 -176 352 ) (-248 -128 352 ) (-248 -128 264 ) (-248 -176 264 ) 
4 825 835 (-560 0 232 ) (-480 0 232 ) (-480 -80 232 ) (-560 -80 232 ) 
4 825 834 (-480 0 232 ) (-416 0 232 ) (-416 -32 232 ) (-480 -32 232 ) 
4 825 827 (-568 -120 232 ) (-248 -120 232 ) (-248 -120 360 ) (-568 -120 360 ) 
4 826 844 (-728 -120 360 ) (-728 -73 360 ) (-728 -73 232 ) (-728 -120 232 ) 
4 826 836 (-728 -73 360 ) (-728 0 360 ) (-728 0 232 ) (-728 -73 232 ) 
4 826 831 (-728 -120 360 ) (-728 -120 232 ) (-576 -120 232 ) (-576 -120 360 ) 
4 827 832 (-568 -192 232 ) (-248 -192 232 ) (-248 -192 360 ) (-568 -192 360 ) 
4 827 828 (-568 -120 352 ) (-568 -120 232 ) (-568 -192 232 ) (-568 -192 352 ) 
4 828 829 (-570 -128 232 ) (-570 -184 232 ) (-570 -184 344.010010 ) (-570 -128 344.010010 ) 
4 829 830 (-574 -128 232 ) (-574 -184 232 ) (-574 -184 344.010010 ) (-574 -128 344.010010 ) 
4 830 831 (-576 -120 352 ) (-576 -120 232 ) (-576 -192 232 ) (-576 -192 352 ) 
4 831 844 (-728 -144 360 ) (-728 -120 360 ) (-728 -120 232 ) (-728 -144 232 ) 
4 831 833 (-728 -192 360 ) (-728 -192 232 ) (-576 -192 232 ) (-576 -192 360 ) 
4 832 846 (-368 -232 352 ) (-368 -232 232 ) (-296 -232 232 ) (-296 -232 352 ) 
4 833 850 (-688 -232 352 ) (-688 -232 232 ) (-616 -232 232 ) (-616 -232 352 ) 
4 834 907 (-480 0 224 ) (-464 0 224 ) (-464 -32 224 ) (-480 -32 224 ) 
4 834 905 (-464 0 224 ) (-448 0 224 ) (-448 -32 224 ) (-464 -32 224 ) 
4 834 903 (-448 0 224 ) (-432 0 224 ) (-432 -32 224 ) (-448 -32 224 ) 
4 834 902 (-432 0 224 ) (-416 0 224 ) (-416 -32 224 ) (-432 -32 224 ) 
4 834 835 (-480 0 224 ) (-480 -32 224 ) (-480 -32 232 ) (-480 0 232 ) 
4 835 915 (-480 -48 224 ) (-480 -64 224 ) (-560 -64 224 ) (-560 -48 224 ) 
4 835 913 (-480 -32 224 ) (-480 -48 224 ) (-560 -48 224 ) (-560 -32 224 ) 
4 835 909 (-560 0 224 ) (-480 0 224 ) (-480 -32 224 ) (-560 -32 224 ) 
4 836 844 (-728 -73 232 ) (-728 -73 360 ) (-792 -73 360 ) (-792 -73 232 ) 
4 836 837 (-792 -21 352 ) (-792 0 352 ) (-792 0 264 ) (-792 -21 264 ) 
4 836 838 (-792 -73 264 ) (-792 -73 352 ) (-792 -27 352 ) (-792 -27 264 ) 
4 837 845 (-800 -21 352 ) (-800 0 352 ) (-800 0 264 ) (-800 -21 264 ) 
4 838 845 (-800 -73 264 ) (-800 -73 352 ) (-800 -27 352 ) (-800 -27 264 ) 
4 839 843 (-800 -160 360 ) (-800 -160 352 ) (-764 -124 352 ) (-764 -124 360 ) 
4 839 842 (-796 -92 352 ) (-800 -96 352 ) (-800 -96 360 ) (-796 -92 360 ) 
4 839 840 (-800 -96 352 ) (-796 -92 352 ) (-764.002014 -123.998077 352 ) (-800 -159.996094 352 ) 
4 839 845 (-800 -160 352 ) (-800 -160 360 ) (-800 -96 360 ) (-800 -96 352 ) 
4 840 844 (-788 -84 264 ) (-788 -84 352 ) (-756 -116 352 ) (-756 -116 264 ) 
4 840 843 (-800 -160 352 ) (-800 -160 264 ) (-764 -124 264 ) (-764 -124 352 ) 
4 840 842 (-796 -92 264 ) (-800 -96 264 ) (-800 -96 352 ) (-796 -92 352 ) 
4 840 841 (-800 -96 264 ) (-796 -92 264 ) (-764.002014 -123.998077 264 ) (-800 -159.996094 264 ) 
4 840 845 (-800 -160 264 ) (-800 -160 352 ) (-800 -96 352 ) (-800 -96 264 ) 
4 841 945 (-800 -160 224 ) (-800 -96 224 ) (-796 -92 224 ) (-764 -124 224 ) 
4 841 843 (-800 -160 264 ) (-800 -160 224 ) (-764 -124 224 ) (-764 -124 264 ) 
4 841 842 (-796 -92 224 ) (-800 -96 224 ) (-800 -96 264 ) (-796 -92 264 ) 
4 841 845 (-800 -96 224 ) (-800 -160 224 ) (-800 -160 264 ) (-800 -96 264 ) 
3 842 945 (-800 -96 224 ) (-800 -88 224 ) (-796 -92 224 ) 
4 842 845 (-800 -88 224 ) (-800 -96 224 ) (-800 -96 360 ) (-800 -88 360 ) 
4 843 942 (-736 -232 224 ) (-744 -232 224 ) (-744 -144 224 ) (-736 -152 224 ) 
5 843 945 (-744 -232 224 ) (-800 -232 224 ) (-800 -160 224 ) (-764 -124 224 ) (-744 -144 224 ) 
4 843 855 (-800 -232 224 ) (-736 -232 224 ) (-736 -232 232 ) (-800 -232 232 ) 
4 843 853 (-736 -232 232 ) (-736 -232 360 ) (-800 -232 360 ) (-800 -232 232 ) 
4 843 845 (-800 -160 224 ) (-800 -232 224 ) (-800 -232 360 ) (-800 -160 360 ) 
4 845 960 (-1024 0 360 ) (-1024 0 224 ) (-1024 -232 224 ) (-1024 -232 360 ) 
4 845 951 (-1024 -232 224 ) (-1024 0 224 ) (-800 0 224 ) (-800 -232 224 ) 
4 845 855 (-1024 -232 224 ) (-800 -232 224 ) (-800 -232 232 ) (-1024 -232 232 ) 
4 845 853 (-800 -232 232 ) (-800 -232 360 ) (-1024 -232 360 ) (-1024 -232 232 ) 
4 846 854 (-368 -232 232 ) (-368 -232 224 ) (-368 -234 224 ) (-368 -234 232 ) 
4 846 847 (-360 -234 232 ) (-304 -234 232 ) (-304 -234 344.010010 ) (-360 -234 344.010010 ) 
4 846 848 (-368 -234 232 ) (-368 -234 224 ) (-296 -234 224 ) (-296 -234 232 ) 
4 847 849 (-360 -238 232 ) (-304 -238 232 ) (-304 -238 344.010010 ) (-360 -238 344.010010 ) 
4 847 848 (-360 -234 232 ) (-304 -234 232 ) (-304 -238 232 ) (-360 -238 232 ) 
4 848 854 (-368 -234 224 ) (-368 -238 224 ) (-368 -238 232 ) (-368 -234 232 ) 
4 848 849 (-368 -238 232 ) (-368 -238 224 ) (-296 -238 224 ) (-296 -238 232 ) 
4 849 859 (-296 -240 232 ) (-296 -240 352 ) (-368 -240 352 ) (-368 -240 232 ) 
4 849 854 (-368 -238 224 ) (-368 -240 224 ) (-368 -240 232 ) (-368 -238 232 ) 
4 850 851 (-680 -234 232 ) (-624 -234 232 ) (-624 -234 344.010010 ) (-680 -234 344.010010 ) 
4 851 852 (-680 -238 232 ) (-624 -238 232 ) (-624 -238 344.010010 ) (-680 -238 344.010010 ) 
4 852 869 (-688 -240 352 ) (-688 -240 232 ) (-616 -240 232 ) (-616 -240 352 ) 
4 853 960 (-1024 -240 232 ) (-1024 -240 360 ) (-1024 -232 360 ) (-1024 -232 232 ) 
4 853 873 (-736 -240 360 ) (-1024 -240 360 ) (-1024 -240 232 ) (-736 -240 232 ) 
4 853 855 (-1024 -232 232 ) (-736 -232 232 ) (-736 -240 232 ) (-1024 -240 232 ) 
4 855 960 (-1024 -232 224 ) (-1024 -240 224 ) (-1024 -240 232 ) (-1024 -232 232 ) 
4 855 942 (-744 -232 224 ) (-736 -232 224 ) (-736 -240 224 ) (-744 -240 224 ) 
4 855 945 (-800 -232 224 ) (-744 -232 224 ) (-744 -240 224 ) (-800 -240 224 ) 
4 855 951 (-1024 -240 224 ) (-1024 -232 224 ) (-800 -232 224 ) (-800 -240 224 ) 
4 855 873 (-1024 -240 224 ) (-736 -240 224 ) (-736 -240 232 ) (-1024 -240 232 ) 
4 856 874 (0 -464 232 ) (0 -464 360 ) (-280 -464 360 ) (-280 -464 232 ) 
4 856 870 (0 -464 232 ) (-280 -464 232 ) (-280 -240 232 ) (0 -240 232 ) 
4 856 857 (-280 -284 264 ) (-280 -332 264 ) (-280 -332 352 ) (-280 -284 352 ) 
4 856 858 (-280 -372 264 ) (-280 -420 264 ) (-280 -420 352 ) (-280 -372 352 ) 
4 857 863 (-288 -284 264 ) (-288 -332 264 ) (-288 -332 344 ) (-288 -284 344 ) 
4 857 861 (-288 -332 344 ) (-288 -332 352 ) (-288 -284 352 ) (-288 -284 344 ) 
4 858 863 (-288 -372 264 ) (-288 -420 264 ) (-288 -420 344 ) (-288 -372 344 ) 
4 858 861 (-288 -420 344 ) (-288 -420 352 ) (-288 -372 352 ) (-288 -372 344 ) 
4 859 863 (-480 -280 232 ) (-288 -280 232 ) (-288 -280 344 ) (-480 -280 344 ) 
4 859 861 (-288 -280 344 ) (-288 -280 360 ) (-480 -280 360 ) (-480 -280 344 ) 
4 860 865 (-568 -280 344 ) (-568 -280 232 ) (-488 -280 232 ) (-488 -280 344 ) 
4 860 862 (-568 -280 360 ) (-568 -280 344 ) (-488 -280 344 ) (-488 -280 360 ) 
4 861 866 (-480 -424 344 ) (-288 -424 344 ) (-288 -424 360 ) (-480 -424 360 ) 
4 861 863 (-288 -424 344 ) (-480 -424 344 ) (-480 -280 344 ) (-288 -280 344 ) 
4 862 867 (-568 -424 360 ) (-568 -424 344 ) (-488 -424 344 ) (-488 -424 360 ) 
4 862 865 (-488 -424 344 ) (-568 -424 344 ) (-568 -280 344 ) (-488 -280 344 ) 
4 863 866 (-480 -424 232 ) (-288 -424 232 ) (-288 -424 344 ) (-480 -424 344 ) 
4 863 864 (-482 -400 344 ) (-482 -304 344 ) (-482 -304 232 ) (-482 -400 232 ) 
4 864 865 (-486 -400 344 ) (-486 -304 344 ) (-486 -304 232 ) (-486 -400 232 ) 
4 865 868 (-568 -424 248 ) (-568 -424 336 ) (-568 -344 336 ) (-568 -344 248 ) 
4 865 867 (-568 -424 344 ) (-568 -424 232 ) (-488 -424 232 ) (-488 -424 344 ) 
4 867 875 (-532 -464 352 ) (-532 -464 244 ) (-492 -464 244 ) (-492 -464 352 ) 
4 867 868 (-568 -432 248 ) (-568 -432 336 ) (-568 -424 336 ) (-568 -424 248 ) 
4 868 869 (-576 -432 248 ) (-576 -432 336 ) (-576 -344 336 ) (-576 -344 248 ) 
4 869 872 (-728 -436 240 ) (-728 -436 352 ) (-728 -396 352 ) (-728 -396 240 ) 
4 869 871 (-728 -308 240 ) (-728 -308 352 ) (-728 -268 352 ) (-728 -268 240 ) 
4 870 898 (-280 -240 224 ) (-248 -240 224 ) (-248 -464 224 ) (-280 -464 224 ) 
4 870 880 (-248 -240 224 ) (-240 -240 224 ) (-240 -464 224 ) (-248 -464 224 ) 
4 870 878 (-240 -240 224 ) (0 -240 224 ) (0 -464 224 ) (-240 -464 224 ) 
4 870 874 (-280 -464 224 ) (0 -464 224 ) (0 -464 232 ) (-280 -464 232 ) 
4 871 873 (-736 -308 240 ) (-736 -308 352 ) (-736 -268 352 ) (-736 -268 240 ) 
4 872 873 (-736 -436 240 ) (-736 -436 352 ) (-736 -396 352 ) (-736 -396 240 ) 
4 873 960 (-1024 -240 224 ) (-1024 -464 224 ) (-1024 -464 360 ) (-1024 -240 360 ) 
4 873 945 (-800 -240 224 ) (-744 -240 224 ) (-744 -464 224 ) (-800 -464 224 ) 
4 873 951 (-1024 -464 224 ) (-1024 -240 224 ) (-800 -240 224 ) (-800 -464 224 ) 
4 873 876 (-1024 -464 224 ) (-736 -464 224 ) (-736 -464 360 ) (-1024 -464 360 ) 
4 874 898 (-280 -464 224 ) (-248 -464 224 ) (-248 -472 224 ) (-280 -472 224 ) 
4 874 880 (-248 -464 224 ) (-240 -464 224 ) (-240 -472 224 ) (-248 -472 224 ) 
4 874 878 (-240 -464 224 ) (0 -464 224 ) (0 -472 224 ) (-240 -472 224 ) 
4 874 877 (-280 -472 224 ) (0 -472 224 ) (0 -472 360 ) (-280 -472 360 ) 
4 875 877 (-492 -472 244 ) (-492 -472 352 ) (-532 -472 352 ) (-532 -472 244 ) 
4 876 960 (-1024 -464 224 ) (-1024 -472 224 ) (-1024 -472 360 ) (-1024 -464 360 ) 
4 876 944 (-744 -464 224 ) (-736 -464 224 ) (-736 -472 224 ) (-744 -472 224 ) 
4 876 945 (-800 -464 224 ) (-744 -464 224 ) (-744 -472 224 ) (-800 -472 224 ) 
4 876 951 (-1024 -472 224 ) (-1024 -464 224 ) (-800 -464 224 ) (-800 -472 224 ) 
4 876 877 (-1024 -472 224 ) (-736 -472 224 ) (-736 -472 360 ) (-1024 -472 360 ) 
4 877 960 (-1024 -472 224 ) (-1024 -1024 224 ) (-1024 -1024 360 ) (-1024 -472 360 ) 
4 877 959 (0 -1024 224 ) (0 -1024 360 ) (-1024 -1024 360 ) (-1024 -1024 224 ) 
4 877 944 (-744 -472 224 ) (-736 -472 224 ) (-736 -1024 224 ) (-744 -1024 224 ) 
4 877 945 (-800 -472 224 ) (-744 -472 224 ) (-744 -1024 224 ) (-800 -1024 224 ) 
4 877 951 (-1024 -1024 224 ) (-1024 -472 224 ) (-800 -472 224 ) (-800 -1024 224 ) 
4 877 941 (-736 -472 224 ) (-728 -472 224 ) (-728 -1024 224 ) (-736 -1024 224 ) 
4 877 938 (-728 -472 224 ) (-568 -472 224 ) (-568 -1024 224 ) (-728 -1024 224 ) 
4 877 927 (-568 -472 224 ) (-320 -472 224 ) (-320 -1024 224 ) (-568 -1024 224 ) 
4 877 925 (-320 -472 224 ) (-312 -472 224 ) (-312 -1024 224 ) (-320 -1024 224 ) 
4 877 900 (-312 -472 224 ) (-304 -472 224 ) (-304 -1024 224 ) (-312 -1024 224 ) 
4 877 898 (-304 -472 224 ) (-248 -472 224 ) (-248 -1024 224 ) (-304 -1024 224 ) 
4 877 880 (-248 -472 224 ) (-240 -472 224 ) (-240 -1024 224 ) (-248 -1024 224 ) 
4 877 878 (-240 -472 224 ) (0 -472 224 ) (0 -1024 224 ) (-240 -1024 224 ) 
4 878 959 (0 -1024 96 ) (0 -1024 224 ) (-240 -1024 224 ) (-240 -1024 96 ) 
4 878 957 (-224 -1024 96 ) (-240 -1024 96 ) (-240 -576 96 ) (-224 -576 96 ) 
4 878 956 (-240 -480 96 ) (-240 -256 96 ) (-224 -256 96 ) (-224 -480 96 ) 
4 878 954 (-224 -768 96 ) (-224 -256 96 ) (0 -256 96 ) (0 -768 96 ) 
4 878 955 (0 -1024 96 ) (-224 -1024 96 ) (-224 -768 96 ) (0 -768 96 ) 
4 878 953 (-240 -144 96 ) (-240 -24 96 ) (-224 -24 96 ) (-224 -144 96 ) 
4 878 952 (-224 0 96 ) (0 0 96 ) (0 -256 96 ) (-224 -256 96 ) 
4 878 885 (-240 -240 96 ) (-240 -1024 96 ) (-240 -1024 128 ) (-240 -240 128 ) 
4 878 884 (-240 -24 96 ) (-240 -144 96 ) (-240 -144 128 ) (-240 -24 128 ) 
4 878 882 (-240 -216 216 ) (-240 -168 216 ) (-240 -168 128 ) (-240 -216 128 ) 
4 878 883 (-240 -1024 128 ) (-240 -1024 216 ) (-240 -240 216 ) (-240 -240 128 ) 
4 878 881 (-240 -144 216 ) (-240 -24 216 ) (-240 -24 128 ) (-240 -144 128 ) 
4 878 879 (-240 -144 224 ) (-240 -24 224 ) (-240 -24 216 ) (-240 -144 216 ) 
4 878 880 (-240 -1024 216 ) (-240 -1024 224 ) (-240 -240 224 ) (-240 -240 216 ) 
4 879 895 (-248 -144 224 ) (-248 -120 224 ) (-248 -120 216 ) (-248 -144 216 ) 
4 879 890 (-248 -120 224 ) (-248 -48 224 ) (-248 -48 216 ) (-248 -120 216 ) 
4 879 887 (-248 -48 224 ) (-248 -24 224 ) (-248 -24 216 ) (-248 -48 216 ) 
4 879 881 (-248 -144 216 ) (-248 -24 216 ) (-240 -24 216 ) (-240 -144 216 ) 
4 880 959 (-240 -1024 224 ) (-248 -1024 224 ) (-248 -1024 216 ) (-240 -1024 216 ) 
4 880 898 (-248 -1024 216 ) (-248 -1024 224 ) (-248 -240 224 ) (-248 -240 216 ) 
4 880 883 (-248 -1024 216 ) (-248 -240 216 ) (-240 -240 216 ) (-240 -1024 216 ) 
4 881 895 (-248 -144 216 ) (-248 -120 216 ) (-248 -120 128 ) (-248 -144 128 ) 
4 881 892 (-248 -120 216 ) (-248 -48 216 ) (-248 -48 128 ) (-248 -120 128 ) 
4 881 887 (-248 -48 216 ) (-248 -24 216 ) (-248 -24 128 ) (-248 -48 128 ) 
4 881 884 (-248 -144 128 ) (-248 -24 128 ) (-240 -24 128 ) (-240 -144 128 ) 
4 882 897 (-248 -216 216 ) (-248 -168 216 ) (-248 -168 128 ) (-248 -216 128 ) 
4 883 959 (-248 -1024 216 ) (-248 -1024 128 ) (-240 -1024 128 ) (-240 -1024 216 ) 
4 883 898 (-248 -1024 128 ) (-248 -1024 216 ) (-248 -240 216 ) (-248 -240 128 ) 
4 883 885 (-248 -1024 128 ) (-248 -240 128 ) (-240 -240 128 ) (-240 -1024 128 ) 
4 884 895 (-248 -120 96 ) (-248 -144 96 ) (-248 -144 128 ) (-248 -120 128 ) 
4 884 892 (-248 -48 96 ) (-248 -120 96 ) (-248 -120 128 ) (-248 -48 128 ) 
4 884 887 (-248 -24 96 ) (-248 -48 96 ) (-248 -48 128 ) (-248 -24 128 ) 
4 885 959 (-248 -1024 128 ) (-248 -1024 96 ) (-240 -1024 96 ) (-240 -1024 128 ) 
4 885 957 (-240 -1024 96 ) (-248 -1024 96 ) (-248 -576 96 ) (-240 -576 96 ) 
4 885 956 (-248 -480 96 ) (-248 -256 96 ) (-240 -256 96 ) (-240 -480 96 ) 
4 885 898 (-248 -240 96 ) (-248 -1024 96 ) (-248 -1024 128 ) (-248 -240 128 ) 
4 886 888 (-272 0 96 ) (-272 -16 96 ) (-272 -16 224 ) (-272 0 224 ) 
4 887 892 (-272 -48 96 ) (-248 -48 96 ) (-248 -48 216 ) (-272 -48 216 ) 
4 887 890 (-248 -48 216 ) (-248 -48 224 ) (-272 -48 224 ) (-272 -48 216 ) 
4 888 889 (-280 0 96 ) (-280 -16 96 ) (-280 -16 224 ) (-280 0 224 ) 
4 889 912 (-312 -40 96 ) (-312 -48 96 ) (-312 -48 224 ) (-312 -40 224 ) 
4 889 911 (-312 -32 96 ) (-312 -40 96 ) (-312 -40 224 ) (-312 -32 224 ) 
4 889 901 (-312 0 96 ) (-312 -32 96 ) (-312 -32 224 ) (-312 0 224 ) 
4 889 894 (-312 -48 216 ) (-312 -48 96 ) (-280 -48 96 ) (-280 -48 216 ) 
4 889 891 (-312 -48 224 ) (-312 -48 216 ) (-280 -48 216 ) (-280 -48 224 ) 
4 890 895 (-272 -120 216 ) (-248 -120 216 ) (-248 -120 224 ) (-272 -120 224 ) 
4 890 892 (-248 -120 216 ) (-272 -120 216 ) (-272 -48 216 ) (-248 -48 216 ) 
4 891 922 (-312 -120 216 ) (-312 -120 224 ) (-312 -112 224 ) (-312 -112 216 ) 
4 891 912 (-312 -112 224 ) (-312 -48 224 ) (-312 -48 216 ) (-312 -112 216 ) 
4 891 896 (-312 -120 224 ) (-312 -120 216 ) (-280 -120 216 ) (-280 -120 224 ) 
4 891 894 (-280 -120 216 ) (-312 -120 216 ) (-312 -48 216 ) (-280 -48 216 ) 
4 892 895 (-272 -120 96 ) (-248 -120 96 ) (-248 -120 216 ) (-272 -120 216 ) 
4 892 893 (-274 -56 96 ) (-274 -112 96 ) (-274 -112 208 ) (-274 -56 208 ) 
4 893 894 (-278 -56 96 ) (-278 -112 96 ) (-278 -112 208 ) (-278 -56 208 ) 
4 894 922 (-312 -112 96 ) (-312 -120 96 ) (-312 -120 216 ) (-312 -112 216 ) 
4 894 912 (-312 -48 96 ) (-312 -112 96 ) (-312 -112 216 ) (-312 -48 216 ) 
4 894 896 (-312 -120 216 ) (-312 -120 96 ) (-280 -120 96 ) (-280 -120 216 ) 
4 896 922 (-312 -120 96 ) (-312 -152 96 ) (-312 -152 224 ) (-312 -120 224 ) 
4 896 897 (-312 -152 224 ) (-312 -152 96 ) (-280 -152 96 ) (-280 -152 224 ) 
4 897 922 (-312 -152 96 ) (-312 -232 96 ) (-312 -232 224 ) (-312 -152 224 ) 
4 898 959 (-248 -1024 224 ) (-304 -1024 224 ) (-304 -1024 96 ) (-248 -1024 96 ) 
4 898 957 (-248 -1024 96 ) (-304 -1024 96 ) (-304 -576 96 ) (-248 -576 96 ) 
4 898 956 (-304 -480 96 ) (-304 -256 96 ) (-248 -256 96 ) (-248 -480 96 ) 
4 898 900 (-304 -464 96 ) (-304 -1024 96 ) (-304 -1024 224 ) (-304 -464 224 ) 
4 898 899 (-304 -248 96 ) (-304 -456 96 ) (-304 -456 216 ) (-304 -248 216 ) 
4 899 924 (-312 -256 96 ) (-312 -448 96 ) (-312 -448 208 ) (-312 -256 208 ) 
4 900 959 (-304 -1024 224 ) (-312 -1024 224 ) (-312 -1024 96 ) (-304 -1024 96 ) 
4 900 957 (-304 -1024 96 ) (-312 -1024 96 ) (-312 -576 96 ) (-304 -576 96 ) 
4 900 925 (-312 -472 96 ) (-312 -1024 96 ) (-312 -1024 224 ) (-312 -472 224 ) 
4 901 911 (-416 -32 96 ) (-312 -32 96 ) (-312 -32 224 ) (-416 -32 224 ) 
4 901 902 (-416 -32 112 ) (-416 -32 224 ) (-416 0 224 ) (-416 0 112 ) 
4 902 903 (-432 -32 128 ) (-432 -32 224 ) (-432 0 224 ) (-432 0 128 ) 
4 903 905 (-448 -32 144 ) (-448 -32 224 ) (-448 0 224 ) (-448 0 144 ) 
4 904 906 (-448 0 96 ) (-448 -32 96 ) (-448 -32 112 ) (-448 0 112 ) 
4 905 907 (-464 -32 160 ) (-464 -32 224 ) (-464 0 224 ) (-464 0 160 ) 
4 906 908 (-464 0 96 ) (-464 -32 96 ) (-464 -32 128 ) (-464 0 128 ) 
4 907 909 (-480 -32 176 ) (-480 -32 224 ) (-480 0 224 ) (-480 0 176 ) 
4 908 910 (-480 0 96 ) (-480 -32 96 ) (-480 -32 144 ) (-480 0 144 ) 
4 909 913 (-568 -32 224 ) (-568 -32 192 ) (-480 -32 192 ) (-480 -32 224 ) 
4 910 914 (-568 -32 160 ) (-568 -32 96 ) (-480 -32 96 ) (-480 -32 160 ) 
4 911 912 (-416 -40 96 ) (-312 -40 96 ) (-312 -40 224 ) (-416 -40 224 ) 
4 912 922 (-472 -112 96 ) (-312 -112 96 ) (-312 -112 224 ) (-472 -112 224 ) 
4 913 915 (-568 -48 224 ) (-568 -48 208 ) (-480 -48 208 ) (-480 -48 224 ) 
4 914 916 (-568 -48 176 ) (-568 -48 96 ) (-480 -48 96 ) (-480 -48 176 ) 
4 916 917 (-568 -64 192 ) (-568 -64 96 ) (-480 -64 96 ) (-480 -64 192 ) 
4 917 918 (-568 -80 208 ) (-568 -80 96 ) (-480 -80 96 ) (-480 -80 208 ) 
4 918 919 (-560 -104 96 ) (-488 -104 96 ) (-488 -104 216 ) (-560 -104 216 ) 
4 919 920 (-552 -106 96 ) (-496 -106 96 ) (-496 -106 208 ) (-552 -106 208 ) 
4 920 921 (-552 -110 96 ) (-496 -110 96 ) (-496 -110 208 ) (-552 -110 208 ) 
4 921 922 (-560 -112 96 ) (-488 -112 96 ) (-488 -112 216 ) (-560 -112 216 ) 
4 922 929 (-568 -120 96 ) (-568 -192 96 ) (-568 -192 216 ) (-568 -120 216 ) 
4 923 937 (-568 -240 96 ) (-568 -256 96 ) (-568 -256 224 ) (-568 -240 224 ) 
4 923 926 (-568 -256 224 ) (-568 -256 96 ) (-320 -256 96 ) (-320 -256 224 ) 
4 924 926 (-320 -256 208 ) (-320 -256 96 ) (-320 -448 96 ) (-320 -448 208 ) 
4 925 959 (-312 -1024 224 ) (-320 -1024 224 ) (-320 -1024 96 ) (-312 -1024 96 ) 
4 925 957 (-312 -1024 96 ) (-320 -1024 96 ) (-320 -576 96 ) (-312 -576 96 ) 
4 925 927 (-320 -472 96 ) (-320 -1024 96 ) (-320 -1024 224 ) (-320 -472 224 ) 
4 926 937 (-568 -256 96 ) (-568 -464 96 ) (-568 -464 224 ) (-568 -256 224 ) 
4 927 959 (-320 -1024 224 ) (-568 -1024 224 ) (-568 -1024 96 ) (-320 -1024 96 ) 
4 927 957 (-320 -1024 96 ) (-568 -1024 96 ) (-568 -576 96 ) (-320 -576 96 ) 
4 927 938 (-568 -472 96 ) (-568 -1024 96 ) (-568 -1024 224 ) (-568 -472 224 ) 
4 928 939 (-728 0 96 ) (-728 -120 96 ) (-728 -120 224 ) (-728 0 224 ) 
4 928 932 (-728 -120 224 ) (-728 -120 96 ) (-576 -120 96 ) (-576 -120 224 ) 
4 929 930 (-570 -128 96 ) (-570 -184 96 ) (-570 -184 208 ) (-570 -128 208 ) 
4 930 931 (-574 -128 96 ) (-574 -184 96 ) (-574 -184 208 ) (-574 -128 208 ) 
4 931 932 (-576 -120 216 ) (-576 -120 96 ) (-576 -192 96 ) (-576 -192 216 ) 
4 932 939 (-728 -120 96 ) (-728 -144 96 ) (-728 -144 224 ) (-728 -120 224 ) 
4 932 933 (-728 -192 224 ) (-728 -192 96 ) (-576 -192 96 ) (-576 -192 224 ) 
4 933 934 (-688 -232 96 ) (-616 -232 96 ) (-616 -232 216 ) (-688 -232 216 ) 
4 934 935 (-680 -234 96 ) (-624 -234 96 ) (-624 -234 208 ) (-680 -234 208 ) 
4 935 936 (-680 -238 96 ) (-624 -238 96 ) (-624 -238 208 ) (-680 -238 208 ) 
4 936 937 (-688 -240 96 ) (-616 -240 96 ) (-616 -240 216 ) (-688 -240 216 ) 
4 937 940 (-728 -256 96 ) (-728 -448 96 ) (-728 -448 208 ) (-728 -256 208 ) 
4 938 959 (-568 -1024 224 ) (-728 -1024 224 ) (-728 -1024 96 ) (-568 -1024 96 ) 
4 938 957 (-568 -1024 96 ) (-728 -1024 96 ) (-728 -576 96 ) (-568 -576 96 ) 
4 938 941 (-728 -472 96 ) (-728 -1024 96 ) (-728 -1024 224 ) (-728 -472 224 ) 
4 939 950 (-736 -73 96 ) (-736 -136 96 ) (-736 -136 224 ) (-736 -73 224 ) 
4 939 946 (-736 0 96 ) (-736 -73 96 ) (-736 -73 224 ) (-736 0 224 ) 
4 940 943 (-736 -256 96 ) (-736 -448 96 ) (-736 -448 208 ) (-736 -256 208 ) 
4 941 959 (-728 -1024 224 ) (-736 -1024 224 ) (-736 -1024 96 ) (-728 -1024 96 ) 
4 941 957 (-728 -1024 96 ) (-736 -1024 96 ) (-736 -576 96 ) (-728 -576 96 ) 
4 941 944 (-736 -472 96 ) (-736 -1024 96 ) (-736 -1024 224 ) (-736 -472 224 ) 
4 942 945 (-744 -143.998047 224 ) (-744 -143.998047 96 ) (-744 -240 96 ) (-744 -240 224 ) 
4 943 945 (-744 -248 96 ) (-744 -456 96 ) (-744 -456 216 ) (-744 -248 216 ) 
4 944 959 (-736 -1024 224 ) (-744 -1024 224 ) (-744 -1024 96 ) (-736 -1024 96 ) 
4 944 957 (-736 -1024 96 ) (-744 -1024 96 ) (-744 -576 96 ) (-736 -576 96 ) 
4 944 945 (-744 -464 96 ) (-744 -1024 96 ) (-744 -1024 224 ) (-744 -464 224 ) 
4 945 959 (-744 -1024 224 ) (-800 -1024 224 ) (-800 -1024 96 ) (-744 -1024 96 ) 
4 945 957 (-744 -1024 96 ) (-800 -1024 96 ) (-800 -576 96 ) (-744 -576 96 ) 
4 945 949 (-796 -92 128 ) (-796 -92 216 ) (-764 -124 216 ) (-764 -124 128 ) 
4 945 951 (-800 -88 96 ) (-800 -1024 96 ) (-800 -1024 224 ) (-800 -88 224 ) 
4 946 950 (-792 -73 96 ) (-736 -73 96 ) (-736 -73 224 ) (-792 -73 224 ) 
4 946 947 (-792 -21 216 ) (-792 0 216 ) (-792 0 128 ) (-792 -21 128 ) 
4 946 948 (-792 -73 128 ) (-792 -73 216 ) (-792 -27 216 ) (-792 -27 128 ) 
4 947 951 (-800 -21 216 ) (-800 0 216 ) (-800 0 128 ) (-800 -21 128 ) 
4 948 951 (-800 -73 128 ) (-800 -73 216 ) (-800 -27 216 ) (-800 -27 128 ) 
4 949 950 (-788 -84 128 ) (-788 -84 216 ) (-756 -116 216 ) (-756 -116 128 ) 
4 951 960 (-1024 0 224 ) (-1024 0 96 ) (-1024 -1024 96 ) (-1024 -1024 224 ) 
4 951 959 (-800 -1024 224 ) (-1024 -1024 224 ) (-1024 -1024 96 ) (-800 -1024 96 ) 
4 951 957 (-800 -1024 96 ) (-1024 -1024 96 ) (-1024 -576 96 ) (-800 -576 96 ) 
4 952 954 (0 -256 64 ) (0 -256 96 ) (-224 -256 96 ) (-224 -256 64 ) 
4 952 953 (-224 -144 96 ) (-224 -24 96 ) (-224 -24 80 ) (-224 -144 80 ) 
4 954 957 (-224 -576 64 ) (-224 -768 64 ) (-224 -768 96 ) (-224 -576 96 ) 
4 954 956 (-224 -256 96 ) (-224 -256 64 ) (-224 -480 64 ) (-224 -480 96 ) 
4 954 955 (-224 -768 96 ) (-224 -768 64 ) (0 -768 64 ) (0 -768 96 ) 
4 955 959 (0 -1024 0 ) (0 -1024 96 ) (-224 -1024 96 ) (-224 -1024 0 ) 
4 955 958 (0 -768 0 ) (0 -1024 0 ) (-224 -1024 0 ) (-224 -768 0 ) 
4 955 957 (-224 -768 0 ) (-224 -1024 0 ) (-224 -1024 96 ) (-224 -768 96 ) 
4 957 979 (-1024 -576 0 ) (-1024 -1024 0 ) (-1024 -1024 92 ) (-1024 -576 92 ) 
4 957 964 (-1024 -1024 92 ) (-1024 -1024 96 ) (-1024 -576 96 ) (-1024 -576 92 ) 
4 957 959 (-224 -1024 96 ) (-1024 -1024 96 ) (-1024 -1024 0 ) (-224 -1024 0 ) 
4 957 958 (-1024 -1024 0 ) (-1024 -576 0 ) (-224 -576 0 ) (-224 -1024 0 ) 
4 958 988 (-1024 0 -64 ) (-1024 0 -1504 ) (-1024 -1024 -1504 ) (-1024 -1024 -64 ) 
4 958 978 (-1024 -256 -64 ) (-1024 -576 -64 ) (-1024 -576 0 ) (-1024 -256 0 ) 
4 958 979 (-1024 -576 -64 ) (-1024 -1024 -64 ) (-1024 -1024 0 ) (-1024 -576 0 ) 
4 958 969 (-1024 0 0 ) (-1024 0 -64 ) (-1024 -256 -64 ) (-1024 -256 0 ) 
4 958 959 (0 -1024 -1504 ) (0 -1024 0 ) (-1024 -1024 0 ) (-1024 -1024 -1504 ) 
4 959 992 (0 -2048 -1504 ) (0 -2048 2784 ) (-1024 -2048 2784 ) (-1024 -2048 -1504 ) 
4 959 990 (-1024 -2048 -1504 ) (-1024 -2048 2784 ) (-1024 -1024 2784 ) (-1024 -1024 -1504 ) 
4 960 990 (-1024 -1024 96 ) (-1024 -1024 2784 ) (-2048 -1024 2784 ) (-2048 -1024 96 ) 
4 960 989 (-2048 0 2784 ) (-2048 0 96 ) (-2048 -1024 96 ) (-2048 -1024 2784 ) 
4 960 967 (-1408 -576 96 ) (-1408 -1024 96 ) (-1456 -1024 96 ) (-1456 -576 96 ) 
4 960 968 (-2048 -1024 96 ) (-2048 -256 96 ) (-1456 -256 96 ) (-1456 -1024 96 ) 
4 960 966 (-1056 -576 96 ) (-1056 -1024 96 ) (-1408 -1024 96 ) (-1408 -576 96 ) 
4 960 965 (-1056 -304 96 ) (-1056 -528 96 ) (-1408 -528 96 ) (-1408 -304 96 ) 
4 960 964 (-1024 -576 96 ) (-1024 -1024 96 ) (-1056 -1024 96 ) (-1056 -576 96 ) 
4 960 963 (-2048 -256 96 ) (-2048 0 96 ) (-1360 0 96 ) (-1360 -256 96 ) 
4 960 962 (-1200 -208 96 ) (-1312 -208 96 ) (-1312 -128 96 ) (-1200 -128 96 ) 
4 960 961 (-1312 0 96 ) (-1232 0 96 ) (-1232 -128 96 ) (-1312 -128 96 ) 
4 961 975 (-1232 -112 92 ) (-1232 -128 92 ) (-1312 -128 92 ) (-1312 -112 92 ) 
4 961 974 (-1232 -96 92 ) (-1232 -112 92 ) (-1312 -112 92 ) (-1312 -96 92 ) 
4 961 973 (-1232 -80 92 ) (-1232 -96 92 ) (-1312 -96 92 ) (-1312 -80 92 ) 
4 961 972 (-1312 0 92 ) (-1232 0 92 ) (-1232 -80 92 ) (-1312 -80 92 ) 
4 961 962 (-1312 -128 96 ) (-1312 -128 92 ) (-1232 -128 92 ) (-1232 -128 96 ) 
4 962 976 (-1232 -208 92 ) (-1312 -208 92 ) (-1312 -128 92 ) (-1232 -128 92 ) 
4 962 971 (-1216 -208 92 ) (-1232 -208 92 ) (-1232 -128 92 ) (-1216 -128 92 ) 
4 962 970 (-1200 -208 92 ) (-1216 -208 92 ) (-1216 -128 92 ) (-1200 -128 92 ) 
4 963 989 (-2048 0 96 ) (-2048 0 92 ) (-2048 -256 92 ) (-2048 -256 96 ) 
4 963 977 (-2048 -256 92 ) (-2048 0 92 ) (-1360 0 92 ) (-1360 -256 92 ) 
4 963 968 (-2048 -256 92 ) (-1456 -256 92 ) (-1456 -256 96 ) (-2048 -256 96 ) 
4 964 990 (-1024 -1024 92 ) (-1024 -1024 96 ) (-1056 -1024 96 ) (-1056 -1024 92 ) 
4 964 979 (-1024 -1024 92 ) (-1056 -1024 92 ) (-1056 -576 92 ) (-1024 -576 92 ) 
4 964 966 (-1056 -576 92 ) (-1056 -1024 92 ) (-1056 -1024 96 ) (-1056 -576 96 ) 
4 965 981 (-1408 -528 92 ) (-1408 -304 92 ) (-1056 -304 92 ) (-1056 -528 92 ) 
4 966 990 (-1056 -1024 96 ) (-1408 -1024 96 ) (-1408 -1024 92 ) (-1056 -1024 92 ) 
4 966 984 (-1056 -1024 92 ) (-1408 -1024 92 ) (-1408 -576 92 ) (-1056 -576 92 ) 
4 966 967 (-1408 -576 92 ) (-1408 -1024 92 ) (-1408 -1024 96 ) (-1408 -576 96 ) 
4 967 990 (-1408 -1024 96 ) (-1456 -1024 96 ) (-1456 -1024 92 ) (-1408 -1024 92 ) 
4 967 986 (-1408 -1024 92 ) (-1456 -1024 92 ) (-1456 -576 92 ) (-1408 -576 92 ) 
4 967 968 (-1456 -576 92 ) (-1456 -1024 92 ) (-1456 -1024 96 ) (-1456 -576 96 ) 
4 968 990 (-1456 -1024 96 ) (-2048 -1024 96 ) (-2048 -1024 92 ) (-1456 -1024 92 ) 
4 968 989 (-2048 -256 92 ) (-2048 -1024 92 ) (-2048 -1024 96 ) (-2048 -256 96 ) 
4 968 987 (-1456 -1024 92 ) (-2048 -1024 92 ) (-2048 -256 92 ) (-1456 -256 92 ) 
4 969 988 (-1184 0 -64 ) (-1024 0 -64 ) (-1024 -256 -64 ) (-1184 -256 -64 ) 
4 969 980 (-1184 -256 -64 ) (-1056 -256 -64 ) (-1056 -256 0 ) (-1184 -256 0 ) 
4 969 978 (-1056 -256 -64 ) (-1024 -256 -64 ) (-1024 -256 0 ) (-1056 -256 0 ) 
4 970 971 (-1216 -128 92 ) (-1216 -128 80 ) (-1216 -208 80 ) (-1216 -208 92 ) 
4 971 976 (-1232 -208 64 ) (-1232 -208 92 ) (-1232 -128 92 ) (-1232 -128 64 ) 
4 972 988 (-1312 0 -64 ) (-1232 0 -64 ) (-1232 -80 -64 ) (-1312 -80 -64 ) 
4 972 973 (-1312 -80 92 ) (-1312 -80 0 ) (-1232 -80 0 ) (-1232 -80 92 ) 
4 973 974 (-1312 -96 92 ) (-1312 -96 16 ) (-1232 -96 16 ) (-1232 -96 92 ) 
4 974 975 (-1312 -112 92 ) (-1312 -112 32 ) (-1232 -112 32 ) (-1232 -112 92 ) 
4 975 976 (-1312 -128 92 ) (-1312 -128 48 ) (-1232 -128 48 ) (-1232 -128 92 ) 
4 977 989 (-2048 0 92 ) (-2048 0 -64 ) (-2048 -256 -64 ) (-2048 -256 92 ) 
4 977 988 (-2048 -256 -64 ) (-2048 0 -64 ) (-1360 0 -64 ) (-1360 -256 -64 ) 
4 977 985 (-1456 -256 -64 ) (-1408 -256 -64 ) (-1408 -256 0 ) (-1456 -256 0 ) 
4 977 987 (-2048 -256 -64 ) (-1456 -256 -64 ) (-1456 -256 92 ) (-2048 -256 92 ) 
4 977 980 (-1408 -256 -64 ) (-1360 -256 -64 ) (-1360 -256 0 ) (-1408 -256 0 ) 
4 978 988 (-1056 -256 -64 ) (-1024 -256 -64 ) (-1024 -576 -64 ) (-1056 -576 -64 ) 
4 978 983 (-1056 -528 -64 ) (-1056 -576 -64 ) (-1056 -576 0 ) (-1056 -528 0 ) 
4 978 982 (-1056 -304 -64 ) (-1056 -528 -64 ) (-1056 -528 0 ) (-1056 -304 0 ) 
4 978 980 (-1056 -256 0 ) (-1056 -256 -64 ) (-1056 -304 -64 ) (-1056 -304 0 ) 
4 978 979 (-1056 -576 0 ) (-1056 -576 -64 ) (-1024 -576 -64 ) (-1024 -576 0 ) 
4 979 990 (-1024 -1024 -64 ) (-1024 -1024 92 ) (-1056 -1024 92 ) (-1056 -1024 -64 ) 
4 979 988 (-1024 -576 -64 ) (-1024 -1024 -64 ) (-1056 -1024 -64 ) (-1056 -576 -64 ) 
4 979 984 (-1056 -576 -64 ) (-1056 -1024 -64 ) (-1056 -1024 92 ) (-1056 -576 92 ) 
4 980 988 (-1408 -256 -64 ) (-1056 -256 -64 ) (-1056 -304 -64 ) (-1408 -304 -64 ) 
4 980 985 (-1408 -256 0 ) (-1408 -256 -64 ) (-1408 -304 -64 ) (-1408 -304 0 ) 
4 980 982 (-1408 -304 0 ) (-1408 -304 -64 ) (-1056 -304 -64 ) (-1056 -304 0 ) 
4 982 988 (-1056 -304 -64 ) (-1056 -528 -64 ) (-1408 -528 -64 ) (-1408 -304 -64 ) 
4 982 985 (-1408 -304 -64 ) (-1408 -528 -64 ) (-1408 -528 0 ) (-1408 -304 0 ) 
4 982 983 (-1408 -528 0 ) (-1408 -528 -64 ) (-1056 -528 -64 ) (-1056 -528 0 ) 
4 983 988 (-1056 -528 -64 ) (-1056 -576 -64 ) (-1408 -576 -64 ) (-1408 -528 -64 ) 
4 983 985 (-1408 -528 -64 ) (-1408 -576 -64 ) (-1408 -576 0 ) (-1408 -528 0 ) 
4 983 984 (-1408 -576 0 ) (-1408 -576 -64 ) (-1056 -576 -64 ) (-1056 -576 0 ) 
4 984 990 (-1056 -1024 92 ) (-1408 -1024 92 ) (-1408 -1024 -64 ) (-1056 -1024 -64 ) 
4 984 988 (-1056 -576 -64 ) (-1056 -1024 -64 ) (-1408 -1024 -64 ) (-1408 -576 -64 ) 
4 984 986 (-1408 -576 -64 ) (-1408 -1024 -64 ) (-1408 -1024 92 ) (-1408 -576 92 ) 
4 985 988 (-1456 -256 -64 ) (-1408 -256 -64 ) (-1408 -576 -64 ) (-1456 -576 -64 ) 
4 985 986 (-1456 -576 0 ) (-1456 -576 -64 ) (-1408 -576 -64 ) (-1408 -576 0 ) 
4 985 987 (-1456 -256 0 ) (-1456 -256 -64 ) (-1456 -576 -64 ) (-1456 -576 0 ) 
4 986 990 (-1408 -1024 92 ) (-1456 -1024 92 ) (-1456 -1024 -64 ) (-1408 -1024 -64 ) 
4 986 988 (-1408 -576 -64 ) (-1408 -1024 -64 ) (-1456 -1024 -64 ) (-1456 -576 -64 ) 
4 986 987 (-1456 -576 -64 ) (-1456 -1024 -64 ) (-1456 -1024 92 ) (-1456 -576 92 ) 
4 987 990 (-1456 -1024 92 ) (-2048 -1024 92 ) (-2048 -1024 -64 ) (-1456 -1024 -64 ) 
4 987 989 (-2048 -256 -64 ) (-2048 -1024 -64 ) (-2048 -1024 92 ) (-2048 -256 92 ) 
4 987 988 (-2048 -1024 -64 ) (-2048 -256 -64 ) (-1456 -256 -64 ) (-1456 -1024 -64 ) 
4 988 990 (-1024 -1024 -1504 ) (-1024 -1024 -64 ) (-2048 -1024 -64 ) (-2048 -1024 -1504 ) 
4 988 989 (-2048 0 -64 ) (-2048 0 -1504 ) (-2048 -1024 -1504 ) (-2048 -1024 -64 ) 
4 989 998 (-3072 0 2784 ) (-3072 0 -1504 ) (-3072 -1024 -1504 ) (-3072 -1024 2784 ) 
4 989 991 (-2048 -1024 -1504 ) (-2048 -1024 2784 ) (-3072 -1024 2784 ) (-3072 -1024 -1504 ) 
4 990 993 (-1024 -2048 -1504 ) (-1024 -2048 2784 ) (-2048 -2048 2784 ) (-2048 -2048 -1504 ) 
4 990 991 (-2048 -1024 2784 ) (-2048 -1024 -1504 ) (-2048 -2048 -1504 ) (-2048 -2048 2784 ) 
4 991 999 (-3072 -2048 -1504 ) (-3072 -2048 2784 ) (-3072 -1024 2784 ) (-3072 -1024 -1504 ) 
4 991 994 (-2048 -2048 -1504 ) (-2048 -2048 2784 ) (-3072 -2048 2784 ) (-3072 -2048 -1504 ) 
4 992 995 (0 -3072 -1504 ) (0 -3072 2784 ) (-1024 -3072 2784 ) (-1024 -3072 -1504 ) 
4 992 993 (-1024 -3072 -1504 ) (-1024 -3072 2784 ) (-1024 -2048 2784 ) (-1024 -2048 -1504 ) 
4 993 996 (-1024 -3072 -1504 ) (-1024 -3072 2784 ) (-2048 -3072 2784 ) (-2048 -3072 -1504 ) 
4 993 994 (-2048 -2048 2784 ) (-2048 -2048 -1504 ) (-2048 -3072 -1504 ) (-2048 -3072 2784 ) 
4 994 1002 (-3072 -3072 -1504 ) (-3072 -3072 2784 ) (-3072 -2048 2784 ) (-3072 -2048 -1504 ) 
4 994 997 (-3072 -3072 2784 ) (-3072 -3072 -1504 ) (-2048 -3072 -1504 ) (-2048 -3072 2784 ) 
4 995 996 (-1024 -3072 2784 ) (-1024 -3072 -1504 ) (-1024 -4064 -1504 ) (-1024 -4064 2784 ) 
4 996 997 (-2048 -3072 2784 ) (-2048 -3072 -1504 ) (-2048 -4064 -1504 ) (-2048 -4064 2784 ) 
4 997 1004 (-3072 -4064 2784 ) (-3072 -3072 2784 ) (-3072 -3072 -1504 ) (-3072 -4064 -1504 ) 
4 998 1000 (-4096 0 2784 ) (-4096 0 -1504 ) (-4096 -1024 -1504 ) (-4096 -1024 2784 ) 
4 998 999 (-3072 -1024 -1504 ) (-3072 -1024 2784 ) (-4096 -1024 2784 ) (-4096 -1024 -1504 ) 
4 999 1002 (-3072 -2048 -1504 ) (-3072 -2048 2784 ) (-4096 -2048 2784 ) (-4096 -2048 -1504 ) 
4 999 1001 (-4096 -2048 -1504 ) (-4096 -2048 2784 ) (-4096 -1024 2784 ) (-4096 -1024 -1504 ) 
4 1000 1001 (-4096 -1024 -1504 ) (-4096 -1024 2784 ) (-4320 -1024 2784 ) (-4320 -1024 -1504 ) 
4 1001 1003 (-4096 -2048 -1504 ) (-4096 -2048 2784 ) (-4320 -2048 2784 ) (-4320 -2048 -1504 ) 
4 1002 1004 (-3072 -3072 -1504 ) (-3072 -3072 2784 ) (-4096 -3072 2784 ) (-4096 -3072 -1504 ) 
4 1002 1003 (-4096 -3072 -1504 ) (-4096 -3072 2784 ) (-4096 -2048 2784 ) (-4096 -2048 -1504 ) 
4 1003 1005 (-4096 -3072 -1504 ) (-4096 -3072 2784 ) (-4320 -3072 2784 ) (-4320 -3072 -1504 ) 
4 1004 1005 (-4096 -3072 2784 ) (-4096 -3072 -1504 ) (-4096 -4064 -1504 ) (-4096 -4064 2784 ) 
